hub,cnpj_basico,razao_social,segmento,situacao,tipo_empresa
@3rcontabilidade-al.com.br,24243925,UNIODONTO MACEIO-COOPERATIVA ODONTOLOGICA,Planos de saúde,Ativo,Não indústria
@3rcontabilidade-al.com.br,31518231,"INSTITUTO DE GERIATRIA, REABILITACAO E SAUDE LTDA",Atividade médica ambulatorial restrita a consultas,Ativo,Não indústria
@3rcontabilidade-al.com.br,36899179,KUNLATEK - COOPERATIVA DE TRABALHO PARA PLANEJAMENTO E DESENVOLVIMENTO DE SISTEMAS,Informacao e comunicacao,Sem compra,Indústria
@3rcontabilidade-al.com.br,42632454,COOPERATIVA DE TRABALHO DE COSTUREIRAS DE ATALAIA-INOVARTE LTDA,Industria de transformacao,Sem compra,Indústria
@3rcontabilidade-al.com.br,45262691,COOPERATIVA DE TRABALHO DOS PROFISSIONAIS DA ASSEMBLEIA DE DEUS EM SATUBA,Industria de transformacao,Sem compra,Indústria
@3rcontabilidade-al.com.br,45426736,COOPERATIVA DE TRABALHO DE CAJUEIRO,Industria de transformacao,Sem compra,Indústria
@3rcontabilidade-al.com.br,23585230,ANNY KALLYNY DE MELO SKY LTDA,Construcao,Sem compra,Indústria
@3rcontabilidade-al.com.br,27754189,SOMA ENGENHARIA DE PROJETOS LTDA,Construcao,Sem compra,Indústria
@3rcontabilidade-al.com.br,30284070,TM UNION ENGENHARIA E CONSTRUCOES LTDA,Construcao,Sem compra,Indústria
@3rcontabilidade-al.com.br,34535332,FRANCISCO DE SOUZA FERRAZ,Atividades profissionais e tecnicas,Sem compra,Indústria
@3rcontabilidade-al.com.br,41698324,AC ENERGIA LTDA,Construcao,Sem compra,Indústria
@3rcontabilidade-al.com.br,42205662,PIMENTEL SANEAMENTO - ESTUDOS E PROJETOS EM ENGENHARIA LTDA,Atividades profissionais e tecnicas,Sem compra,Indústria
@3rcontabilidade-al.com.br,43963262,TL INDUSTRIA DE ARTEFATOS DE CONCRETO LTDA,Industria de transformacao,Sem compra,Indústria
@3rcontabilidade-al.com.br,46737629,SOLAR INFINITY LTDA,Construcao,Sem compra,Indústria
@3rcontabilidade-al.com.br,46828668,TM UNION CONSTRUTORA LTDA,Construcao,Sem compra,Indústria
@3rcontabilidade-al.com.br,54769020,CL ENGENHARIA E CONSULTORIA LTDA,Construcao,Sem compra,Indústria
@3rcontabilidade-al.com.br,19028495,SAMPAIO ENGENHARIA LTDA,Construcao,Sem compra,Indústria
@3rcontabilidade-al.com.br,02580392,COOPERATIVA DOS INSTRUMENTADORES CIRURGICOS DO ESTADO DE ALAGOAS LTDA,Atividades de profissionais da área de saúde não especificadas anteriormente,Sem compra,Não indústria
@3rcontabilidade-al.com.br,13845665,MB ODONTOLOGIA LTDA,Atividade odontológica,Sem compra,Não indústria
@3rcontabilidade-al.com.br,15079873,SAUDE E SERVICOS OCUPACIONAIS LTDA,Atividade médica ambulatorial com recursos para realização de exames complementares,Sem compra,Não indústria
@3rcontabilidade-al.com.br,15494434,MELO & CRUZ CUIDADOS EM SAUDE LTDA,Atividades de fornecimento de infra-estrutura de apoio e assistência a paciente no domicílio,Sem compra,Não indústria
@3rcontabilidade-al.com.br,15550741,ESGP SERVICOS LTDA,"Serviços combinados para apoio a edifícios, exceto condomínios prediais",Sem compra,Não indústria
@3rcontabilidade-al.com.br,18472394,COOPERATIVA AGROPECUARIA DE ALAGOAS,Atividades de apoio à agricultura não especificadas anteriormente,Sem compra,Não indústria
@3rcontabilidade-al.com.br,18955348,RAFAELA PIMENTEL DE ARAUJO ODONTOLOGIA LTDA,Atividade odontológica,Sem compra,Não indústria
@3rcontabilidade-al.com.br,21494821,ESPACO CASE COMERCIO DE EQUIPAMENTOS DE TELEFONIA LTDA,Comércio varejista especializado de equipamentos de telefonia e comunicação,Sem compra,Não indústria
@3rcontabilidade-al.com.br,24659986,ITALO MARCELO DO REGO NASCIMENTO UROLOGISTA LTDA,Atividade médica ambulatorial com recursos para realização de procedimentos cirúrgicos,Sem compra,Não indústria
@3rcontabilidade-al.com.br,27946418,COMVIVER ASSISTENCIA EM SAUDE LTDA,Atividade médica ambulatorial restrita a consultas,Sem compra,Não indústria
@3rcontabilidade-al.com.br,31619973,COOPERATIVA DOS TRANSPORTADORES DE PASSAGEIROS DE ALAGOAS - COOTRANSP,"Transporte rodoviário de carga, exceto produtos perigosos e mudanças, intermunicipal, interestadual e internacional",Sem compra,Não indústria
@3rcontabilidade-al.com.br,35896793,DRA WANESSA TENORIO REABILITACAO ORAL LTDA,Atividade odontológica,Sem compra,Não indústria
@3rcontabilidade-al.com.br,36949567,MJS BRASAO GALETERIA LTDA,Fornecimento de alimentos preparados preponderantemente para consumo domiciliar,Sem compra,Não indústria
@3rcontabilidade-al.com.br,40487471,FISIOCENTER - CENTRO DE FISIOTERAPIA E REABILITACAO INTEGRADA LTDA,Atividades de fisioterapia,Sem compra,Não indústria
@3rcontabilidade-al.com.br,40922874,3R CONSULTORIA E ASSESSORIA CONTABIL LTDA,Atividades de contabilidade,Sem compra,Não indústria
@3rcontabilidade-al.com.br,42030294,SOMED SAUDE E SEGURANCA NO TRABALHO LTDA,Serviços de perícia técnica relacionados à segurança do trabalho,Sem compra,Não indústria
@3rcontabilidade-al.com.br,42109135,COOPERATIVA DE TRABALHO MAIS CUIDADOS SERVICOS EM SAUDE,Atividades de enfermagem,Sem compra,Não indústria
@3rcontabilidade-al.com.br,42685809,DROGARIAS LIRA LTDA,"Comércio varejista de produtos farmacêuticos, sem manipulação de fórmulas",Sem compra,Não indústria
@3rcontabilidade-al.com.br,42908591,COOPERATIVA AGROPECUARIA DE JACUIPE LTDA,Atividades de apoio à agricultura não especificadas anteriormente,Sem compra,Não indústria
@3rcontabilidade-al.com.br,43561708,COOPERATIVA DE TRABALHO UNICUIDAR MACEIO,Atividades de enfermagem,Sem compra,Não indústria
@3rcontabilidade-al.com.br,43579510,"I.A.N. INSTITUTO AVANCADO DE NEUROCIENCIA,CLINICA MEDICA & PSICOSSOCIAL LTDA",Atividade médica ambulatorial restrita a consultas,Sem compra,Não indústria
@3rcontabilidade-al.com.br,44085732,OLIVEIRA E CAVALCANTE SERVICOS EM SAUDE LTDA,Atividade médica ambulatorial restrita a consultas,Sem compra,Não indústria
@3rcontabilidade-al.com.br,44454748,LEITE PITREZ LTDA,Comércio varejista de bebidas,Sem compra,Não indústria
@3rcontabilidade-al.com.br,45313106,ESPACO DE EVENTOS AVIV BEACH CLUB LTDA,Casas de festas e eventos,Sem compra,Não indústria
@3rcontabilidade-al.com.br,45923393,"DONO DA MARCA ASSESSORIA, CONSULTORIA TECNICA E ADMINISTRADORA DE EMPREENDIMENTOS LTDA",Agente de propriedade industrial,Sem compra,Não indústria
@3rcontabilidade-al.com.br,46224049,DENTALI SAUDE E ODONTOLOGIA INTEGRADA LTDA,Atividade odontológica,Sem compra,Não indústria
@3rcontabilidade-al.com.br,46343700,A T F PEDROSA LTDA,Fornecimento de alimentos preparados preponderantemente para consumo domiciliar,Sem compra,Não indústria
@3rcontabilidade-al.com.br,49464550,SOMA TREINAMENTOS ONLINE LTDA,Treinamento em desenvolvimento profissional e gerencial,Sem compra,Não indústria
@3rcontabilidade-al.com.br,50046264,R C ALUGUEIS LTDA,Aluguel de imóveis próprios,Sem compra,Não indústria
@3rcontabilidade-al.com.br,52468254,COOPERATIVA DOS AGRICULTORES FAMILIARES E REMANESCENTES QUILOMBOLAS DO BAIXO SAO FRANCISCO,Atividades de apoio à agricultura não especificadas anteriormente,Sem compra,Não indústria
@3rcontabilidade-al.com.br,54580905,MELO GESTAO DE CONDOMINIOS E SERVICOS LTDA,Gestão e administração da propriedade imobiliária,Sem compra,Não indústria
@3rcontabilidade-al.com.br,54580994,LABORATORIO SANTA ESMERALDA LTDA,Laboratórios clínicos,Sem compra,Não indústria
@3rcontabilidade-al.com.br,55314384,GOES & LOUREIRO LTDA,"Comércio varejista de produtos farmacêuticos, sem manipulação de fórmulas",Sem compra,Não indústria
@3rcontabilidade-al.com.br,58715481,COOPERATIVA DE TRABALHO VIDA CONECTA,Atividade médica ambulatorial restrita a consultas,Sem compra,Não indústria
@3rcontabilidade-al.com.br,59625259,COOPERATIVA DE TRABALHO APC CURSOS E ATENDIMENTO EM SAUDE,Atividade odontológica,Sem compra,Não indústria
@3rcontabilidade-al.com.br,61641044,DS TRANSPORTE LTDA,Agências de viagens,Sem compra,Não indústria
@3rcontabilidade-al.com.br,61696429,TITANIUM FITNESS LTDA,Atividades de condicionamento físico,Sem compra,Não indústria
@3rcontabilidade-al.com.br,70198478,AVELMAR TRANSPORTES LTDA,"Transporte rodoviário de carga, exceto produtos perigosos e mudanças, intermunicipal, interestadual e internacional",Sem compra,Não indústria
@adcolconsultoria.com.br,24736262,J W P DE GOUVEIA,Industria de transformacao,Ativo,Indústria
@adcolconsultoria.com.br,17336019,AUTO POSTO VELOZ LTDA,Comércio varejista de combustíveis para veículos automotores,Ativo,Não indústria
@adcolconsultoria.com.br,25422019,BELLO GUSTO COMERCIO DE ALIMENTOS LTDA,Restaurantes e similares,Ativo,Não indústria
@adcolconsultoria.com.br,11942073,R L EQUIPAMENTOS DE COMBATE A INCENDIO LTDA,Construcao,Sem compra,Indústria
@adcolconsultoria.com.br,39980101,LAGOMAR EMPREENDIMENTO E EXPANSAO URBANA SPE LTDA,Construcao,Sem compra,Indústria
@adcolconsultoria.com.br,10325759,B R MARIANO LOCACOES LTDA,Construcao,Sem compra,Indústria
@adcolconsultoria.com.br,39769764,ANNE KELLY DA SILVA AMORIM 05532731403,Industria de transformacao,Sem compra,Indústria
@adcolconsultoria.com.br,02810692,BCOM DISTRIBUIDORA LTDA,Comércio varejista de materiais de construção em geral,Sem compra,Não indústria
@adcolconsultoria.com.br,09077197,AUTO POSTO TRAPICHAO LTDA,Comércio varejista de combustíveis para veículos automotores,Sem compra,Não indústria
@adcolconsultoria.com.br,12519708,VIP'S EMPREENDIMENTOS TURISTICOS DE ALAGOAS LTDA.,Motéis,Sem compra,Não indústria
@adcolconsultoria.com.br,13529765,TONALI GESTAO LTDA,Outras atividades de prestação de serviços de informação não especificadas anteriormente,Sem compra,Não indústria
@adcolconsultoria.com.br,16919955,COMPLIANCE SERVICOS E PARTIPACOES LTDA,"Atividades de intermediação e agenciamento de serviços e negócios em geral, exceto imobiliários",Sem compra,Não indústria
@adcolconsultoria.com.br,20838676,POSTO ECOLOGICO COMERCIO DE COMBUSTIVEIS LTDA,Comércio varejista de combustíveis para veículos automotores,Sem compra,Não indústria
@adcolconsultoria.com.br,22371853,DAMASO REPRESENTACOES LTDA,"Representantes comerciais e agentes do comércio de medicamentos, cosméticos e produtos de perfumaria",Sem compra,Não indústria
@adcolconsultoria.com.br,24867221,PEDRO PAULO DE AQUINO LUZ JUNIOR LTDA,"Outras atividades profissionais, científicas e técnicas não especificadas anteriormente",Sem compra,Não indústria
@adcolconsultoria.com.br,40148098,T L A SERVICOS CONSULTORIA DO BRASIL LTDA,Serviços de reservas e outros serviços de turismo não especificados anteriormente,Sem compra,Não indústria
@adcolconsultoria.com.br,41702860,MWA NEGOCIOS E INVESTIMENTOS LTDA,Corretagem na compra e venda e avaliação de imóveis,Sem compra,Não indústria
@adcolconsultoria.com.br,55230212,JLPM HOTEL BOUTIQUE LTDA,Hotéis,Sem compra,Não indústria
@airancontabil.com.br,12488586,NOVO JARDIM EMPREENDIMENTOS LTDA,Construcao,Sem compra,Indústria
@airancontabil.com.br,22028884,H5 ENGENHARIA LTDA,Construcao,Sem compra,Indústria
@airancontabil.com.br,46411353,FACILIT EDIFICACOES LTDA,Construcao,Sem compra,Indústria
@airancontabil.com.br,58422211,CONSTRUTORA IRMAOS LTDA,Construcao,Sem compra,Indústria
@airancontabil.com.br,15497932,J. RICARDO INCORPORACOES IMOBILIARIAS LTDA,Construcao,Sem compra,Indústria
@airancontabil.com.br,13896497,FL IMOBILIARIA LTDA,Corretagem na compra e venda e avaliação de imóveis,Sem compra,Não indústria
@airancontabil.com.br,16675157,LABORATORIO DR. JOSE MENDES LTDA,Laboratórios clínicos,Sem compra,Não indústria
@alliancecompany.com.br,24252447,TEKNOL ELETRONICA INDUSTRIAL LTDA,Industria de transformacao,Ativo,Indústria
@alliancecompany.com.br,28094113,KOITI ODA LTDA,Industria de transformacao,Sem compra,Indústria
@alliancecompany.com.br,07347717,FORMULA EMPREENDIMENTOS LTDA,Industria de transformacao,Sem compra,Indústria
@alliancecompany.com.br,05327899,RINGFIX INDUSTRIA E COMERCIO DE PREGOS ESPECIAIS E ACESSORIOS LTDA,Industria de transformacao,Sem compra,Indústria
@alliancecompany.com.br,04802487,GESTAO DE PESSOAS E PLANEJAMENTO EMPRESARIAL LTDA,Outras atividades de serviços prestados principalmente às empresas não especificadas anteriormente,Sem compra,Não indústria
@alliancecompany.com.br,06236754,ALLIANCE CONTABILIDADE E GESTAO TRIBUTARIA LTDA,Atividades de contabilidade,Sem compra,Não indústria
@alliancecompany.com.br,17250335,ELLO CONSULTORIA GESTAO E PARTICIPACOES LTDA,"Atividades de consultoria em gestão empresarial, exceto consultoria técnica específica",Sem compra,Não indústria
@alliancecompany.com.br,22378918,CARE ADMINISTRADORA LTDA,Atividades de cobranças e informações cadastrais,Sem compra,Não indústria
@alliancecompany.com.br,26843150,CHEILA DE MOURA BASTOS LTDA,"Atividades de consultoria em gestão empresarial, exceto consultoria técnica específica",Sem compra,Não indústria
@alliancecompany.com.br,26852151,FG COMERCIO REPRESENTACOES DE FRIOS LTDA,Comércio varejista de laticínios e frios,Sem compra,Não indústria
@alliancecompany.com.br,30406963,CONCEITO EDUCACIONAL E COMERCIAL LTDA,Comércio varejista de livros,Sem compra,Não indústria
@alliancecompany.com.br,31019430,PENEDO ENSINO SUPERIOR LTDA,Educação superior - graduação,Sem compra,Não indústria
@alliancecompany.com.br,36640387,LINK CONSULTORIA E TECNOLOGIA LTDA,Serviços combinados de escritório e apoio administrativo,Sem compra,Não indústria
@alliancecompany.com.br,62823277,ALLIANCEMED CONTABILIDADE E GESTAO TRIBUTARIA LTDA,Atividades de contabilidade,Sem compra,Não indústria
@alliancecompany.com.br,65583661,CELESTIUM MEMORIAL TECNOLOGIA E MEMORIA DIGITAL LTDA,"Portais, provedores de conteúdo e outros serviços de informação na internet",Sem compra,Não indústria
@almaycontadores.com.br,18246958,CONSTRUTORA TOLEDO CABRAL LTDA,Construcao,Ativo,Indústria
@almaycontadores.com.br,11120660,ENOR - ESTALEIRO NORDESTE S.A.,Industria de transformacao,Sem compra,Indústria
@almaycontadores.com.br,13837700,ALQUIMICA - ALAGOAS QUIMICA LTDA,Industria de transformacao,Sem compra,Indústria
@almaycontadores.com.br,04535695,ALMAY CONTADORES ASSOCIADOS LTDA,Atividades de contabilidade,Sem compra,Não indústria
@almaycontadores.com.br,06901844,LABORATORIO HORMONAL FATIMA CUNHA S/S LTDA,Laboratórios clínicos,Sem compra,Não indústria
@almaycontadores.com.br,11071101,GIORNATTA COMERCIO DE VESTUARIOS LTDA,Comércio varejista de artigos do vestuário e acessórios,Sem compra,Não indústria
@almaycontadores.com.br,12423939,PRIMO S COMERCIO DE VESTUARIOS LTDA,Comércio varejista de artigos do vestuário e acessórios,Sem compra,Não indústria
@almaycontadores.com.br,13449783,JAC MOTORS MACEIO LTDA - EM RECUPERACAO JUDICIAL,"Comércio a varejo de automóveis, camionetas e utilitários novos",Sem compra,Não indústria
@almaycontadores.com.br,49032622,ALMAY CONTABILIDADE LTDA,Atividades de contabilidade,Sem compra,Não indústria
@almaycontadores.com.br,96499587,AMIGO PRODUCOES FONOGRAFICAS S/S LTDA,Serviços de mixagem sonora em produção audiovisual,Sem compra,Não indústria
@almeidasolucoescontabeis.com,30711514,CAUNA ECOINDUSTRIA LTDA,Industria de transformacao,Sem compra,Indústria
@almeidasolucoescontabeis.com,47146978,Y C G SILVA LTDA,Atividades profissionais e tecnicas,Sem compra,Indústria
@almeidasolucoescontabeis.com,49858518,49.858.518 EDJILSON ANTONIO DOS SANTOS,Comercio e reparacao de veiculos,Sem compra,Indústria
@almeidasolucoescontabeis.com,28842999,FLD COMERCIO DE CALCADOS E ACESSORIOS LTDA,Comércio varejista de calçados,Sem compra,Não indústria
@almeidasolucoescontabeis.com,67683266,R G CRUZ TRANSPORTES,"Transporte rodoviário de carga, exceto produtos perigosos e mudanças, intermunicipal, interestadual e internacional",Sem compra,Não indústria
@almirferragens.com,23371374,MKA EMPREENDIMENTOS IMOBILIARIOS LTDA,Construcao,Sem compra,Indústria
@almirferragens.com,41565685,INDUSTRIA DE PRE MOLDADOS LTDA,Industria de transformacao,Sem compra,Indústria
@almirferragens.com,00407959,ALMIR R DA SILVA LTDA,Comércio varejista de materiais de construção em geral,Sem compra,Não indústria
@almirferragens.com,17616272,OLIVEIRA COM. DE CONSTRUCOES E HOME CENTER LTDA,Comércio varejista de materiais de construção em geral,Sem compra,Não indústria
@almirferragens.com,29261608,OLIVEIRA & SILVA DISTRIBUIDORA E IMPORTADORA LTDA,Comércio atacadista de materiais de construção em geral,Sem compra,Não indústria
@almirferragens.com,37187284,MKA TRANSPORTADORA LTDA,"Transporte rodoviário de carga, exceto produtos perigosos e mudanças, intermunicipal, interestadual e internacional",Sem compra,Não indústria
@amarantehoteis.com.br,07811608,SOL SALINAS HOTELARIA E SERVICOS LTDA.,Hotéis,Ativo,Não indústria
@amarantehoteis.com.br,09276932,HOTEIS SALINAS S/A,Hotéis,Ativo,Não indústria
@amarantehoteis.com.br,17022762,JAPARATINGA RESORT S.A.,Hotéis,Ativo,Não indústria
@amarantehoteis.com.br,04684236,AIR INVESTIMENTS CORPORATION BRASIL LTDA,Hotéis,Sem compra,Não indústria
@amarantehoteis.com.br,12630679,MARCOL MARAGOGI COMBUSTIVEL LTDA,Comércio varejista de combustíveis para veículos automotores,Sem compra,Não indústria
@amarantehoteis.com.br,21800241,MV4 SERVICOS DE HOSPITALIDADE LTDA.,Hotéis,Sem compra,Não indústria
@amarantehoteis.com.br,45879348,LAGES EXCLUSIVE RESORT LTDA,Hotéis,Sem compra,Não indústria
@amarantehoteis.com.br,53768142,AMARANTE SHOP LTDA.,Comércio varejista de artigos do vestuário e acessórios,Sem compra,Não indústria
@amarantehoteis.com.br,57613258,AMARANTE VIAGENS LTDA.,Agências de viagens,Sem compra,Não indústria
@ambientispar.com.br,10590725,URCD ILHA GRANDE COMERCIO SERVICOS E CONSTRUCAO S.A,"Agua, esgoto e residuos",Ativo,Indústria
@ambientispar.com.br,20815180,AGRESTE AMBIENTAL LTDA,"Agua, esgoto e residuos",Inativo,Indústria
@ambientispar.com.br,54269619,CGS ALAGOAS ENERGIA LTDA.,Eletricidade e gas,Sem compra,Indústria
@ambientispar.com.br,17042080,PMB ADMINISTRACAO E PARTICIPACOES LTDA,"Atividades de consultoria em gestão empresarial, exceto consultoria técnica específica",Sem compra,Não indústria
@ambientispar.com.br,17090311,ATS INVESTIMENTOS E PARTICIPACOES S/A,"Atividades de consultoria em gestão empresarial, exceto consultoria técnica específica",Sem compra,Não indústria
@ambientispar.com.br,17090350,PMS INVESTIMENTOS E PARTICIPACOES S/A,"Atividades de consultoria em gestão empresarial, exceto consultoria técnica específica",Sem compra,Não indústria
@ambientispar.com.br,17678767,LPM CONSULT SERVICOS TECNICOS S/A,"Atividades de consultoria em gestão empresarial, exceto consultoria técnica específica",Sem compra,Não indústria
@ambientispar.com.br,22855478,EGP  -  EMPRESA DE GESTAO E PARTICIPACOES  LTDA,"Atividades de consultoria em gestão empresarial, exceto consultoria técnica específica",Sem compra,Não indústria
@ambientispar.com.br,22856227,RIT  -  EMPRESA DE PARTICIPACOES  LTDA,"Atividades de consultoria em gestão empresarial, exceto consultoria técnica específica",Sem compra,Não indústria
@ambientispar.com.br,22939461,PROSPER EMPREENDIMENTOS E PARTICIPACOES  LTDA,"Atividades de consultoria em gestão empresarial, exceto consultoria técnica específica",Sem compra,Não indústria
@ambientispar.com.br,23036790,HBM INVESTIMENTOS E PARTICIPACOES LTDA,Compra e venda de imóveis próprios,Sem compra,Não indústria
@ambientispar.com.br,23724874,BQAJ GESTAO E ADMINISTRACAO EMPRESARIAL LTDA,"Atividades de consultoria em gestão empresarial, exceto consultoria técnica específica",Sem compra,Não indústria
@amorsaude.com,30862261,AMOR SAUDE ARAPIRACA LTDA,Serviços combinados de escritório e apoio administrativo,Sem compra,Não indústria
@amorsaude.com,31570751,CLINICA MEDICA E ODONTOLOGICA LTDA,Atividade médica ambulatorial com recursos para realização de exames complementares,Sem compra,Não indústria
@amorsaude.com,40731255,CLINICA MEDICA E ODONTOLOGICA NORTE LTDA,Atividade médica ambulatorial com recursos para realização de exames complementares,Sem compra,Não indústria
@amorsaude.com,57677469,AMOR SAUDE PALMEIRA DOS INDIOS LTDA,Serviços combinados de escritório e apoio administrativo,Sem compra,Não indústria
@amorsaude.com,60746711,AMOR SAUDE PALMEIRA LTDA,Serviços combinados de escritório e apoio administrativo,Sem compra,Não indústria
@analisecontabil.cnt.br,26058879,AB INDUSTRIA METALURGICA E COMERCIO LTDA,Industria de transformacao,Ativo,Indústria
@analisecontabil.cnt.br,08763404,NEUZETE DOMINGOS SILVA PINHEIRO LTDA,Atividades de contabilidade,Ativo,Não indústria
@analisecontabil.cnt.br,12651098,INDUSTRIA ALAGOANA DE PORTAS LTDA,Industria de transformacao,Sem compra,Indústria
@analisecontabil.cnt.br,11449511,ACO BOMPRECO COMERCIAL LTDA,Comércio atacadista de ferragens e ferramentas,Sem compra,Não indústria
@analisecontabil.cnt.br,12348655,BONANCA ALIMENTOS E CONSTRUCOES LTDA,"Comércio varejista de mercadorias em geral, com predominância de produtos alimentícios - minimercados, mercearias e armazéns",Sem compra,Não indústria
@analisecontabil.cnt.br,40578807,ANALISE ADMINISTRADORA EMPRESARIAL LTDA,Serviços combinados de escritório e apoio administrativo,Sem compra,Não indústria
@analisecontabil.cnt.br,41521841,ANALISE SOLUCOES EMPRESARIAIS LTDA,Serviços combinados de escritório e apoio administrativo,Sem compra,Não indústria
@analisecontabil.cnt.br,44432729,COMERCIAL ATACADISTA DE ACO E FERRO LTDA,Comércio atacadista de ferragens e ferramentas,Sem compra,Não indústria
@analisecontabil.cnt.br,69977502,MV PNEUS LTDA,Comércio a varejo de pneumáticos e câmaras-de-ar,Sem compra,Não indústria
@analisegroup.cnt.br,04318074,INDUSTRIA DE MOVEIS SANDES LTDA,Industria de transformacao,Sem compra,Indústria
@analisegroup.cnt.br,07536029,WILDSON XAVIER DA SILVA LTDA,Industria de transformacao,Sem compra,Indústria
@analisegroup.cnt.br,22897688,D S LINS VAREJISTA,"Comércio varejista de mercadorias em geral, com predominância de produtos alimentícios - minimercados, mercearias e armazéns",Sem compra,Não indústria
@analisegroup.cnt.br,29151402,J V A DISTRIBUIDORA DE ALIMENTOS LTDA,Comércio atacadista de produtos alimentícios em geral,Sem compra,Não indústria
@analisegroup.cnt.br,43663474,MELISSIA C HARDY LTDA,Comércio varejista de artigos do vestuário e acessórios,Sem compra,Não indústria
@analisegroup.cnt.br,53930552,ALIANCA ATACADO LTDA,"Comércio varejista de mercadorias em geral, com predominância de produtos alimentícios - supermercados",Sem compra,Não indústria
@analisegroup.cnt.br,60978493,CEPAN EQUIPAMENTOS PARA GASTRONOMIA LTDA,Comércio atacadista de equipamentos elétricos de uso pessoal e doméstico,Sem compra,Não indústria
@analisegroup.cnt.br,66030755,INSTITUTO SILVA & DINA,Albergues assistenciais,Sem compra,Não indústria
@argamassasanttafe.com.br,06005047,F DE A S BARBOSA LTDA,Industria de transformacao,Inativo,Indústria
@argamassasanttafe.com.br,59442737,BARBOSA COMERCIO E SERVICOS LTDA,Comércio varejista de materiais de construção não especificados anteriormente,Sem compra,Não indústria
@argamassasanttafe.com.br,59442899,SARMENTO COMERCIO E SERVICOS LTDA,Comércio varejista de materiais de construção não especificados anteriormente,Sem compra,Não indústria
@argamassasanttafe.com.br,59443078,ALBUQUERQUE COMERCIO E SERVICOS LTDA,Comércio varejista de materiais de construção não especificados anteriormente,Sem compra,Não indústria
@argamassasanttafe.com.br,59501184,KA COMERCIO E SERVICOS LTDA,Comércio varejista de materiais de construção não especificados anteriormente,Sem compra,Não indústria
@ascontec.cnt.br,06065424,CARDAN MACEIO PECAS E SERVICOS LTDA,Comércio a varejo de peças e acessórios novos para veículos automotores,Sem compra,Não indústria
@ascontec.cnt.br,06314104,A C D V SERVICOS MEDICOS LTDA,Atividade médica ambulatorial com recursos para realização de exames complementares,Sem compra,Não indústria
@ascontec.cnt.br,11296624,EHMMJ SERVICOS MEDICOS LTDA,"Serviços de diagnóstico por imagem sem uso de radiação ionizante, exceto ressonância magnética",Sem compra,Não indústria
@ascontec.cnt.br,11364777,MEGAIMAGEM LTDA,"Serviços de diagnóstico por imagem sem uso de radiação ionizante, exceto ressonância magnética",Sem compra,Não indústria
@ascontec.cnt.br,12297765,D V ARAUJO ALIMENTOS LTDA,"Comércio varejista de mercadorias em geral, com predominância de produtos alimentícios - minimercados, mercearias e armazéns",Sem compra,Não indústria
@ascontec.cnt.br,12341870,LIMA & ANGELO LTDA,Comércio varejista de produtos saneantes domissanitários,Sem compra,Não indústria
@ascontec.cnt.br,13472711,ASCONTEC ASSESSORIA E CONTABILIDADE TECNICA LTDA,Atividades de contabilidade,Sem compra,Não indústria
@ascontec.cnt.br,21152007,M Z R AMORIM COM MAT CONSTRUCAO LTDA,Comércio varejista de materiais de construção em geral,Sem compra,Não indústria
@ascontec.cnt.br,27613714,C G LINS MERCADINHO,"Comércio varejista de mercadorias em geral, com predominância de produtos alimentícios - minimercados, mercearias e armazéns",Sem compra,Não indústria
@ascontec.cnt.br,47258960,ARMAZEM DO CIMENTO LTDA,Comércio varejista de materiais de construção em geral,Sem compra,Não indústria
@assertivasc.com.br,39813810,QUINAS ARQUITETURA E ENGENHARIA LTDA,Construcao,Ativo,Indústria
@assertivasc.com.br,14340980,NATALIA C C MALTA LTDA,Industria de transformacao,Sem compra,Indústria
@assertivasc.com.br,32293914,TENORIO & CIA LTDA,Atividades profissionais e tecnicas,Sem compra,Indústria
@assertivasc.com.br,32224737,J R PNEUS E SERVICOS LTDA,Comércio a varejo de pneumáticos e câmaras-de-ar,Sem compra,Não indústria
@assertivasc.com.br,61293997,SERVIMATEC REFRIGERACAO COMERCIO E SERVICOS TECNICOS LTDA,"Comércio varejista especializado de peças e acessórios para aparelhos eletroeletrônicos para uso doméstico, exceto informática e comunicação",Sem compra,Não indústria
@astecaweb.com.br,42270722,BBA - TEXTIL BRASIL LTDA,Industria de transformacao,Ativo,Indústria
@astecaweb.com.br,49789422,IMPERIO CAR LTDA,Comercio e reparacao de veiculos,Sem compra,Indústria
@astecaweb.com.br,12967998,PAULA MOVEIS LTDA,Comércio varejista de móveis,Sem compra,Não indústria
@astecaweb.com.br,18480853,CENTRO DE DIAGNOSTICO DE CORURIPE LTDA,Atividade médica ambulatorial com recursos para realização de procedimentos cirúrgicos,Sem compra,Não indústria
@astecaweb.com.br,45576042,ZDA AUTOS E TRUCKS LTDA,"Comércio a varejo de automóveis, camionetas e utilitários usados",Sem compra,Não indústria
@astecaweb.com.br,48816897,IMPERADOR DAS MAQUINAS LTDA,"Aluguel de máquinas e equipamentos para construção sem operador, exceto andaimes",Sem compra,Não indústria
@astecaweb.com.br,66869457,LAST IAR TECH LTDA,Desenvolvimento e licenciamento de programas de computador customizáveis,Sem compra,Não indústria
@atributcontabilidade.com,38010440,BRISAS DA NATUREZA EMPREENDIMENTO IMOBILIARIO - SPE LTDA,Construcao,Sem compra,Indústria
@atributcontabilidade.com,45372045,OLIVEIRA EMPREENDIMENTOS SPE LTDA,Construcao,Sem compra,Indústria
@atributcontabilidade.com,32167040,G. S. DE LIMA,Construcao,Sem compra,Indústria
@atributcontabilidade.com,01478717,P V SUPERMERCADO LTDA,"Comércio varejista de mercadorias em geral, com predominância de produtos alimentícios - supermercados",Sem compra,Não indústria
@atributcontabilidade.com,05470488,"JIREH DISTRIBUIDORA E VAREJISTA EM AR CONDICIONADO, PECAS E ACESSORIOS LTDA",Comércio atacadista de equipamentos elétricos de uso pessoal e doméstico,Sem compra,Não indústria
@atributcontabilidade.com,23800966,LICIA MOREIRA MEDEIROS LTDA,Serviços de radioterapia,Sem compra,Não indústria
@atributcontabilidade.com,27731977,POUSADA ACQUA CRISTALINA PONTA VERDE HOSTEL LTDA,Hotéis,Sem compra,Não indústria
@atributcontabilidade.com,29190538,DISTRIBUIDORA TOP SUPRIMENTOS MACEIO LTDA,Comércio atacadista de artigos de escritório e de papelaria,Sem compra,Não indústria
@atributcontabilidade.com,35370345,S. L. CONTABIL LTDA,Atividades de contabilidade,Sem compra,Não indústria
@atuaenergia.com,64356133,CONSORCIO DELMIRO GOUVEIA I,Eletricidade e gas,Sem compra,Indústria
@atuaenergia.com,64356221,CONSORCIO DELMIRO GOUVEIA II,Eletricidade e gas,Sem compra,Indústria
@atuaenergia.com,64356283,CONSORCIO DELMIRO GOUVEIA III,Eletricidade e gas,Sem compra,Indústria
@atuaenergia.com,64356436,CONSORCIO DELMIRO GOUVEIA IV,Eletricidade e gas,Sem compra,Indústria
@atuaenergia.com,64359655,CONSORCIO DELMIRO GOUVEIA V,Eletricidade e gas,Sem compra,Indústria
@atuaenergia.com,64359768,CONSORCIO INHAPI I,Eletricidade e gas,Sem compra,Indústria
@atuaenergia.com,64359810,CONSORCIO INHAPI III,Eletricidade e gas,Sem compra,Indústria
@atuaenergia.com,64359842,CONSORCIO INHAPI IV,Eletricidade e gas,Sem compra,Indústria
@atuaenergia.com,64359873,CONSORCIO INHAPI V,Eletricidade e gas,Sem compra,Indústria
@atuaenergia.com,64360015,CONSORCIO JACARE DOS HOMENS I,Eletricidade e gas,Sem compra,Indústria
@atuaenergia.com,64360113,CONSORCIO JACARE DOS HOMENS II,Eletricidade e gas,Sem compra,Indústria
@atuaenergia.com,64360138,CONSORCIO JACARE DOS HOMENS III,Eletricidade e gas,Sem compra,Indústria
@atuaenergia.com,64644350,CONSORCIO INHAPI II,Eletricidade e gas,Sem compra,Indústria
@atuaenergia.com,64644415,CONSORCIO SANTANA DO IPANEMA I,Eletricidade e gas,Sem compra,Indústria
@atuaenergia.com,64644458,CONSORCIO SANTANA DO IPANEMA II,Eletricidade e gas,Sem compra,Indústria
@atuaenergia.com,64644494,CONSORCIO SANTANA DO IPANEMA III,Eletricidade e gas,Sem compra,Indústria
@atuaenergia.com,64644524,CONSORCIO SANTANA DO IPANEMA IV,Eletricidade e gas,Sem compra,Indústria
@atuaenergia.com,64644542,CONSORCIO SANTANA DO IPANEMA V,Eletricidade e gas,Sem compra,Indústria
@audicon.com.br,12970570,INAP - INDUSTRIA ALIMENTICIA POPULAR LTDA,Industria de transformacao,Ativo,Indústria
@audicon.com.br,23693654,"INDUMASTER - MAQUINAS, EQUIPAMENTOS E MANUTENCAO LTDA",Industria de transformacao,Ativo,Indústria
@audicon.com.br,19653622,DISTRIBUIDORA POPULAR DE ALIMENTOS LTDA,Comércio atacadista de produtos alimentícios em geral,Ativo,Não indústria
@audicon.com.br,19797484,INDUSTRIA ALIMENTICIA BETTI LTDA,Industria de transformacao,Sem compra,Indústria
@audicon.com.br,49197634,CASA FORTE CONSTRUIR LTDA,Construcao,Sem compra,Indústria
@audicon.com.br,14486153,TREVO DERIVADOS DE PETROLEO LTDA,Comércio varejista de combustíveis para veículos automotores,Sem compra,Não indústria
@audicon.com.br,28607824,AGRESTE ALIMENTOS LTDA,"Comércio atacadista de produtos alimentícios em geral, com atividade de fracionamento e acondicionamento associada",Sem compra,Não indústria
@audicon.com.br,59051921,AGROPECUARIA SAO SEBASTIAO LTDA,Criação de bovinos para corte,Sem compra,Não indústria
@azcontal.com.br,52924246,INSTITUTO SANTA AFRA,Educação infantil - pré-escola,Ativo,Não indústria
@azcontal.com.br,52354673,BELLA VIDA CONSTRUCOES E INCORPORACOES LTDA,Construcao,Sem compra,Indústria
@azcontal.com.br,30168403,DIOGO DE ABREU LEAO,"Agenciamento de espaços para publicidade, exceto em veículos de comunicação",Sem compra,Não indústria
@azcontal.com.br,34499437,ERIKA FERNANDES DE SIQUEIRA LTDA,Atividade odontológica,Sem compra,Não indústria
@azcontal.com.br,49380417,NOSSO CARD SAUDE LTDA,Gestão de ativos intangíveis não-financeiros,Sem compra,Não indústria
@bandeirassessoria.com.br,14182644,PONTA DO SOL - INDUSTRIA E COMERCIO DE MATERIAIS DE CONSTRUCAO LTDA,Industria de transformacao,Sem compra,Indústria
@bandeirassessoria.com.br,13269570,GRAFICA PAIXAO LTDA,Industria de transformacao,Sem compra,Indústria
@bandeirassessoria.com.br,11493072,COMERCIO DE PECAS E TRANSPORTES LTDA,"Transporte rodoviário de carga, exceto produtos perigosos e mudanças, intermunicipal, interestadual e internacional",Sem compra,Não indústria
@bandeirassessoria.com.br,35575742,A.C.C. RODRIGUES MATHEUS,Comércio varejista de artigos médicos e ortopédicos,Sem compra,Não indústria
@bandeirassessoria.com.br,47613313,J.D. TRANSPORTES E SERVICOS LTDA,"Transporte rodoviário de carga, exceto produtos perigosos e mudanças, municipal.",Sem compra,Não indústria
@bcontroller.com.br,18964274,R. A FIREMAN CONSTRUTORA E INCORPORADORA LTDA,Construcao,Sem compra,Indústria
@bcontroller.com.br,10588185,MF BRETAS,Industria de transformacao,Sem compra,Indústria
@bcontroller.com.br,32890716,CONSTRUTORA PEDROSA LTDA,Construcao,Sem compra,Indústria
@bcontroller.com.br,10266266,FL CONSTRUCOES LTDA,Construcao,Sem compra,Indústria
@bcontroller.com.br,14519355,MULTSERVICE SERVICOS E LOCACAO LTDA,Construcao,Sem compra,Indústria
@bitcont.tech,58257255,JD CONTRUCOES LTDA,Construcao,Sem compra,Indústria
@bitcont.tech,60548810,CX7 SERVICOS E SOLUCOES LTDA,Construcao,Sem compra,Indústria
@bitcont.tech,40912719,JOAO DE DEUS DOS SANTOS CONSTRUCOES LTDA,Comércio varejista de materiais de construção em geral,Sem compra,Não indústria
@bitcont.tech,52902220,AUTOTECH COMERCIO DE PECAS E SERVICOS AUTOMOTIVOS LTDA,Comércio a varejo de peças e acessórios novos para veículos automotores,Sem compra,Não indústria
@bitcont.tech,58320803,SANTE LTDA,Atividades de fonoaudiologia,Sem compra,Não indústria
@bitcont.tech,60115348,JD COMERCIO DE MATERIAIS DE CONSTRUCOES E SERVICOS LTDA,Comércio varejista de materiais de construção em geral,Sem compra,Não indústria
@blucapital.com.br,61664720,BK EMPREENDIMENTOS LTDA,Construcao,Sem compra,Indústria
@blucapital.com.br,58227860,PRIME EMPREENDIMENTO IMOBILIARIO E TURISTICO SPE LTDA,Compra e venda de imóveis próprios,Sem compra,Não indústria
@blucapital.com.br,63227070,JM CAPITAL E INVESTIMENTOS AI LTDA,Agentes de investimentos em aplicações financeiras,Sem compra,Não indústria
@blucapital.com.br,63244585,MJ CAPITAL E INVESTIMENTOS LTDA,"Atividades de intermediação e agenciamento de serviços e negócios em geral, exceto imobiliários",Sem compra,Não indústria
@blucapital.com.br,65600244,CASA BLU GESTAO IMOBILIARIA LTDA,Aluguel de imóveis próprios,Sem compra,Não indústria
@buritiempreendimentos.com.br,20791910,RESIDENCIAL JARDIM AMERICA PENEDO LTDA.,Construcao,Sem compra,Indústria
@buritiempreendimentos.com.br,12215165,BURITI NORDESTE EMPREENDIMENTOS IMOBILIARIOS LTDA,Compra e venda de imóveis próprios,Sem compra,Não indústria
@buritiempreendimentos.com.br,48293846,JARDIM COMENDADOR ANTONIO COUTINHO III SPE LTDA,Compra e venda de imóveis próprios,Sem compra,Não indústria
@buritiempreendimentos.com.br,48350231,RESIDENCIAL PENEDO II EMPRENDIMENTOS IMOBILIARIOS SPE LTDA,Compra e venda de imóveis próprios,Sem compra,Não indústria
@buritiempreendimentos.com.br,52943824,CIDADE JARDIM III RIO LARGO EMPREENDIMENTOS IMOBILIARIOS SPE LTDA,Compra e venda de imóveis próprios,Sem compra,Não indústria
@cacicontabil.com.br,23238400,RC PRE-MOLDADOS MASTER LTDA,Industria de transformacao,Ativo,Indústria
@cacicontabil.com.br,08618647,SUPERMERCADOS CESTA DE ALIMENTOS LTDA,"Comércio varejista de mercadorias em geral, com predominância de produtos alimentícios - supermercados",Ativo,Não indústria
@cacicontabil.com.br,25032506,INDUSTRIA REUNIDAS DOCES UNIAO LTDA,Industria de transformacao,Sem compra,Indústria
@cacicontabil.com.br,47456258,INDUSTRIA DE RACOES CANTO NATURAL LTDA,Industria de transformacao,Sem compra,Indústria
@cacicontabil.com.br,59016909,INDUSTRIA DE MICRONIZACAO DE PVC LTDA,Industria de transformacao,Sem compra,Indústria
@cacicontabil.com.br,52502507,MOCOCA S/A PRODUTOS ALIMENTICIOS-,Industria de transformacao,Sem compra,Indústria
@cacicontabil.com.br,03066150,TABULEIRO MANUTENCAO E REPARACAO LTDA,Industria de transformacao,Sem compra,Indústria
@cacicontabil.com.br,12647115,AEROINOX SERVICOS E MONTAGEM E SOLDA LTDA,Industria de transformacao,Sem compra,Indústria
@cacicontabil.com.br,22436820,AVILA E QUEIROZ LTDA,Industria de transformacao,Sem compra,Indústria
@cacicontabil.com.br,31748230,ELIENE DOS SANTOS SILVA,Industria de transformacao,Sem compra,Indústria
@cacicontabil.com.br,36607833,JOFRE FREIRE CORREIA NETO,Industria de transformacao,Sem compra,Indústria
@cacicontabil.com.br,44449826,COMERCIAL CASADO LTDA,Industria de transformacao,Sem compra,Indústria
@cacicontabil.com.br,45092331,D DE L E MELO LTDA,Industria extrativa,Sem compra,Indústria
@cacicontabil.com.br,61728149,E C DA ROCHA,Industria de transformacao,Sem compra,Indústria
@cacicontabil.com.br,14976141,V L FRAGOSO JUNIOR LTDA,Comércio varejista de materiais de construção em geral,Sem compra,Não indústria
@cacicontabil.com.br,23932780,DISTRIBUIDORA DE CALCADOS CALCEBEM LTDA,Comércio atacadista de calçados,Sem compra,Não indústria
@cacicontabil.com.br,24941236,SAMPAIO & LOPES SERVICOS MEDICOS LTDA,Serviços de tomografia,Sem compra,Não indústria
@cacicontabil.com.br,32157855,F W D MACENA  LTDA,"Comércio atacadista de chocolates, confeitos, balas, bombons e semelhantes",Sem compra,Não indústria
@cacicontabil.com.br,51997114,SUPERMERCADO BOA VISTA LTDA,"Comércio varejista de mercadorias em geral, com predominância de produtos alimentícios - minimercados, mercearias e armazéns",Sem compra,Não indústria
@cacicontabil.com.br,63564811,MEDVASC LTDA,Atividade médica ambulatorial com recursos para realização de exames complementares,Sem compra,Não indústria
@candidocont.com,47055064,CFX ENGENHARIA SPE LTDA,Construcao,Sem compra,Indústria
@candidocont.com,52311555,META PILAR EMPREENDIMENTOS IMOBILIARIOS SPE LTDA,Construcao,Sem compra,Indústria
@candidocont.com,61019509,META ATALAIA EMPREENDIMENTOS IMOBILIARIOS SPE LTDA,Construcao,Sem compra,Indústria
@candidocont.com,63070953,META PALMEIRA EMPREENDIMENTOS IMOBILIARIOS SPE LTDA,Construcao,Sem compra,Indústria
@candidocont.com,63102897,META PAUDALHO EMPREENDIMENTOS IMOBILIARIOS SPE LTDA,Construcao,Sem compra,Indústria
@candidocont.com,38120493,L AMORIM LTDA,Construcao,Sem compra,Indústria
@candidocont.com,43662726,JOAO CARLOS B. SANTOS LTDA,Construcao,Sem compra,Indústria
@candidocont.com,48008535,VIANA ENGENHARIA E EMPREENDIMENTOS LTDA,Construcao,Sem compra,Indústria
@candidocont.com,48875310,CONCRETIZA CONSTRUTORA E INCORPORADORA LTDA,Construcao,Sem compra,Indústria
@candidocont.com,49409662,IR ELETRICA E HIDRAULICA LTDA,Construcao,Sem compra,Indústria
@candidocont.com,50431450,WAVE NET LTDA,Informacao e comunicacao,Sem compra,Indústria
@candidocont.com,52566401,MONARCA ENGENHARIA LTDA,Construcao,Sem compra,Indústria
@candidocont.com,53551319,NEFTALY ENGENHARIA LTDA,Atividades profissionais e tecnicas,Sem compra,Indústria
@candidocont.com,53908995,CL INSTALACOES ELETRICAS LTDA,Construcao,Sem compra,Indústria
@candidocont.com,54215412,PACHOLA CONSTRUTORA LTDA,Atividades profissionais e tecnicas,Sem compra,Indústria
@candidocont.com,54292308,E.R INSTALACOES ELETRICAS LTDA,Construcao,Sem compra,Indústria
@candidocont.com,54414129,ADEQUA - ENGENHARIA E SOLUCOES PARA CONSTRUCAO LTDA,Construcao,Sem compra,Indústria
@candidocont.com,57416613,FC CONSTRUTORA LTDA,Construcao,Sem compra,Indústria
@candidocont.com,58728922,EF CONSTRUTORA LTDA,Construcao,Sem compra,Indústria
@candidocont.com,59930660,CONCRETIZE ENGENHARIA LTDA,Atividades profissionais e tecnicas,Sem compra,Indústria
@candidocont.com,63412872,NOVARE ENGENHARIA E CONSTRUCOES LTDA,Construcao,Sem compra,Indústria
@candidocont.com,29567194,LEONARDO N DOS SANTOS LTDA,Construcao,Sem compra,Indústria
@candidocont.com,63633881,"AURAECOS PRODUTOS AROMATICOS, ARTESANAIS E RELIGIOSOS LTDA",Industria de transformacao,Sem compra,Indústria
@candidocont.com,40715703,BRENO ATACAREJO LTDA,"Comércio varejista de mercadorias em geral, com predominância de produtos alimentícios - minimercados, mercearias e armazéns",Sem compra,Não indústria
@candidocont.com,43362269,BRENO ALIMENTOS E CIA LTDA,Comércio atacadista de produtos alimentícios em geral,Sem compra,Não indústria
@candidocont.com,46238938,SABOR ARRETADU'S LTDA,Restaurantes e similares,Sem compra,Não indústria
@candidocont.com,49881163,LCM2 LOCACAO DE VEICULOS LTDA,Locação de automóveis sem condutor,Sem compra,Não indústria
@candidocont.com,52271919,CANDIDO CONTABILIDADE LTDA,Atividades de contabilidade,Sem compra,Não indústria
@candidocont.com,54561017,QUARTZO SOLUCOES INTELIGENTES EM INVESTIMENTOS IMOBILIARIOS LTDA,Corretagem na compra e venda e avaliação de imóveis,Sem compra,Não indústria
@candidocont.com,55187396,D' LYRIO LINGERIE LTDA,Comércio varejista de artigos do vestuário e acessórios,Sem compra,Não indústria
@candidocont.com,62637961,FRANCIELE GOMES IMOVEIS LTDA,Corretagem na compra e venda e avaliação de imóveis,Sem compra,Não indústria
@candidocont.com,63349151,MANTOVANI SERVICOS ADMINISTRATIVOS LTDA,Serviços combinados de escritório e apoio administrativo,Sem compra,Não indústria
@candidocont.com,64540119,ADEQUA CLINICA ODONTOLOGICA LTDA,Atividade odontológica,Sem compra,Não indústria
@candidocont.com,64673151,META MACEIO 01 EMPREENDIMENTOS IMOBILIARIOS SPE LTDA,Construcao,Sem compra,Indústria
@candidocont.com,65697881,FERRAGENS CORTES & DOBRAS LTDA,Industria de transformacao,Sem compra,Indústria
@candidocont.com,67907208,ROTA LOCACOES DE EQUIPAMENTOS LTDA,"Aluguel de máquinas e equipamentos para construção sem operador, exceto andaimes",Sem compra,Não indústria
@carlinhosmaiaproducoes.com.br,21929892,L C FERREIRA DOS SANTOS PRODUCOES LTDA,Promoção de vendas,Sem compra,Não indústria
@carlinhosmaiaproducoes.com.br,46023484,MAIA PRODUCOES LTDA,Marketing direto,Sem compra,Não indústria
@carlinhosmaiaproducoes.com.br,64566638,LC FERREIRA PRODUCOES LTDA.,Promoção de vendas,Sem compra,Não indústria
@carlinhosmaiaproducoes.com.br,64605049,MAIA PUBLICIDADE E COMUNICACAO LTDA.,Agências de publicidade,Sem compra,Não indústria
@carlinhosmaiaproducoes.com.br,65098571,MAIA EVENTOS E PUBLICIDADE LTDA.,Marketing direto,Sem compra,Não indústria
@carneiroenascimento.com,40178648,KENAI EMPREENDIMENTO PRAIA DO FRANCES SPE LTDA,Construcao,Sem compra,Indústria
@carneiroenascimento.com,43625167,SCP ANGATU EMPREENDIMENTO IMOBILIARIO,Construcao,Sem compra,Indústria
@carneiroenascimento.com,57423608,MACRO 04 EMPREENDIMENTO IMOBILIARIO SPE LTDA.,Construcao,Sem compra,Indústria
@carneiroenascimento.com,63591098,RECANTO DAS AGUAS EMPREENDIMENTOS IMOBILIARIOS SPE LTDA,Construcao,Sem compra,Indústria
@carneiroenascimento.com,53104293,TATO ESTRUTURACAO E DESENVOLVIMENTO DE NEGOCIOS IMOBILIARIOS LTDA,Construcao,Sem compra,Indústria
@carneiroenascimento.com,54496795,TC GESTAO E LOCACAO LTDA,Construcao,Sem compra,Indústria
@carneiroenascimento.com,63397339,DUO GESTAO DE OBRAS LTDA.,Construcao,Sem compra,Indústria
@cccpcontabilidade.com.br,08656732,G DE ALMEIDA OLIVEIRA,Industria de transformacao,Ativo,Indústria
@cccpcontabilidade.com.br,24434567,P. V. DE FARIAS BRITO,Industria de transformacao,Sem compra,Indústria
@cccpcontabilidade.com.br,23649724,M. DE LOURDES MARQUES DA SILVA,Industria de transformacao,Sem compra,Indústria
@cccpcontabilidade.com.br,28089802,P C DE OLIVEIRA ARAUJO FILHO,Comercio e reparacao de veiculos,Sem compra,Indústria
@cccpcontabilidade.com.br,29726706,D S DE FARIAS,Industria de transformacao,Sem compra,Indústria
@cccpcontabilidade.com.br,26269491,W E PEREIRA SANTOS LTDA,Comércio varejista de combustíveis para veículos automotores,Sem compra,Não indústria
@cercont.com,19437046,MACEIO PARQUE EMPREENDIMENTOS IMOBILIARIOS LTDA,Construcao,Sem compra,Indústria
@cercont.com,63195164,SOCIEDADE EM CONTA DE PARTICIPACAO SPAZIO ITALIA EMPREENDIMENTOS - SCP,Construcao,Sem compra,Indústria
@cercont.com,45508456,AMARAL FRANCO ENGENHARIA LTDA,Atividades profissionais e tecnicas,Sem compra,Indústria
@cercont.com,09377890,NSA CONSTRUCOES LTDA,Construcao,Sem compra,Indústria
@cercont.com,31497828,MULT BOX SIQUEIRA LTDA,"Comércio varejista de mercadorias em geral, com predominância de produtos alimentícios - minimercados, mercearias e armazéns",Sem compra,Não indústria
@cercont.com,66098171,CLINICA INTEGRADA DE DOR E ANESTESIA LTDA,Atividade médica ambulatorial restrita a consultas,Sem compra,Não indústria
@cercont.com,67194221,CENTRO MEDICO DR VINICIUS CERQUEIRA DE BARROS SILVEIRA LTDA,Atividade médica ambulatorial restrita a consultas,Sem compra,Não indústria
@checkup-al.com.br,48512865,CZAR CONCRETE INDUSTRIA LTDA,Industria de transformacao,Ativo,Indústria
@checkup-al.com.br,34772927,VANTIS CONSTRUTORA LTDA,Construcao,Ativo,Indústria
@checkup-al.com.br,19306147,CLINICA MEDICA OTOSINUS LTDA,Atividade médica ambulatorial com recursos para realização de exames complementares,Ativo,Não indústria
@checkup-al.com.br,20443713,MELRO CONSTRUCOES E AVALIACOES LTDA,Atividades profissionais e tecnicas,Sem compra,Indústria
@checkup-al.com.br,55926459,M A DA SILVA JUNIOR LTDA,Industria de transformacao,Sem compra,Indústria
@checkup-al.com.br,61726116,CONSTRUTORA BUARQUE LTDA,Atividades profissionais e tecnicas,Sem compra,Indústria
@checkup-al.com.br,64340295,SAUDE DIGITAL LTDA,Informacao e comunicacao,Sem compra,Indústria
@checkup-al.com.br,05789837,HABITAR CONSTRUCOES E AVALIACOES LTDA,Atividades profissionais e tecnicas,Sem compra,Indústria
@checkup-al.com.br,27520423,PORTO AZUL ENGENHARIA LTDA,Atividades profissionais e tecnicas,Sem compra,Indústria
@checkup-al.com.br,34549108,KMV ENGENHARIA LTDA,Atividades profissionais e tecnicas,Sem compra,Indústria
@checkup-al.com.br,53930977,MAFE INDUSTRIA DE MOVEIS LTDA,Industria de transformacao,Sem compra,Indústria
@checkup-al.com.br,63079492,HT ENGENHARIA LTDA,Atividades profissionais e tecnicas,Sem compra,Indústria
@checkup-al.com.br,04590267,CHECK-UP CONSULTORES & ASSOCIADOS LTDA,"Atividades de consultoria em gestão empresarial, exceto consultoria técnica específica",Sem compra,Não indústria
@checkup-al.com.br,07375853,Premium Corretora de Seguros e Intermediacao Financeira Ltda,"Corretores e agentes de seguros, de planos de previdência complementar e de saúde",Sem compra,Não indústria
@checkup-al.com.br,07403036,MEDNUCLEAR SERVICOS MEDICOS LTDA,Atividades de profissionais da área de saúde não especificadas anteriormente,Sem compra,Não indústria
@checkup-al.com.br,10966952,MEDICEL SERVICOS MEDICOS LTDA,Atividade médica ambulatorial com recursos para realização de exames complementares,Sem compra,Não indústria
@checkup-al.com.br,11085456,CINCONTABIL CONTABILIDADE EMPRESARIAL LTDA,Atividades de contabilidade,Sem compra,Não indústria
@checkup-al.com.br,11420732,BFT FINANCAS CORPORATIVAS E INVESTIMENTOS BRA LTDA,"Comércio atacadista de mercadorias em geral, com predominância de insumos agropecuários",Sem compra,Não indústria
@checkup-al.com.br,12516654,FUNDACAO PIERRE CHALITA,Atividades de museus e de exploração de lugares e prédios históricos e atrações similares,Sem compra,Não indústria
@checkup-al.com.br,15453486,B & D SAUDE SENSORIAL LTDA,Atividade médica ambulatorial com recursos para realização de procedimentos cirúrgicos,Sem compra,Não indústria
@checkup-al.com.br,20421492,L3DF SERVICOS MEDICOS LTDA,Atividades de atenção ambulatorial não especificadas anteriormente,Sem compra,Não indústria
@checkup-al.com.br,21683044,RA Servicos Medicos Ltda,Atividade médica ambulatorial com recursos para realização de procedimentos cirúrgicos,Sem compra,Não indústria
@checkup-al.com.br,26499840,BKD ESTRATEGIA LTDA,"Portais, provedores de conteúdo e outros serviços de informação na internet",Sem compra,Não indústria
@checkup-al.com.br,28972036,NEUROLIFE SERVICOS MEDICOS LTDA,Atividade médica ambulatorial com recursos para realização de procedimentos cirúrgicos,Sem compra,Não indústria
@checkup-al.com.br,29629902,CECI - CENTRO ESPECIALIZADO EM CARDIOLOGIA INFANTIL LTDA,Atividade médica ambulatorial restrita a consultas,Sem compra,Não indústria
@checkup-al.com.br,37323745,NEUROVASC SERVICOS MEDICOS DE ALAGOAS LTDA,Atividade médica ambulatorial restrita a consultas,Sem compra,Não indústria
@checkup-al.com.br,45178004,IPIOCA - ALIMENTACAO E EVENTOS LTDA,Restaurantes e similares,Sem compra,Não indústria
@checkup-al.com.br,49454503,META CORRETORA DE SEGUROS LTDA,"Corretores e agentes de seguros, de planos de previdência complementar e de saúde",Sem compra,Não indústria
@checkup-al.com.br,50391448,AUTOBOX ALAGOAS SERVICOS AUTOMOTIVOS LTDA,"Serviços de lavagem, lubrificação e polimento de veículos automotores",Sem compra,Não indústria
@checkup-al.com.br,50849565,SAO GERALDO AGROPECUARIA LTDA,Cultivo de eucalipto,Sem compra,Não indústria
@checkup-al.com.br,51375760,UNIKA SAUDE INTEGRADA LTDA,Atividade médica ambulatorial com recursos para realização de procedimentos cirúrgicos,Sem compra,Não indústria
@checkup-al.com.br,52003841,NIELSEN STORE LTDA,Comércio varejista de artigos do vestuário e acessórios,Sem compra,Não indústria
@checkup-al.com.br,52619991,V B COMERCIO LTDA,"Comércio varejista de cal, areia, pedra britada, tijolos e telhas",Sem compra,Não indústria
@checkup-al.com.br,53770347,HT COMERCIO LTDA,"Comércio varejista de cal, areia, pedra britada, tijolos e telhas",Sem compra,Não indústria
@checkup-al.com.br,55206134,MEDICAL SAUDE E ASSISTENCIA LTDA,Atividade médica ambulatorial com recursos para realização de procedimentos cirúrgicos,Sem compra,Não indústria
@checkup-al.com.br,58352137,LABORATORIO VETERINARIO DE ARAPIRACA LTDA,Atividades veterinárias,Sem compra,Não indústria
@checkup-al.com.br,59434146,VICQ SAUDE E SORRISO LTDA,Atividade médica ambulatorial com recursos para realização de procedimentos cirúrgicos,Sem compra,Não indústria
@checkup-al.com.br,60059754,CHECKMED SERVICOS LTDA,Atividade médica ambulatorial com recursos para realização de procedimentos cirúrgicos,Sem compra,Não indústria
@checkup-al.com.br,61124396,MEDICAL NUCLEO DE ANESTESIA LTDA,Atividade médica ambulatorial com recursos para realização de procedimentos cirúrgicos,Sem compra,Não indústria
@checkup-al.com.br,61909360,SAO JOSE AGROECOLOGICO LTDA,Cultivo de cana-de-açúcar,Sem compra,Não indústria
@checkup-al.com.br,62389426,ELLOS CORRETORA LTDA,"Corretores e agentes de seguros, de planos de previdência complementar e de saúde",Sem compra,Não indústria
@checkup-al.com.br,62867397,ESSENZE COMERCIO DE VESTUARIO E ACESSORIOS LTDA,Comércio varejista de artigos do vestuário e acessórios,Sem compra,Não indústria
@checkup-al.com.br,63348883,RC COMERCIO LTDA,"Comércio varejista de cal, areia, pedra britada, tijolos e telhas",Sem compra,Não indústria
@checkup-al.com.br,63477273,MOURA REZENDE ESPECIALIDADES MEDICAS LTDA,Atividade médica ambulatorial restrita a consultas,Sem compra,Não indústria
@checkup-al.com.br,63533621,JNT SERVICOS MEDICOS LTDA,Atividade médica ambulatorial com recursos para realização de procedimentos cirúrgicos,Sem compra,Não indústria
@checkup-al.com.br,64751595,VT COMERCIO LTDA,"Comércio varejista de cal, areia, pedra britada, tijolos e telhas",Sem compra,Não indústria
@checkup-al.com.br,65766835,MEDICAL NUCLEO DE ESPECIALIDADES MEDICAS LTDA,Atividade médica ambulatorial restrita a consultas,Sem compra,Não indústria
@checkup-al.com.br,66144417,INSTITUTO FLUXUS VITALIS LTDA,Atividade médica ambulatorial com recursos para realização de procedimentos cirúrgicos,Sem compra,Não indústria
@checkup-al.com.br,66311471,PRESCREVO SEGURO SERVICOS LTDA,Informacao e comunicacao,Sem compra,Indústria
@ciclocontadoresassociados.com.br,18784515,SIAO GESTAO PATRIMONIAL E PARTICIPACOES LTDA.,Industria extrativa,Sem compra,Indústria
@ciclocontadoresassociados.com.br,39629984,TELECOM SPEEDNET SERVICOS LTDA,Informacao e comunicacao,Sem compra,Indústria
@ciclocontadoresassociados.com.br,52508021,OPCAO BUSINESS LTDA,Construcao,Sem compra,Indústria
@ciclocontadoresassociados.com.br,17402011,ANA PAULA DE OLIVEIRA SILVA E CIA LTDA,Comercio e reparacao de veiculos,Sem compra,Indústria
@ciclocontadoresassociados.com.br,23979308,INNOVA DIGITAL COMERCIO E SERVICOS LTDA,Informacao e comunicacao,Sem compra,Indústria
@ciclocontadoresassociados.com.br,27168550,M B BARBOSA,Industria de transformacao,Sem compra,Indústria
@ciclocontadoresassociados.com.br,60376501,HV TRANSPORTES LTDA,Construcao,Sem compra,Indústria
@ciclocontadoresassociados.com.br,29709059,POSTO SM LTDA,Comércio varejista de combustíveis para veículos automotores,Sem compra,Não indústria
@ciclocontadoresassociados.com.br,45113464,W C CONSTRUCAO LTDA,Comércio varejista de materiais de construção em geral,Sem compra,Não indústria
@ciclocontadoresassociados.com.br,50773495,AUTO POSTO PORTO CALVO LTDA,Comércio varejista de combustíveis para veículos automotores,Sem compra,Não indústria
@cimapra.com.br,15408679,VALE DO PRATA ENERGIA LTDA,Eletricidade e gas,Ativo,Indústria
@cimapra.com.br,40815070,CONSORCIO ENERGIA ALAGOANA,Eletricidade e gas,Sem compra,Indústria
@cimapra.com.br,19361123,LSC CONSTRUTORA LTDA,Construcao,Sem compra,Indústria
@cimapra.com.br,22213428,RIO DO MEIO EMPREENDIMENTO IMOBILIARIO SPE LTDA,Construcao,Sem compra,Indústria
@cimapra.com.br,42040202,RIACHO DE PEDRA ENERGIA SPE LTDA,Eletricidade e gas,Sem compra,Indústria
@cimapra.com.br,12277489,CIMAPRA CIA MERCANTIL AGRO PECUARIA PRATAGY,Cultivo de cana-de-açúcar,Sem compra,Não indústria
@citecon.com.br,48209133,CITECON OCEANA EMPREENDIMENTO SPE LTDA,Construcao,Ativo,Indústria
@citecon.com.br,51969450,CITECON MAKANA MILAGRES SPE LTDA,Construcao,Sem compra,Indústria
@citecon.com.br,52380695,CITECON YNTIMA EMPREENDIMENTO SPE LTDA,Construcao,Sem compra,Indústria
@citecon.com.br,54265010,CITECON ARIA MILAGRES SPE LTDA,Construcao,Sem compra,Indústria
@citecon.com.br,62671143,CITECON ATTOS BARRA SPE LTDA.,Construcao,Sem compra,Indústria
@citecon.com.br,34615222,CITECON LTDA,Construcao,Sem compra,Indústria
@cleodoncontabilidade.com.br,12133315,CONSPEL - LOCACAO DE MAQUINAS LTDA,Construcao,Ativo,Indústria
@cleodoncontabilidade.com.br,01774021,VULCAP - VULCANIZACAO ARAPIRACA LTDA,Industria de transformacao,Ativo,Indústria
@cleodoncontabilidade.com.br,04287896,RELEVO PRE-MOLDADOS E CONSTRUCOES LTDA,Industria de transformacao,Ativo,Indústria
@cleodoncontabilidade.com.br,05232786,PROVEDORA CMA INTERNET LTDA,Informacao e comunicacao,Ativo,Indústria
@cleodoncontabilidade.com.br,14783509,E. D. SERVICOS DE COMUNICACOES LTDA.,Informacao e comunicacao,Ativo,Indústria
@cleodoncontabilidade.com.br,10702260,ROTAN PRE MOLDADOS E CONSTRUCOES LTDA,Construcao,Ativo,Indústria
@cleodoncontabilidade.com.br,16992716,OOPS TELECOM LTDA,Informacao e comunicacao,Ativo,Indústria
@cleodoncontabilidade.com.br,02453902,MECANICA DE TORNO UNIVERSAL LTDA,Industria de transformacao,Inativo,Indústria
@cleodoncontabilidade.com.br,06643226,J S E SERVICOS E COMERCIO DE EQUIPAMENTOS DE COMUNICACOES LTDA,Informacao e comunicacao,Inativo,Indústria
@cleodoncontabilidade.com.br,05011314,"ANGAR EXTRACAO DE AREIA, ESTACIONAMENTO E LOCADORA LTDA",Industria extrativa,Sem compra,Indústria
@cleodoncontabilidade.com.br,26789538,NICOLAS AGOSTINHO P SANTOS LTDA,Industria de transformacao,Sem compra,Indústria
@cleodoncontabilidade.com.br,34175480,URBAN AMBIENTAL LTDA,"Agua, esgoto e residuos",Sem compra,Indústria
@cleodoncontabilidade.com.br,02590747,TEAGRO TERRAPLENAGEM E AGROPECUARIA LTDA,Construcao,Sem compra,Indústria
@cleodoncontabilidade.com.br,08762086,SAO CARLOS COMERCIO DE MADEIRA LTDA,Construcao,Sem compra,Indústria
@cleodoncontabilidade.com.br,11634636,MB TERRAPLENAGEM LTDA,Construcao,Sem compra,Indústria
@cleodoncontabilidade.com.br,13238680,RME CONSTRUTORA LTDA,Construcao,Sem compra,Indústria
@cleodoncontabilidade.com.br,23787208,NASCIMENTO E SILVA EMPREENDIMENTOS LTDA,Construcao,Sem compra,Indústria
@cleodoncontabilidade.com.br,29750250,FABRICA DE RACAO PLANALTO LTDA,Industria de transformacao,Sem compra,Indústria
@cleodoncontabilidade.com.br,29957998,CONCRETO ARAPIRACA MIX LTDA,Construcao,Sem compra,Indústria
@cleodoncontabilidade.com.br,30412536,CONCRETIZE CONSTRUTORA E IMOBILIARIA LTDA,Construcao,Sem compra,Indústria
@cleodoncontabilidade.com.br,31872832,M ELIENE DA SILVA LTDA,Industria de transformacao,Sem compra,Indústria
@cleodoncontabilidade.com.br,34224234,KS CONCERTE LTDA,Industria de transformacao,Sem compra,Indústria
@cleodoncontabilidade.com.br,34236818,LUDIMILLA BARBOSA DOS SANTOS LTDA,Informacao e comunicacao,Sem compra,Indústria
@cleodoncontabilidade.com.br,35824052,UP TELECOM E SERVICOS LTDA,Informacao e comunicacao,Sem compra,Indústria
@cleodoncontabilidade.com.br,50106690,ALEIA EMPREENDIMENTOS LTDA,Construcao,Sem compra,Indústria
@cleodoncontabilidade.com.br,50772764,PREMIER STEEL CONSTRUCOES E INCORPORACOES LTDA,Construcao,Sem compra,Indústria
@cleodoncontabilidade.com.br,54841719,FIUZA SERVICOS DE ENGENHARIA E CONSTRUCAO LTDA,Atividades profissionais e tecnicas,Sem compra,Indústria
@cleodoncontabilidade.com.br,64223572,ALTO RELEVO PRE-MOLDADOS E CONSTRUCOES LTDA,Industria de transformacao,Sem compra,Indústria
@cleodoncontabilidade.com.br,22127049,G RODRIGUES RAMOS LTDA,Construcao,Sem compra,Indústria
@cleodoncontabilidade.com.br,02691904,CS TELECOM LTDA,Informacao e comunicacao,Sem compra,Indústria
@cleodoncontabilidade.com.br,04131388,REPEL RETIFICA PEREIRA LTDA,Comercio e reparacao de veiculos,Sem compra,Indústria
@cleodoncontabilidade.com.br,12445599,RODOFLEX TERRAPLENAGEM E TRANSPOTE LTDA,Construcao,Sem compra,Indústria
@cleodoncontabilidade.com.br,13992993,M E DA SILVA,Industria de transformacao,Sem compra,Indústria
@cleodoncontabilidade.com.br,15095322,R.L. TERRAPLENAGEM E CONSTRUCOES LTDA,Construcao,Sem compra,Indústria
@cleodoncontabilidade.com.br,17270611,RAFAELLA SANTOS SILVA,Construcao,Sem compra,Indústria
@cleodoncontabilidade.com.br,18632538,VAVEL AMBIENTAL LTDA,"Agua, esgoto e residuos",Sem compra,Indústria
@cleodoncontabilidade.com.br,20763204,PERFECTA COMERCIO DE ESQUADRIAS E VIDROS LTDA,Industria de transformacao,Sem compra,Indústria
@cleodoncontabilidade.com.br,37113814,RE9 POSTOS LTDA,Industria de transformacao,Sem compra,Indústria
@cleodoncontabilidade.com.br,40929259,PRESTEC PRESTACAO DE SERVICOS TECNICOS LTDA,Construcao,Sem compra,Indústria
@cleodoncontabilidade.com.br,43271202,RAFAELLA SANTOS LTDA,Construcao,Sem compra,Indústria
@cleodoncontabilidade.com.br,45462572,RM TELECOM LTDA,Informacao e comunicacao,Sem compra,Indústria
@cleodoncontabilidade.com.br,47406479,WR AMBIENTAL LTDA,"Agua, esgoto e residuos",Sem compra,Indústria
@cleodoncontabilidade.com.br,50304056,MINERACAO NORDESTE LTDA,Industria extrativa,Sem compra,Indústria
@cleodoncontabilidade.com.br,51510032,GARCIA & SAMPAIO CONSTRUTORA E INCORPORADORA LTDA,Construcao,Sem compra,Indústria
@cleodoncontabilidade.com.br,54908507,SL ENGENHARIA LTDA,Atividades profissionais e tecnicas,Sem compra,Indústria
@cleodoncontabilidade.com.br,55561387,USIBEN RENTAL LTDA,"Agua, esgoto e residuos",Sem compra,Indústria
@cleodoncontabilidade.com.br,58943962,A N DE OLIVEIRA CONSTRUTORA LTDA,Construcao,Sem compra,Indústria
@cleodoncontabilidade.com.br,59387690,UP BRASIL TELECOM LTDA,Informacao e comunicacao,Sem compra,Indústria
@cleodoncontabilidade.com.br,60896066,CDZ COMERCIO E SERVICOS LTDA,Construcao,Sem compra,Indústria
@cleodoncontabilidade.com.br,61573078,ANTOR EMPREENDIMENTO IMOBILIARIO SPE LTDA,Construcao,Sem compra,Indústria
@cleodoncontabilidade.com.br,62535804,VJ INCORPORADORA LTDA,Construcao,Sem compra,Indústria
@cleodoncontabilidade.com.br,62672980,BIOFLUXO SOLUCOES AMBIENTAIS LTDA,Atividades profissionais e tecnicas,Sem compra,Indústria
@cleodoncontabilidade.com.br,00740510,TULEMON COMERCIO LTDA,Comércio varejista de combustíveis para veículos automotores,Sem compra,Não indústria
@cleodoncontabilidade.com.br,02496680,POSTO VAVEL LTDA -EPP,Comércio varejista de combustíveis para veículos automotores,Sem compra,Não indústria
@cleodoncontabilidade.com.br,03522014,SOBRAL COMERCIO E SERVICOS LTDA,Comércio varejista de combustíveis para veículos automotores,Sem compra,Não indústria
@cleodoncontabilidade.com.br,05168127,AUTO POSTO LAGE LTDA,Comércio varejista de combustíveis para veículos automotores,Sem compra,Não indústria
@cleodoncontabilidade.com.br,05307247,AUTO POSTO PORTO BELLO LTDA,Comércio varejista de combustíveis para veículos automotores,Sem compra,Não indústria
@cleodoncontabilidade.com.br,07011584,POSTO FREI DAMIAO LTDA.,Comércio varejista de combustíveis para veículos automotores,Sem compra,Não indústria
@cleodoncontabilidade.com.br,07531582,SILVA COMBUSTIVEL LTDA,Comércio varejista de combustíveis para veículos automotores,Sem compra,Não indústria
@cleodoncontabilidade.com.br,07783800,AUTO POSTO BLUE LTDA.,Comércio varejista de combustíveis para veículos automotores,Sem compra,Não indústria
@cleodoncontabilidade.com.br,08738994,AUTO POSTO M M GARROTE LTDA,Comércio varejista de combustíveis para veículos automotores,Sem compra,Não indústria
@cleodoncontabilidade.com.br,10600679,RS LOCACOES LTDA,"Transporte rodoviário de carga, exceto produtos perigosos e mudanças, intermunicipal, interestadual e internacional",Sem compra,Não indústria
@cleodoncontabilidade.com.br,10800545,BATALHA GAS LTDA,Comércio varejista de gás liqüefeito de petróleo (GLP),Sem compra,Não indústria
@cleodoncontabilidade.com.br,10800554,M. A. C. SANTOS MARINHO,Comércio varejista de combustíveis para veículos automotores,Sem compra,Não indústria
@cleodoncontabilidade.com.br,10942700,CM CANUTO LTDA,Motéis,Sem compra,Não indústria
@cleodoncontabilidade.com.br,11123433,COMERCIAL TRES IRMAOS LTDA,Comércio varejista de combustíveis para veículos automotores,Sem compra,Não indústria
@cleodoncontabilidade.com.br,11206098,AUTO POSTO POUSADA NOVO HORIZONTE LTDA,Comércio varejista de combustíveis para veículos automotores,Sem compra,Não indústria
@cleodoncontabilidade.com.br,11455344,JK MULTIMARCAS LTDA,"Comércio a varejo de automóveis, camionetas e utilitários usados",Sem compra,Não indústria
@cleodoncontabilidade.com.br,12827135,SAO CARLOS EMPREENDIMENTOS LTDA,Gestão e administração da propriedade imobiliária,Sem compra,Não indústria
@cleodoncontabilidade.com.br,13460056,AUTO POSTO PREMIUM LTDA,Comércio varejista de combustíveis para veículos automotores,Sem compra,Não indústria
@cleodoncontabilidade.com.br,13478481,AUTO POSTO FOLHA MIUDA LTDA,Comércio varejista de combustíveis para veículos automotores,Sem compra,Não indústria
@cleodoncontabilidade.com.br,13564704,AUTO POSTO BALSAMO LTDA,Comércio varejista de combustíveis para veículos automotores,Sem compra,Não indústria
@cleodoncontabilidade.com.br,14794278,AUTO POSTO PE CICERO LTDA,Comércio varejista de combustíveis para veículos automotores,Sem compra,Não indústria
@cleodoncontabilidade.com.br,15080185,MJ COMBUSTIVEIS LTDA,Comércio varejista de combustíveis para veículos automotores,Sem compra,Não indústria
@cleodoncontabilidade.com.br,15706489,AUTO POSTO MANGUEIRAO LTDA,Comércio varejista de combustíveis para veículos automotores,Sem compra,Não indústria
@cleodoncontabilidade.com.br,16527263,AUTO POSTO ACQUA BOOL LTDA,Comércio varejista de combustíveis para veículos automotores,Sem compra,Não indústria
@cleodoncontabilidade.com.br,16986565,AUTO POSTO ALIANCA LTDA.,Comércio varejista de combustíveis para veículos automotores,Sem compra,Não indústria
@cleodoncontabilidade.com.br,17663962,CLEOSELMA CONTABILIDADE LTDA,Atividades de contabilidade,Sem compra,Não indústria
@cleodoncontabilidade.com.br,17879703,AUTO POSTO TABELA LTDA,Comércio varejista de combustíveis para veículos automotores,Sem compra,Não indústria
@cleodoncontabilidade.com.br,18301306,CARVALHO E MELO COMERCIO DE COMBUSTIVEIS LTDA,Comércio varejista de combustíveis para veículos automotores,Sem compra,Não indústria
@cleodoncontabilidade.com.br,18715178,AUTO POSTO GOL LTDA,Comércio varejista de combustíveis para veículos automotores,Sem compra,Não indústria
@cleodoncontabilidade.com.br,19062484,J. C. COSTA & CIA LTDA,Comércio varejista de materiais de construção em geral,Sem compra,Não indústria
@cleodoncontabilidade.com.br,21309025,AUTO POSTO BRISA DO LAGO COMBUSTIVEIS E TRANSPORTES LTDA,Comércio varejista de combustíveis para veículos automotores,Sem compra,Não indústria
@cleodoncontabilidade.com.br,23410010,J H P DE LIRA  LTDA,Comércio a varejo de peças e acessórios novos para veículos automotores,Sem compra,Não indústria
@cleodoncontabilidade.com.br,23465805,TC TELECOM LTDA,Atividades de monitoramento de sistemas de segurança eletrônico,Sem compra,Não indústria
@cleodoncontabilidade.com.br,23800197,AUTO POSTO CIDADE LTDA,Comércio varejista de combustíveis para veículos automotores,Sem compra,Não indústria
@cleodoncontabilidade.com.br,23817031,AUTO POSTO SAO JOSE LTDA,Comércio varejista de combustíveis para veículos automotores,Sem compra,Não indústria
@cleodoncontabilidade.com.br,24083322,AUTO POSTO AL LTDA,Comércio varejista de combustíveis para veículos automotores,Sem compra,Não indústria
@cleodoncontabilidade.com.br,25023880,AUTO POSTO SMART LTDA,Comércio varejista de combustíveis para veículos automotores,Sem compra,Não indústria
@cleodoncontabilidade.com.br,25155712,AUTO POSTO LIDER LTDA,Comércio varejista de combustíveis para veículos automotores,Sem compra,Não indústria
@cleodoncontabilidade.com.br,26670800,IRMAOS CORAGEM COM.DE VEICULOS LTDA,"Comércio a varejo de automóveis, camionetas e utilitários usados",Sem compra,Não indústria
@cleodoncontabilidade.com.br,27170742,TNC SISTEMAS DE TELECOMUNICACOES LTDA,Programadoras,Sem compra,Não indústria
@cleodoncontabilidade.com.br,28028650,BP COMBUSTIVEIS LTDA,Comércio varejista de combustíveis para veículos automotores,Sem compra,Não indústria
@cleodoncontabilidade.com.br,28256951,AUTO POSTO CANAFISTULA LTDA,Comércio varejista de combustíveis para veículos automotores,Sem compra,Não indústria
@cleodoncontabilidade.com.br,28683318,AUTO POSTO BLUE CANAA LTDA,Comércio varejista de combustíveis para veículos automotores,Sem compra,Não indústria
@cleodoncontabilidade.com.br,28838890,RMS IMOBILIARIA E SERVICOS LTDA,Corretagem na compra e venda e avaliação de imóveis,Sem compra,Não indústria
@cleodoncontabilidade.com.br,29540103,SPEED FLEX LTDA,"Comércio a varejo de automóveis, camionetas e utilitários usados",Sem compra,Não indústria
@cleodoncontabilidade.com.br,29633902,AUTO POSTO NINO LTDA,Comércio varejista de combustíveis para veículos automotores,Sem compra,Não indústria
@cleodoncontabilidade.com.br,29656578,COMERCIO DE COMBUSTIVEIS COITE DO NOIA LTDA,Comércio varejista de combustíveis para veículos automotores,Sem compra,Não indústria
@cleodoncontabilidade.com.br,29753053,E. V. DE OLIVEIRA COMERCIO E TRANSPORTES LTDA,Comércio varejista de combustíveis para veículos automotores,Sem compra,Não indústria
@cleodoncontabilidade.com.br,29763548,AUTO POSTO BL LTDA,Comércio varejista de combustíveis para veículos automotores,Sem compra,Não indústria
@cleodoncontabilidade.com.br,29790416,MG PETRO COMBUSTIVEIS LTDA,Comércio varejista de combustíveis para veículos automotores,Sem compra,Não indústria
@cleodoncontabilidade.com.br,29982332,AUTO POSTO UNIVERSAL LTDA,Comércio varejista de combustíveis para veículos automotores,Sem compra,Não indústria
@cleodoncontabilidade.com.br,30037211,SOLUTION ENERGIA SOLAR LTDA,Comércio atacadista de outras máquinas e equipamentos não especificados anteriormente; partes e peças,Sem compra,Não indústria
@cleodoncontabilidade.com.br,30568922,S T LIMA RAMOS LTDA,"Comércio varejista de mercadorias em geral, com predominância de produtos alimentícios - minimercados, mercearias e armazéns",Sem compra,Não indústria
@cleodoncontabilidade.com.br,31291877,SEMPRE BOM JESUS ALIMENTOS LTDA,"Comércio atacadista de mercadorias em geral, com predominância de produtos alimentícios",Sem compra,Não indústria
@cleodoncontabilidade.com.br,31391653,COMERCIAL VERDES CAMPOS LTDA,Comércio varejista de combustíveis para veículos automotores,Sem compra,Não indústria
@cleodoncontabilidade.com.br,31725466,MATHEUS NOBRE BELTRAO LTDA,Criação de frangos para corte,Sem compra,Não indústria
@cleodoncontabilidade.com.br,31732414,MM FRANGOS LTDA,"Comércio varejista de mercadorias em geral, com predominância de produtos alimentícios - supermercados",Sem compra,Não indústria
@cleodoncontabilidade.com.br,31982634,CLINICA VETERINARIA VET AMIGO LTDA,Atividades veterinárias,Sem compra,Não indústria
@cleodoncontabilidade.com.br,32253884,C J DE SOUSA LTDA,Comércio varejista de combustíveis para veículos automotores,Sem compra,Não indústria
@cleodoncontabilidade.com.br,32354700,J T NICACIO SILVA LTDA,"Comércio a varejo de automóveis, camionetas e utilitários usados",Sem compra,Não indústria
@cleodoncontabilidade.com.br,32357100,E.P. DE  ALBUQUERQUE LTDA,Comércio varejista de carnes - açougues,Sem compra,Não indústria
@cleodoncontabilidade.com.br,33231494,MAIS CAMPO DESENVOLVIMENTO LTDA,Comércio atacadista de alimentos para animais,Sem compra,Não indústria
@cleodoncontabilidade.com.br,33833792,AUTO POSTO VILLA LTDA,Comércio varejista de combustíveis para veículos automotores,Sem compra,Não indústria
@cleodoncontabilidade.com.br,34073062,POSTO SELECT LTDA,Comércio varejista de combustíveis para veículos automotores,Sem compra,Não indústria
@cleodoncontabilidade.com.br,34405715,MARINHO COMBUSTIVEIS LTDA,Comércio varejista de combustíveis para veículos automotores,Sem compra,Não indústria
@cleodoncontabilidade.com.br,35278406,AUTO POSTO BLUE PREMIUM LTDA,Comércio varejista de combustíveis para veículos automotores,Sem compra,Não indústria
@cleodoncontabilidade.com.br,35749921,PRAIA BELA CAFE RESTAURANTE E CONVENIENCIA LTDA,Comércio varejista de mercadorias em lojas de conveniência,Sem compra,Não indústria
@cleodoncontabilidade.com.br,35782528,AUTO POSTO SANTA IZABEL LTDA,Comércio varejista de combustíveis para veículos automotores,Sem compra,Não indústria
@cleodoncontabilidade.com.br,36698200,AUTO POSTO Na SENHORA APARECIDA COMBUSTIVEIS LTDA,Comércio varejista de combustíveis para veículos automotores,Sem compra,Não indústria
@cleodoncontabilidade.com.br,37714403,MAX FRANGOS LTDA,Comércio varejista de hortifrutigranjeiros,Sem compra,Não indústria
@cleodoncontabilidade.com.br,37715958,AUTO POSTO 220 LTDA,Comércio varejista de combustíveis para veículos automotores,Sem compra,Não indústria
@cleodoncontabilidade.com.br,37911681,TOTAL GIRO PRAIA COMERCIO DE COMBUSTIVEIS LTDA,Comércio varejista de combustíveis para veículos automotores,Sem compra,Não indústria
@cleodoncontabilidade.com.br,39322936,AUTO POSTO TOTAL 4 LTDA,Comércio varejista de combustíveis para veículos automotores,Sem compra,Não indústria
@cleodoncontabilidade.com.br,39482221,POSTO LAGOA MAR COMBUSTIVEIS LTDA,Comércio varejista de combustíveis para veículos automotores,Sem compra,Não indústria
@cleodoncontabilidade.com.br,39567744,AUTO POSTO PILAR COMERCIO DE COMBUSTIVEIS LTDA,Comércio varejista de combustíveis para veículos automotores,Sem compra,Não indústria
@cleodoncontabilidade.com.br,40349483,TN COMBUSTIVEIS LTDA,Comércio varejista de combustíveis para veículos automotores,Sem compra,Não indústria
@cleodoncontabilidade.com.br,40560766,TM RENT CAR LTDA,Locação de automóveis sem condutor,Sem compra,Não indústria
@cleodoncontabilidade.com.br,41702805,AUTO POSTO CAZUZINHO LTDA,Comércio varejista de combustíveis para veículos automotores,Sem compra,Não indústria
@cleodoncontabilidade.com.br,42029101,ECO POSTO ALTO DO CRUZEIRO LTDA,Comércio varejista de combustíveis para veículos automotores,Sem compra,Não indústria
@cleodoncontabilidade.com.br,43474255,AUTO POSTO QUARTO DE MILHA LTDA,Comércio varejista de combustíveis para veículos automotores,Sem compra,Não indústria
@cleodoncontabilidade.com.br,46018804,ATACADAO  SEMPRE BOM JESUS LTDA,"Comércio varejista de mercadorias em geral, com predominância de produtos alimentícios - supermercados",Sem compra,Não indústria
@cleodoncontabilidade.com.br,46687131,AUTO POSTO TOTAL GIRO 13 LTDA,Comércio varejista de combustíveis para veículos automotores,Sem compra,Não indústria
@cleodoncontabilidade.com.br,46702564,CONVENIENCIA POLO LTDA,Comércio varejista de mercadorias em lojas de conveniência,Sem compra,Não indústria
@cleodoncontabilidade.com.br,47993663,CLAUDINO AGRONEGOCIOS LTDA,Criação de camarões em água salgada e salobra,Sem compra,Não indústria
@cleodoncontabilidade.com.br,48196035,POSTO SATUBA LTDA,Comércio varejista de combustíveis para veículos automotores,Sem compra,Não indústria
@cleodoncontabilidade.com.br,50519451,POSTO SANTO ANTONIO LTDA,Comércio varejista de combustíveis para veículos automotores,Sem compra,Não indústria
@cleodoncontabilidade.com.br,51255730,AGRO DESENVOLVIMENTO LTDA,Comércio atacadista de alimentos para animais,Sem compra,Não indústria
@cleodoncontabilidade.com.br,51380471,ED. ALBUQUERQUE LTDA,Comércio varejista de carnes - açougues,Sem compra,Não indústria
@cleodoncontabilidade.com.br,52191678,AUTO POSTO POLO LTDA,Comércio varejista de combustíveis para veículos automotores,Sem compra,Não indústria
@cleodoncontabilidade.com.br,53753508,AL EXPRESS CONSTRUTORA LTDA,Loteamento de imóveis próprios,Sem compra,Não indústria
@cleodoncontabilidade.com.br,53755148,AUTO POSTO LEANDRO LTDA,Comércio varejista de combustíveis para veículos automotores,Sem compra,Não indústria
@cleodoncontabilidade.com.br,54013914,POSTO TOTAL GIRO MATA DO ROLO LTDA,Comércio varejista de combustíveis para veículos automotores,Sem compra,Não indústria
@cleodoncontabilidade.com.br,55378874,TN COMBUSTIVEIS - UNIDADE BRASILIANA LTDA,Comércio varejista de combustíveis para veículos automotores,Sem compra,Não indústria
@cleodoncontabilidade.com.br,55894566,TCN COMBUSTIVEIS LTDA,Comércio varejista de combustíveis para veículos automotores,Sem compra,Não indústria
@cleodoncontabilidade.com.br,58173144,CAVALCANTE SILVA LTDA,Restaurantes e similares,Sem compra,Não indústria
@cleodoncontabilidade.com.br,58178493,CLEOSELMA CONTABILIDADE E SERVICOS LTDA,Atividades de contabilidade,Sem compra,Não indústria
@cleodoncontabilidade.com.br,58524746,"JP LOCACOES, MAQUINAS E IMPLEMENTOS LTDA","Locação de outros meios de transporte não especificados anteriormente, sem condutor",Sem compra,Não indústria
@cleodoncontabilidade.com.br,61964063,AUTO POSTO COITE DO NOIA LTDA,Comércio varejista de combustíveis para veículos automotores,Sem compra,Não indústria
@cleodoncontabilidade.com.br,62054180,HOME CENTER PILAR LTDA,Comércio varejista de materiais de construção em geral,Sem compra,Não indústria
@cleodoncontabilidade.com.br,62100994,HOME CENTER LTDA,Comércio varejista de materiais de construção em geral,Sem compra,Não indústria
@cleodoncontabilidade.com.br,63294100,POSTO POR DO SOL LTDA,Comércio varejista de combustíveis para veículos automotores,Sem compra,Não indústria
@cleodoncontabilidade.com.br,66193440,AUTO POSTO RIVIERA LTDA,Comércio varejista de combustíveis para veículos automotores,Sem compra,Não indústria
@cleodoncontabilidade.com.br,66256493,AUTO POSTO SANTO EXPEDITO LTDA,Comércio varejista de combustíveis para veículos automotores,Sem compra,Não indústria
@cleodoncontabilidade.com.br,66602684,AUTO POSTO PATRAO LTDA,Comércio varejista de combustíveis para veículos automotores,Sem compra,Não indústria
@cleodoncontabilidade.com.br,66726644,VIVERE LTDA,Aluguel de imóveis próprios,Sem compra,Não indústria
@cleodoncontabilidade.com.br,69999456,S.A DA SILVA E CIA LTDA,Comércio varejista de combustíveis para veículos automotores,Sem compra,Não indústria
@concentre-al.com.br,56266066,CONSOCIO CANAFISTULA AL220,Construcao,Sem compra,Indústria
@concentre-al.com.br,57009916,PEREIRA LUCIO & AR ENGENHARIA -GIRAU DO PONCIANO/AL,Construcao,Sem compra,Indústria
@concentre-al.com.br,02952560,CIMCOL CONSTRUCOES LTDA,Construcao,Sem compra,Indústria
@concentre-al.com.br,58488885,MINERACAO SANTA LUZIA LTDA,Industria extrativa,Sem compra,Indústria
@concentre-al.com.br,18950078,M & M CONSTRUCOES LTDA,Construcao,Sem compra,Indústria
@concentre-al.com.br,00353288,A M REPRESENTACOES LTDA,Representantes comerciais e agentes do comércio de mercadorias em geral não especializado,Sem compra,Não indústria
@concentre-al.com.br,07305577,CONCENTRE CONSULTORIA EMPRESARIAL S/S,Serviços combinados de escritório e apoio administrativo,Sem compra,Não indústria
@concentre-al.com.br,14001004,VILMA STIMER,Atividades de estética e outros serviços de cuidados com a beleza,Sem compra,Não indústria
@concentre-al.com.br,21008341,TBB Alimentos do Brasil Ltda,Restaurantes e similares,Sem compra,Não indústria
@concentre-al.com.br,26896459,ASAFENEST - SERVICOS MEDICOS LTDA,Atividade médica ambulatorial com recursos para realização de procedimentos cirúrgicos,Sem compra,Não indústria
@concentre-al.com.br,30804456,PEDRI LTDA,Atividades de condicionamento físico,Sem compra,Não indústria
@concentre-al.com.br,33623276,MCM SALAO DE BELEZA LTDA,"Cabeleireiros, manicure e pedicure",Sem compra,Não indústria
@concentre-al.com.br,33887385,NLC  SERVICOS DE APOIO ADMINISTRATIVO LTDA,Compra e venda de imóveis próprios,Sem compra,Não indústria
@concentre-al.com.br,34056368,KATIA LANUZA DE CARVALHO BOTELHO,Correspondentes de instituições financeiras,Sem compra,Não indústria
@concentre-al.com.br,38139323,BLUE DIAMOND ENTERPRISE LTDA,Treinamento em desenvolvimento profissional e gerencial,Sem compra,Não indústria
@concentre-al.com.br,41948322,NOA - NUCLEO DE ODONTOLOGIA DAS AMERICAS LTDA,Educação superior - pós-graduação e extensão,Sem compra,Não indústria
@concentre-al.com.br,42399630,MADALENA ELIAS ROMANELLI CLINICA DE PSICOLOGIA LTDA,Atividades de psicologia e psicanálise,Sem compra,Não indústria
@concentre-al.com.br,42890760,SENIOR TERAPIAS LTDA,Atividades de terapia ocupacional,Sem compra,Não indústria
@concentre-al.com.br,49755302,"TRANSVERSAL- CONSULTORIA, HUMANIZACAO, CAPACITACAO EM SAUDE E EDUCACAO  LTDA","Atividades de consultoria em gestão empresarial, exceto consultoria técnica específica",Sem compra,Não indústria
@concentre-al.com.br,51577472,SSW MARKETING LTDA,Marketing direto,Sem compra,Não indústria
@concentre-al.com.br,53977965,CENTRO DE TRANSPLANTE CAPILAR E CIRURGIA PLASTICA LTDA,Atividade médica ambulatorial com recursos para realização de procedimentos cirúrgicos,Sem compra,Não indústria
@concentre-al.com.br,54026933,BARBATANA BOATS TURISMO LTDA,Transporte aquaviário para passeios turísticos,Sem compra,Não indústria
@concentre-al.com.br,54223710,LOPES & MONTEIRO SALAO DE BELEZA LTDA,"Cabeleireiros, manicure e pedicure",Sem compra,Não indústria
@concentre-al.com.br,54666634,RC MARKETING LTDA,Marketing direto,Sem compra,Não indústria
@concentre-al.com.br,55803077,SANTA LUZIA LOCACOES DE EQUIPAMENTOS LTDA,"Aluguel de máquinas e equipamentos para construção sem operador, exceto andaimes",Sem compra,Não indústria
@concentre-al.com.br,57526045,ESPIRAR - CLINICA DE PNEUMOLOGIA LTDA,"Atividades de atendimento hospitalar, exceto pronto-socorro e unidades para atendimento a urgências",Sem compra,Não indústria
@concentre-al.com.br,57743592,ESPACO TERAPEUTICO IMAGINACAO LTDA,Atividade médica ambulatorial restrita a consultas,Sem compra,Não indústria
@concentre-al.com.br,59171170,INSTITUTO ALEGRIA DE VIVER LTDA,Atividades de psicologia e psicanálise,Sem compra,Não indústria
@concentre-al.com.br,59182754,DIEGO FELIX MASSOTERAPEUTA LTDA,Atividades de estética e outros serviços de cuidados com a beleza,Sem compra,Não indústria
@concentre-al.com.br,59953262,STUDIO DE BELEZA BELA CHIC LTDA,"Cabeleireiros, manicure e pedicure",Sem compra,Não indústria
@concentre-al.com.br,62801475,TENORIO MED LTDA,"Atividades de atendimento hospitalar, exceto pronto-socorro e unidades para atendimento a urgências",Sem compra,Não indústria
@conjural.com,54341616,MARANATA II SPE LTDA,Construcao,Sem compra,Indústria
@conjural.com,55753626,MARANATA II SPE LTDA SCP,Construcao,Sem compra,Indústria
@conjural.com,21097773,MAMC INVESTIMENTOS IMOBILIARIOS LTDA,Construcao,Sem compra,Indústria
@conjural.com,54026378,G A LOTEAMENTO E URBANIZACAO LTDA,Construcao,Sem compra,Indústria
@conjural.com,03266728,E M COMERCIAL LTDA - EM RECUPERACAO JUDICIAL,Industria de transformacao,Sem compra,Indústria
@conjural.com,01189671,LENILCE ABREU ARAUJO,Atividades de atenção ambulatorial não especificadas anteriormente,Sem compra,Não indústria
@conjural.com,43105575,RANCHO LUZ CULTIVO DE PEIXES E CAMAROES LTDA,Criação de camarões em água salgada e salobra,Sem compra,Não indústria
@conjural.com,47185961,PELE LIFE LTDA,Atividade médica ambulatorial restrita a consultas,Sem compra,Não indústria
@conjural.com,54313004,GLA EMPREENDIMENTOS HOTELEIROS LTDA,Atividades de cobranças e informações cadastrais,Sem compra,Não indústria
@conjural.com,54617979,JRV IMPORTADORA E EXPORTADORA LTDA,Comércio atacadista de equipamentos de informática,Sem compra,Não indústria
@conjural.com,55593284,JSL MEIO AMBIENTE E TOPOGRAFIA LTDA,"Serviços de cartografia, topografia e geodésia",Sem compra,Não indústria
@conjural.com,58128353,INSIGHT TI SERVICOS LTDA,Consultoria em tecnologia da informação,Sem compra,Não indústria
@conjural.com,60910839,VITALI ADMINISTRACAO E SERVICOS LTDA,Serviços de reservas e outros serviços de turismo não especificados anteriormente,Sem compra,Não indústria
@conjural.com,63094815,LEITE GAMA NEGOCIOS LTDA,Consultoria em tecnologia da informação,Sem compra,Não indústria
@conjural.com,63848703,SIG SERVICOS LTDA,Limpeza em prédios e em domicílios,Sem compra,Não indústria
@conjural.com,64793861,A&B MAIS ADMINISTRACAO E SERVICOS LTDA,Serviços de reservas e outros serviços de turismo não especificados anteriormente,Sem compra,Não indústria
@consilium.cnt.br,41554752,MEDICINA INTEGRADA SERVICOS MEDICOS LTDA,Atividade médica ambulatorial com recursos para realização de exames complementares,Sem compra,Não indústria
@consilium.cnt.br,48165725,NOVA MEDICINA LTDA,Atividade médica ambulatorial com recursos para realização de procedimentos cirúrgicos,Sem compra,Não indústria
@consilium.cnt.br,55250291,BHC SERVICOS MEDICOS LTDA,Atividade médica ambulatorial com recursos para realização de procedimentos cirúrgicos,Sem compra,Não indústria
@consilium.cnt.br,62488808,BRAMED SERVICOS MEDICOS LTDA,Atividade médica ambulatorial com recursos para realização de procedimentos cirúrgicos,Sem compra,Não indústria
@consilium.cnt.br,64586534,BARBOSA SERVICOS MEDICOS LTDA,Atividade médica ambulatorial com recursos para realização de procedimentos cirúrgicos,Sem compra,Não indústria
@consilium.cnt.br,65410163,REUMATOLOGISTAS ASSOCIADOS LTDA,Atividade médica ambulatorial com recursos para realização de exames complementares,Sem compra,Não indústria
@consilium.cnt.br,66679611,ARAUJO MEDEIROS SAUDE & PERFORMANCE LTDA,Atividade médica ambulatorial com recursos para realização de exames complementares,Sem compra,Não indústria
@consilium.cnt.br,66699739,NEUROLOGIA VITAL LTDA,Atividade médica ambulatorial com recursos para realização de procedimentos cirúrgicos,Sem compra,Não indústria
@consilium.cnt.br,67117491,INTEGRAMED SERVICOS MEDICOS LTDA,Atividade médica ambulatorial com recursos para realização de exames complementares,Sem compra,Não indústria
@construtorarecord.com.br,57013558,PROJETO IMOBILIARIO MARBELLA NORTE SPE LTDA,Construcao,Ativo,Indústria
@construtorarecord.com.br,57015148,PROJETO IMOBILIARIO MARBELLA SUL SPE LTDA,Construcao,Ativo,Indústria
@construtorarecord.com.br,09260643,RECORD PARTICIPACOES LTDA,Construcao,Inativo,Indústria
@construtorarecord.com.br,51482387,PROJETO IMOBILIARIO RECORD 27 SPE LTDA,Construcao,Sem compra,Indústria
@construtorarecord.com.br,14783374,PROJETO IMOBILIARIO RECORD 26 SPE LTDA,Construcao,Sem compra,Indústria
@construtorarecord.com.br,51482488,PROJETO IMOBILIARIO RECORD 28 SPE LTDA,Construcao,Sem compra,Indústria
@construtorarecord.com.br,58860647,PROJETO IMOBILIARIO RECORD 29 SPE LTDA,Construcao,Sem compra,Indústria
@consulplancontabil.com.br,31519647,CONSORCIO HOSPITAL REGIONAL DE UNIAO DOS PALMARES,Construcao,Sem compra,Indústria
@consulplancontabil.com.br,14678249,C2 CONSTRUCOES E LOCACOES LTDA,Construcao,Sem compra,Indústria
@consulplancontabil.com.br,42898313,TPC - RH ESPECIALIZADO EM ENGENHARIA LTDA,Construcao,Sem compra,Indústria
@consulplancontabil.com.br,55363548,PRATICY ENGENHARIA E ARQUITETURA LTDA,Atividades profissionais e tecnicas,Sem compra,Indústria
@consulplancontabil.com.br,01420806,CENTROCON CENTRO DE CONSTRUCOES LTDA,Comércio varejista de materiais de construção não especificados anteriormente,Sem compra,Não indústria
@consulplancontabil.com.br,02611162,MARAMAR COMERCIO INTERNACIONAL LTDA,"Comércio atacadista de mercadorias em geral, sem predominância de alimentos ou de insumos agropecuários",Sem compra,Não indústria
@consulplancontabil.com.br,03474477,PASSOS E GALVAO LTDA,"Comércio atacadista de mercadorias em geral, sem predominância de alimentos ou de insumos agropecuários",Sem compra,Não indústria
@consulplancontabil.com.br,04124823,AMINOCAP INDUSTRIA E COMERCIO LTDA,"Comércio atacadista de defensivos agrícolas, adubos, fertilizantes e corretivos do solo",Sem compra,Não indústria
@consulplancontabil.com.br,04218292,INTERACTION LOGISTICA E COMERCIO INTERNACIONAL LTDA,Comércio atacadista especializado em outros produtos intermediários não especificados anteriormente,Sem compra,Não indústria
@consulplancontabil.com.br,05945976,WR COMERCIAL IMPORTACAO E EXPORTACAO DE GENEROS ALIMENTICIOS LTDA,"Comércio atacadista de frutas, verduras, raízes, tubérculos, hortaliças e legumes frescos",Sem compra,Não indústria
@consulplancontabil.com.br,12591019,R DA S COSTA E MENDONCA COMERCIO DE TECIDOS LTDA,Comércio varejista de tecidos,Sem compra,Não indústria
@consulplancontabil.com.br,13250332,FONTEBRAS COMERCIO EXTERIOR LTDA,Comércio atacadista de cosméticos e produtos de perfumaria,Sem compra,Não indústria
@consulplancontabil.com.br,14690436,HC REPRESENTACOES E COMERCIO EXTERIOR LTDA,Comércio atacadista especializado em outros produtos alimentícios não especificados anteriormente,Sem compra,Não indústria
@consulplancontabil.com.br,15005881,NAVI INTERPRISE COMERCIO DE MERCADORIAS EM GERAL LTDA,"Comércio atacadista de mercadorias em geral, sem predominância de alimentos ou de insumos agropecuários",Sem compra,Não indústria
@consulplancontabil.com.br,19034367,AUTO POSTO ALAZAO LTDA,Comércio varejista de combustíveis para veículos automotores,Sem compra,Não indústria
@consulplancontabil.com.br,19370652,TAMO JUNTO EMPREENDIMENTOS LTDA,Compra e venda de imóveis próprios,Sem compra,Não indústria
@consulplancontabil.com.br,22531405,"ANIMA BUFFET, FESTAS E EVENTOS LTDA",Casas de festas e eventos,Sem compra,Não indústria
@consulplancontabil.com.br,28257336,R2G CONSULTORIA E INTERMEDIACAO DE NEGOCIOS LTDA,"Atividades de intermediação e agenciamento de serviços e negócios em geral, exceto imobiliários",Sem compra,Não indústria
@consulplancontabil.com.br,34283310,DOLOMITI COMERCIAL IMPORTADORA E EXPORTADORA LTDA,Comércio atacadista de outras máquinas e equipamentos não especificados anteriormente; partes e peças,Sem compra,Não indústria
@consulplancontabil.com.br,35636737,PARU BOUTIQUE HOTEL LTDA.,Outros alojamentos não especificados anteriormente,Sem compra,Não indústria
@consulplancontabil.com.br,39870821,MAKAHA'S INTERNATIONAL LTDA,Comércio atacadista de artigos de armarinho,Sem compra,Não indústria
@consulplancontabil.com.br,42103761,BORTOLOSSO COMERCIAL IMPORTADORA LTDA,Comércio por atacado de peças e acessórios novos para veículos automotores,Sem compra,Não indústria
@consulplancontabil.com.br,43785078,"4TRADINGBRASIL COMERCIO, IMPORTACAO E EXPORTACAO LTDA","Comércio atacadista de mercadorias em geral, sem predominância de alimentos ou de insumos agropecuários",Sem compra,Não indústria
@consulplancontabil.com.br,46854375,WGX COMERCIO INTERNACIONAL LTDA,"Comércio atacadista de mercadorias em geral, sem predominância de alimentos ou de insumos agropecuários",Sem compra,Não indústria
@consulplancontabil.com.br,50205967,BRING COMERCIO EXTERIOR LTDA,Representantes comerciais e agentes do comércio de mercadorias em geral não especializado,Sem compra,Não indústria
@consulplancontabil.com.br,52881342,FR COMERCIO E DISTRIBUIDORA LTDA,Comércio atacadista de aparelhos eletrônicos de uso pessoal e doméstico,Sem compra,Não indústria
@consulplancontabil.com.br,54964485,VM IMPORTS LTDA,"Comércio atacadista de bolsas, malas e artigos de viagem",Sem compra,Não indústria
@consulplancontabil.com.br,57255728,WEINI IMPORTACAO E EXPORTACAO LTDA,Comércio atacadista de Máquinas e equipamentos para uso industrial; partes e peças,Sem compra,Não indústria
@consulplancontabil.com.br,58988458,CAP TRADE BRASIL COMERCIO EXTERIOR E DISTRIBUICAO LTDA,Comércio atacadista de outros produtos químicos e petroquímicos não especificados anteriormente,Sem compra,Não indústria
@consultebueno.com,58193779,MOREIRA CAMPOS ENGENHARIA LTDA,Atividades profissionais e tecnicas,Sem compra,Indústria
@consultebueno.com,63372960,MARIA LUIZA FERNANDES LIMA PEREZ SERVICOS DE ENGENHARIA LTDA,Atividades profissionais e tecnicas,Sem compra,Indústria
@consultebueno.com,41729701,TKB CONVENIENCIAS DO BRASIL LTDA,Comércio varejista de mercadorias em lojas de conveniência,Sem compra,Não indústria
@consultebueno.com,52473934,ESPACO SERGIO FENIX LTDA,"Cabeleireiros, manicure e pedicure",Sem compra,Não indústria
@consultebueno.com,53712697,DOBEM CANTINAS ESCOLARES AMS LTDA,Cantinas - serviços de alimentação privativos,Sem compra,Não indústria
@consultebueno.com,58409006,RUBENS PAIVA DE AMORIM GAS LTDA,Comércio varejista de gás liqüefeito de petróleo (GLP),Sem compra,Não indústria
@consultebueno.com,59036879,FIKIR ASSESSORIA EMPRESARIAL LTDA,Treinamento em desenvolvimento profissional e gerencial,Sem compra,Não indústria
@consultoria-fcb.com,23312500,INDUSTRIAL ALIMENTOS TALISMA LTDA,Industria de transformacao,Inativo,Indústria
@consultoria-fcb.com,37501760,ITELAS INDUSTRIA E COMERCIO DE ARTEFATOS DE METAL LTDA,Industria de transformacao,Sem compra,Indústria
@consultoria-fcb.com,49822126,PANIFICADORA ARAPIRACA LTDA,Industria de transformacao,Sem compra,Indústria
@consultoria-fcb.com,13372487,C M M ARAUJO DE ALMEIDA LTDA,"Comércio varejista de produtos farmacêuticos, sem manipulação de fórmulas",Sem compra,Não indústria
@consultoria-fcb.com,22791442,VALDECI NASCIMENTO DE ALMEIDA PADARIA LTDA,Padaria e confeitaria com predominância de revenda,Sem compra,Não indústria
@consultoria-fcb.com,23158494,ORYTHAX TECNOLOGIA E INOVACAO LTDA,Web design,Sem compra,Não indústria
@consultoria-fcb.com,25325046,M MENDES BRITO,Comércio varejista de artigos do vestuário e acessórios,Sem compra,Não indústria
@consultoria-fcb.com,26658030,J C CORREIA DA SILVA ALIMENTOS,"Lanchonetes, casas de chá, de sucos e similares",Sem compra,Não indústria
@contab-ai.com.br,45498710,EL ELYON INDUSTRIA DE PERSIANAS E DE CORTINAS LTDA,Industria de transformacao,Ativo,Indústria
@contab-ai.com.br,21817491,EL ELYON LTDA,Industria de transformacao,Sem compra,Indústria
@contab-ai.com.br,44165383,DUARTE E VILA VERDE LTDA,Industria de transformacao,Sem compra,Indústria
@contab-ai.com.br,47676619,4 RODAS SERVICOS AUTOMOTIVOS LTDA,Comercio e reparacao de veiculos,Sem compra,Indústria
@contab-ai.com.br,24742974,4 RODAS COMERCIO E SERVICOS AUTOMOTIVOS LTDA,Comércio a varejo de peças e acessórios novos para veículos automotores,Sem compra,Não indústria
@contabeispratica.com.br,51393615,LN CONSTRUCOES E SERVICOS LTDA,Construcao,Sem compra,Indústria
@contabeispratica.com.br,18686645,NAC EMPREENDIMENTOS IMOBILIARIOS LTDA,Construcao,Sem compra,Indústria
@contabeispratica.com.br,32358254,L2 HOLDING LTDA,Construcao,Sem compra,Indústria
@contabeispratica.com.br,22548148,J. R.RODRIGUES DA COSTA MOTORES,Industria de transformacao,Sem compra,Indústria
@contabeispratica.com.br,32723212,JARBAS GOMES DE MELO 05072285456,Industria de transformacao,Sem compra,Indústria
@contabeispratica.com.br,38036318,JEFFERSON SILVA MARQUES PEREIRA 10983189439,Comercio e reparacao de veiculos,Sem compra,Indústria
@contabeispratica.com.br,46544023,PETRA CONSTRUCOES LTDA,Construcao,Sem compra,Indústria
@contabeispratica.com.br,48305942,OLIFRIO MACEIO LTDA,Comercio e reparacao de veiculos,Sem compra,Indústria
@contabeispratica.com.br,50610299,SAINT MORITZ LTDA,Construcao,Sem compra,Indústria
@contabeispratica.com.br,53671982,VITTA SORVETES E ACAI MACEIO LTDA,Industria de transformacao,Sem compra,Indústria
@contabeispratica.com.br,29955529,SOCIEDADE LINCEANA DE EDUCACAO LTDA,Ensino fundamental,Sem compra,Não indústria
@contabeispratica.com.br,32328336,SOCIEDADE DE EDUCACAO BASICA DE ALAGOAS LTDA,Ensino médio,Sem compra,Não indústria
@contabeispratica.com.br,32470917,CENTRO DELMIRENSE DE ENSINO SUPERIOR LTDA,Educação profissional de nível técnico,Sem compra,Não indústria
@contabeispratica.com.br,32774430,ADMINISTRACAO ALAGOANA DE CURSO SUPERIOR LTDA,Educação superior - graduação,Sem compra,Não indústria
@contabeispratica.com.br,32774458,CURSO SUPERIOR DE CIENCIAS CONTABEIS LTDA,Educação superior - graduação,Sem compra,Não indústria
@contabeispratica.com.br,34833982,SANIT AL AMBIENTAL LTDA,Imunização e controle de pragas urbanas,Sem compra,Não indústria
@contabeispratica.com.br,36936194,VITTA SORVETES E ACAI LTDA,Comércio varejista de produtos alimentícios em geral ou especializado em produtos alimentícios não especificados anteriormente,Sem compra,Não indústria
@contabeispratica.com.br,37851975,CENTRO DELMIRENSE DE CURSOS LIVRES LTDA,Cursos preparatórios para concursos,Sem compra,Não indústria
@contabeispratica.com.br,38079282,PRATICA GESTAO E ADMINISTRACAO DE CONDOMINIOS LTDA,Gestão e administração da propriedade imobiliária,Sem compra,Não indústria
@contabeispratica.com.br,39668609,AGUA FRESCA LTDA,Comércio atacadista de água mineral,Sem compra,Não indústria
@contabeispratica.com.br,39682812,AGROTERRA NORDESTE LTDA,"Comércio atacadista de mercadorias em geral, com predominância de insumos agropecuários",Sem compra,Não indústria
@contabeispratica.com.br,40834125,J. M. DE A. FALCAO FILHO ASSESSORIA E CONSULTORIA LTDA,"Atividades de consultoria em gestão empresarial, exceto consultoria técnica específica",Sem compra,Não indústria
@contabiliza-al.com.br,39676924,DARIO FERNANDES DA SILVA TELECOMUNICACOES,Informacao e comunicacao,Ativo,Indústria
@contabiliza-al.com.br,35371749,ENCANTO DO TEAR LTDA,"Comércio varejista de artigos de tapeçaria, cortinas e persianas",Ativo,Não indústria
@contabiliza-al.com.br,61047084,EDJUNIOR INSTALACOES E ENGENHARIA LTDA,Construcao,Sem compra,Indústria
@contabiliza-al.com.br,54805202,VK AVALIACOES LTDA,Atividades profissionais e tecnicas,Sem compra,Indústria
@contabiliza-al.com.br,54852458,FREIRE AVALIACOES LTDA,Atividades profissionais e tecnicas,Sem compra,Indústria
@contabiliza-al.com.br,54872941,AMANDA LEMOS AVALIACOES LTDA,Atividades profissionais e tecnicas,Sem compra,Indústria
@contabiliza-al.com.br,55069303,MABYO FERREIRA DA SILVA COMERCIO,Industria de transformacao,Sem compra,Indústria
@contabiliza-al.com.br,58845541,MABYO F DA SILVA SERVICOS LTDA,"Agua, esgoto e residuos",Sem compra,Indústria
@contabiliza-al.com.br,19428003,NIVALDO TEODORO DOS SANTOS E CIA LTDA,"Transporte rodoviário coletivo de passageiros, com itinerário fixo, intermunicipal, exceto em região metropolitana",Sem compra,Não indústria
@contabiliza-al.com.br,19443448,MOAB DE ALENCAR SOUZA TRANSPORTES,"Transporte rodoviário coletivo de passageiros, com itinerário fixo, intermunicipal, exceto em região metropolitana",Sem compra,Não indústria
@contabiliza-al.com.br,19447174,ALENCAR E SILVA TRANSPORTE LTDA,"Transporte rodoviário coletivo de passageiros, com itinerário fixo, intermunicipal, exceto em região metropolitana",Sem compra,Não indústria
@contabiliza-al.com.br,19516345,J. M. D. ARAUJO,"Transporte rodoviário coletivo de passageiros, com itinerário fixo, intermunicipal, exceto em região metropolitana",Sem compra,Não indústria
@contabiliza-al.com.br,21371712,LOPES COMERCIO DE COSMETICOS LTDA,"Comércio varejista de cosméticos, produtos de perfumaria e de higiene pessoal",Sem compra,Não indústria
@contabiliza-al.com.br,46266376,PARANHOS E BRITO LTDA,"Comércio varejista de mercadorias em geral, com predominância de produtos alimentícios - supermercados",Sem compra,Não indústria
@contabiliza-al.com.br,55994731,J & C SUPERMERCADO LTDA,"Comércio varejista de mercadorias em geral, com predominância de produtos alimentícios - supermercados",Sem compra,Não indústria
@contabilizei.com.br,61970751,JORGE DE GOES MASCARENHAS NETO LTDA,Atividades profissionais e tecnicas,Sem compra,Indústria
@contabilizei.com.br,63394527,SOUZA E SOUZA CRUZ LTDA,Atividades administrativas e servicos,Sem compra,Indústria
@contabilizei.com.br,39968582,W2R SABINO ENGENHARIA E CONSULTORIA LTDA,Atividades profissionais e tecnicas,Sem compra,Indústria
@contabilizei.com.br,42223138,CHILL CONSULTORIA EM TECNOLOGIA DA INFORMACAO LTDA,Informacao e comunicacao,Sem compra,Indústria
@contabilizei.com.br,54530957,WATTHI ENGENHARIA ELETRICA E AUTOMACAO LTDA,Atividades profissionais e tecnicas,Sem compra,Indústria
@contabilizei.com.br,54677876,AMANDA SILVA E SOUZA LTDA,Atividades profissionais e tecnicas,Sem compra,Indústria
@contabilizei.com.br,55506420,THIAGO CARLOTA DOS SANTOS LTDA,Atividades profissionais e tecnicas,Sem compra,Indústria
@contabilizei.com.br,56885887,RHEMA IHMOB NEGOCIOS DIGITAIS LTDA,Informacao e comunicacao,Sem compra,Indústria
@contabilizei.com.br,57043356,JOAO VICTOR F A PINTO ENGENHARIA LTDA,Atividades profissionais e tecnicas,Sem compra,Indústria
@contabilizei.com.br,57325655,CAIO FERNANDO DA SILVA LTDA,Atividades profissionais e tecnicas,Sem compra,Indústria
@contabilizei.com.br,57918482,MARIA BIANCA DE OLIVEIRA DIAS & CIA LTDA,Atividades profissionais e tecnicas,Sem compra,Indústria
@contabilizei.com.br,58534176,AMPION SOLUCOES EM ENERGIA LTDA,Atividades profissionais e tecnicas,Sem compra,Indústria
@contabilizei.com.br,58949327,ROSATEXSO LTDA,Atividades profissionais e tecnicas,Sem compra,Indústria
@contabilizei.com.br,59061410,DIEGO VITAL JATOBA LTDA,Atividades profissionais e tecnicas,Sem compra,Indústria
@contabilizei.com.br,59429170,LEONARDO PEREIRA DA SILVA SOUZA LTDA,Atividades profissionais e tecnicas,Sem compra,Indústria
@contabilizei.com.br,59435414,ARQUIHUB LTDA,Construcao,Sem compra,Indústria
@contabilizei.com.br,61705055,MARCOS PAULO SIMOES DAMASCENO LTDA,Atividades profissionais e tecnicas,Sem compra,Indústria
@contabilizei.com.br,62761339,JOSE CARLITO DE AMORIM FILHO LTDA,Construcao,Sem compra,Indústria
@contabilizei.com.br,63103653,LUIS GUSTAVO DE MOURA REIS & CIA LTDA,Atividades profissionais e tecnicas,Sem compra,Indústria
@contabilizei.com.br,63313756,MEIFEL ENGENHARIA DIAGNOSTICA E SERVICOS LTDA,Atividades profissionais e tecnicas,Sem compra,Indústria
@contabilizei.com.br,63465463,INFR4 CONSULTORIA E PROJETO LTDA,Atividades profissionais e tecnicas,Sem compra,Indústria
@contabilizei.com.br,64095859,STRATOS ENGENHARIA LTDA,Atividades profissionais e tecnicas,Sem compra,Indústria
@contabilizei.com.br,17503101,GALVAO & CUNHA LTDA,Corretagem na compra e venda e avaliação de imóveis,Sem compra,Não indústria
@contabilizei.com.br,36764206,JOAO RENATO CAVALCANTE ROLIM AGENCIA DE PUBLICIDADE LTDA,Agências de publicidade,Sem compra,Não indústria
@contabilizei.com.br,38266885,ESPINDOLA E DE ALMEIDA JUNIOR SERVICOS MEDICOS LTDA,Atividade médica ambulatorial com recursos para realização de procedimentos cirúrgicos,Sem compra,Não indústria
@contabilizei.com.br,41616239,RAFAEL MARQUES CAVALCANTE NETO & CIA LTDA,Desenvolvimento e licenciamento de programas de computador customizáveis,Sem compra,Não indústria
@contabilizei.com.br,59694716,ALEXANDRE GONCALVES DE OLIVEIRA & CIA LTDA,Consultoria em tecnologia da informação,Sem compra,Não indústria
@contabilizei.com.br,61743932,"BOSCH, LARA E MONTENEGRO CORRETORA DE SEGUROS LTDA","Corretores e agentes de seguros, de planos de previdência complementar e de saúde",Sem compra,Não indústria
@contabilizei.com.br,61865477,T PAES CAVALCANTI  LTDA,Representantes comerciais e agentes do comércio de peças e acessórios novos e usados para veículos automotores,Sem compra,Não indústria
@contabilizei.com.br,63363839,DRA. ANA DE CASSIA SERVICOS MEDICOS INTEGRATIVOS LTDA,Atividade médica ambulatorial restrita a consultas,Sem compra,Não indústria
@contabilizei.com.br,63850579,LUCAS DANIEL RODRIGUES DA CUNHA  LTDA,Marketing direto,Sem compra,Não indústria
@contabilizei.com.br,65590650,SOLLUM PROJETOS E CONSULTORIA LTDA,Atividades profissionais e tecnicas,Sem compra,Indústria
@contabilizei.com.br,66284964,CLINICA ESSENTIA VITAE PSIQUIATRIA ATIVIDADES DE PSICOLOGIA E PSICANALISE LTDA,Atividades de psicologia e psicanálise,Sem compra,Não indústria
@contabilizeweb.com,10497021,SL CONSTRUCOES E LOCACOES LTDA,Construcao,Sem compra,Indústria
@contabilizeweb.com,14180300,T & P ENGENHARIA LTDA,Atividades profissionais e tecnicas,Sem compra,Indústria
@contabilizeweb.com,09331912,JOSE CLAUDIVAL DOS SANTOS,Construcao,Sem compra,Indústria
@contabilizeweb.com,35582486,CERQUEIRA E COUTINHO ENERGIAS RENOVAVEIS LTDA,Construcao,Sem compra,Indústria
@contabilizeweb.com,31160105,JOSE ANTONIO CAFES LTDA,Comércio varejista de produtos alimentícios em geral ou especializado em produtos alimentícios não especificados anteriormente,Sem compra,Não indústria
@contamedica.com.br,41533273,PAULO CEZAR DE ALMEIDA SERVICOS MEDICOS LTDA,Atividade médica ambulatorial restrita a consultas,Sem compra,Não indústria
@contamedica.com.br,42782456,DIOGO RIBEIRO SERVICOS MEDICOS LTDA,Atividade médica ambulatorial restrita a consultas,Sem compra,Não indústria
@contamedica.com.br,48588540,AMANDA BARBOSA SERVICOS MEDICOS LTDA,Atividade médica ambulatorial restrita a consultas,Sem compra,Não indústria
@contamedica.com.br,48690369,BRENON TORRES SERVICOS MEDICOS LTDA,Atividade médica ambulatorial restrita a consultas,Sem compra,Não indústria
@contamedica.com.br,50654415,PAIXAO E MENDES SERVICOS MEDICOS LTDA,Atividade médica ambulatorial restrita a consultas,Sem compra,Não indústria
@contato.com,33795971,ALGARVE INCORPORACAO SPE LTDA,Construcao,Ativo,Indústria
@contato.com,12970380,TEXFORM GESTAO E EDITORIAL LTDA,Industria de transformacao,Sem compra,Indústria
@contato.com,35605530,DLSM CONSTRUCOES E INCORPORACOES LTDA,Construcao,Sem compra,Indústria
@contato.com,35650940,RESERVA PALMARES INCORPORACAO SPE LTDA,Construcao,Sem compra,Indústria
@contato.com,45409429,CARAPEBA CONSTRUCOES SPE LTDA,Construcao,Sem compra,Indústria
@contato.com,55633471,REFINARIA DE PETROLEO DE PILAR S/A,Industria de transformacao,Sem compra,Indústria
@contato.com,48955980,NEW HOUSE INCORPORACAO SPE LTDA,Construcao,Sem compra,Indústria
@contato.com,18401641,GEORGE A DA SILVA LTDA,Industria de transformacao,Sem compra,Indústria
@contato.com,51512512,SIR BUSINESS ONE ADM LTDA,Construcao,Sem compra,Indústria
@contato.com,61038671,P J G VITAL JUNIOR CHAMA+RECICLA,"Agua, esgoto e residuos",Sem compra,Indústria
@contato.com,62656879,YMOVV CORPORATE PARTICIPACAO E EMPREENDIMENTOS IMOBILIARIOS LTDA,Construcao,Sem compra,Indústria
@contato.com,08668859,JOSE MARCONDES VITAL RODRIGUES LTDA,"Comércio varejista de mercadorias em geral, com predominância de produtos alimentícios - minimercados, mercearias e armazéns",Sem compra,Não indústria
@contato.com,12369807,IMOBILIARIA SANTO ANTONIO LTDA,Compra e venda de imóveis próprios,Sem compra,Não indústria
@contato.com,16668475,EYEDUC INTELIGENCIA EDUCACIONAL LTDA,Desenvolvimento e licenciamento de programas de computador customizáveis,Sem compra,Não indústria
@contato.com,19661267,EFAM AGROPECUARIA LTDA,Criação de bovinos para corte,Sem compra,Não indústria
@contato.com,23830430,V A DELTA LOJA DE CREDITO LTDA,Correspondentes de instituições financeiras,Sem compra,Não indústria
@contato.com,27372156,L & L INVESTIMENTOS IMOBILIARIOS LTDA.,Compra e venda de imóveis próprios,Sem compra,Não indústria
@contato.com,30395395,RD MULTIPROPRIEDADE SPE S/A,Compra e venda de imóveis próprios,Sem compra,Não indústria
@contato.com,34346484,PEDRO ALVES ARGENTINO CLINICA MEDICA LTDA,Atividades de atenção ambulatorial não especificadas anteriormente,Sem compra,Não indústria
@contato.com,36481079,L2 PATRIMONIAL LTDA,Compra e venda de imóveis próprios,Sem compra,Não indústria
@contato.com,37908149,BENNEFIT SAUDE LTDA,Atividade médica ambulatorial com recursos para realização de exames complementares,Sem compra,Não indústria
@contato.com,39935943,SV CONSULTORIA LTDA,"Atividades de intermediação e agenciamento de serviços e negócios em geral, exceto imobiliários",Sem compra,Não indústria
@contato.com,41778506,HUG LIFE SKILL EDUCATION S/A,Edição de livros,Sem compra,Não indústria
@contato.com,43170160,SANTO EXPEDITO EMPREENDIMENTO IMOBILIARIO SPE LTDA,Loteamento de imóveis próprios,Sem compra,Não indústria
@contato.com,47638063,MVP BERKELEY INVESTIMENTOS IMOBILIARIOS LTDA,Compra e venda de imóveis próprios,Sem compra,Não indústria
@contato.com,54249697,ALBUQUERQUE & MARTINS SORVETERIA LTDA,Comércio varejista de produtos alimentícios em geral ou especializado em produtos alimentícios não especificados anteriormente,Sem compra,Não indústria
@contato.com,58169317,PATRIMONY5 HOLDING PATRIMONIAL-IMOBILIARIA LTDA,Compra e venda de imóveis próprios,Sem compra,Não indústria
@contato.com,58424297,ARF IMOVEIS LTDA,Compra e venda de imóveis próprios,Sem compra,Não indústria
@contato.com,60446062,MWM SERVICOS E CONSULTORIA LTDA,"Atividades de consultoria em gestão empresarial, exceto consultoria técnica específica",Sem compra,Não indústria
@contato.com,61018403,FIDELLITY SERVICOS DE TECNOLOGIA LTDA,Desenvolvimento de programas de computador sob encomenda,Sem compra,Não indústria
@contato.com,66496796,TSM HOLDING FAMILIAR LTDA,Compra e venda de imóveis próprios,Sem compra,Não indústria
@contato.com,67244457,BONAVIE EMPREENDIMENTOS SPE LTDA,Construcao,Sem compra,Indústria
@contato.com,67586094,CAFETERIA 4 GRAOS LTDA,"Lanchonetes, casas de chá, de sucos e similares",Sem compra,Não indústria
@conteg-al.com.br,56022975,RESTAURANTE FUSION LTDA,Restaurantes e similares,Ativo,Não indústria
@conteg-al.com.br,55671509,CONSORCIO CC 01/2024 - PAVIMENTACAO ATALAIA,Construcao,Sem compra,Indústria
@conteg-al.com.br,56689077,PREM ENGENHARIA CONSULTORIA E LOCACAO LTDA,Atividades profissionais e tecnicas,Sem compra,Indústria
@conteg-al.com.br,35733955,ESTRUTURAL EMPREENDIMENTOS E SERVICOS DE ENGENHARIA LTDA,Construcao,Sem compra,Indústria
@conteg-al.com.br,13930760,CAVALCANTI E LEAO LTDA,Atividades de psicologia e psicanálise,Sem compra,Não indústria
@conteg-al.com.br,49421149,FAROL POP VISION OTICAS LTDA,Comércio varejista de artigos de óptica,Sem compra,Não indústria
@conteg-al.com.br,49610802,P E F ANDRADE LTDA,Fornecimento de alimentos preparados preponderantemente para consumo domiciliar,Sem compra,Não indústria
@conteg-al.com.br,49910465,PINHEIRO E AMORIM OCULISTAS ASSOCIADOS LTDA,Atividade médica ambulatorial restrita a consultas,Sem compra,Não indústria
@conteg-al.com.br,51075112,MASSAGUEIRINHA BEM COLADO LTDA,Restaurantes e similares,Sem compra,Não indústria
@conteg-al.com.br,51598344,TENORIO E ACIOLI FRANQUIAS LTDA,Gestão de ativos intangíveis não-financeiros,Sem compra,Não indústria
@conteg-al.com.br,51641482,MASSAGUEIRINHA DELIVERY LTDA,Fornecimento de alimentos preparados preponderantemente para consumo domiciliar,Sem compra,Não indústria
@conteg-al.com.br,52362034,LOSS BASTO CARDIOLOGIA LTDA,Atividade médica ambulatorial restrita a consultas,Sem compra,Não indústria
@conteg-al.com.br,53117608,AMELIA ROSA OTICAS LTDA,Comércio varejista de artigos de óptica,Sem compra,Não indústria
@conteg-al.com.br,53795747,OTICAS VISAO PORTO CALVO LTDA,Comércio varejista de artigos de óptica,Sem compra,Não indústria
@conteg-al.com.br,58353637,MELRO CANSANCAO SERVICOS MEDICOS LTDA,Atividade médica ambulatorial com recursos para realização de procedimentos cirúrgicos,Sem compra,Não indústria
@conteg-al.com.br,60895684,CERAMICA NOZ LTDA,Ensino de arte e cultura não especificado anteriormente,Sem compra,Não indústria
@conteg-al.com.br,62000657,MARIANO & LIMA MEDICINA LTDA,Atividade médica ambulatorial restrita a consultas,Sem compra,Não indústria
@conteg-al.com.br,66316671,DC CARNES LTDA,Restaurantes e similares,Sem compra,Não indústria
@contfycontabilidade.com,40078491,JVT ENGENHARIA LTDA.,Construcao,Sem compra,Indústria
@contfycontabilidade.com,61775418,UZITECH SOLUCOES EM SEGURANCA ELETRONICA LTDA,Construcao,Sem compra,Indústria
@contfycontabilidade.com,54089587,R C DA SILVA CRIATIVA SERVICOS,Industria de transformacao,Sem compra,Indústria
@contfycontabilidade.com,54780084,A F DE SOUZA NETO SERVICO LTDA,Atividades profissionais e tecnicas,Sem compra,Indústria
@contfycontabilidade.com,55474507,PRAXIS ASSESSORIA LTDA,Outras atividades de serviços prestados principalmente às empresas não especificadas anteriormente,Sem compra,Não indústria
@contfycontabilidade.com,60346446,DIAS E ALVES ODONTOLOGIA LTDA,Atividade odontológica,Sem compra,Não indústria
@contfycontabilidade.com,60441293,FELIZPHEM LTDA,"Atividades de produção cinematográfica, de vídeos e de programas de televisão não especificadas anteriormente",Sem compra,Não indústria
@contfycontabilidade.com,60883802,EUZEBIO TOMAZ IMOVEIS LTDA,Corretagem na compra e venda e avaliação de imóveis,Sem compra,Não indústria
@contfycontabilidade.com,61115487,LUNA LTDA,Atividades veterinárias,Sem compra,Não indústria
@contfycontabilidade.com,61123797,TRINDADE E MAGALHAES LTDA,Atividades veterinárias,Sem compra,Não indústria
@contfycontabilidade.com,61177022,TRINDADE FAZIO LTDA,Atividades veterinárias,Sem compra,Não indústria
@contfycontabilidade.com,61277569,CRECHE ESCOLA DONA CORUJA LTDA,Educação infantil - creche,Sem compra,Não indústria
@contfycontabilidade.com,62168662,CONECTA NEGOCIOS IMOBILIARIOS LTDA,Corretagem na compra e venda e avaliação de imóveis,Sem compra,Não indústria
@contfycontabilidade.com,64674291,OASIS MACEIO LTDA,Hotéis,Sem compra,Não indústria
@contfycontabilidade.com,64900127,L REIS ADMINISTRACAO E SOLUCOES EMPRESARIAIS LTDA,Outros alojamentos não especificados anteriormente,Sem compra,Não indústria
@contfycontabilidade.com,66021355,L D OLIVEIRA  LTDA,Atividade odontológica,Sem compra,Não indústria
@contfycontabilidade.com,66730410,ZIELAK SERVICOS MEDICOS LTDA,Atividade médica ambulatorial restrita a consultas,Sem compra,Não indústria
@contfycontabilidade.com,66849140,BRASIT ECO ENERGY LTDA,Industria de transformacao,Sem compra,Indústria
@contfycontabilidade.com,66989275,DIRE GESTAO IMOBILIARIA LTDA,Outros alojamentos não especificados anteriormente,Sem compra,Não indústria
@conthabil-al.com.br,01017796,CONTHABIL SERVICOS DE CONTABILIDADE S/S,Atividades de contabilidade,Sem compra,Não indústria
@conthabil-al.com.br,10316229,ABL ADMINISTRADORA DE BENS LTDA.,Gestão e administração da propriedade imobiliária,Sem compra,Não indústria
@conthabil-al.com.br,19420412,CONAPSI - CONSULTORIA E ATENDIMENTO PSICOLOGICO S/S,Atividades de psicologia e psicanálise,Sem compra,Não indústria
@conthabil-al.com.br,30792763,BILHETAGEM ELETRONICA METROPOLITANA MOBILIDADE LTDA,Locação de automóveis sem condutor,Sem compra,Não indústria
@conthabil-al.com.br,46516382,AMBIMET CONSULT LTDA,Testes e análises técnicas,Sem compra,Não indústria
@conthabil-al.com.br,48994466,RECRUITMENT - TERCEIRIZACAO DE RECURSOS HUMANOS LTDA,Locação de mão-de-obra temporária,Sem compra,Não indústria
@conthabil-al.com.br,52275637,PC TREINAMENTOS PROFISSIONAIS E GESTAO - RECURSOS HUMANOS LTDA,Treinamento em desenvolvimento profissional e gerencial,Sem compra,Não indústria
@conthabil-al.com.br,52317342,ANTHONY LUIS CAVALCANTE DA SILVA SERVICOS ADMINISTRATIVOS LTDA,Preparação de documentos e serviços especializados de apoio administrativo não especificados anteriormente,Sem compra,Não indústria
@controlecontadores.com.br,11387927,SERGIO ACCIOLY CHUEKE MINERACAO LTDA,Construcao,Ativo,Indústria
@controlecontadores.com.br,45911210,ENGELOT - CONSTRUCOES E INCORPORACOES LTDA,Construcao,Inativo,Indústria
@controlecontadores.com.br,35642172,INSTITUTO HOSPITAL CARVALHO BELTRAO,Atividades de atendimento em pronto-socorro e unidades hospitalares para atendimento a urgências,Inativo,Não indústria
@controlecontadores.com.br,29652866,MASTERY EMPREENDIMENTOS IMOBILIARIOS LTDA,Construcao,Sem compra,Indústria
@controlecontadores.com.br,46257001,GPS EMPREENDIMENTOS LTDA SCP,Construcao,Sem compra,Indústria
@controlecontadores.com.br,57632722,GPS ENGEMAT SCP,Construcao,Sem compra,Indústria
@controlecontadores.com.br,60246219,L.E MINERADORA LTDA SCP,Industria extrativa,Sem compra,Indústria
@controlecontadores.com.br,59570562,RESERVA DA FOZ EMPREENDIMENTOS SPE LTDA,Construcao,Sem compra,Indústria
@controlecontadores.com.br,18835653,L E MINERADORA LTDA,Industria extrativa,Sem compra,Indústria
@controlecontadores.com.br,39607686,M2CONECT SOLUCOES EM TECNOLOGIA LTDA,Informacao e comunicacao,Sem compra,Indústria
@controlecontadores.com.br,12314902,MOTORAL INVESTIMENTOS LTDA,Gestão e administração da propriedade imobiliária,Sem compra,Não indústria
@controlecontadores.com.br,14062403,ENTERPRISE INVESTIMENTOS E PARTICIPACOES LTDA,"Atividades de consultoria em gestão empresarial, exceto consultoria técnica específica",Sem compra,Não indústria
@controlecontadores.com.br,17612533,MASTERY INVESTIMENTOS S.A,"Atividades de consultoria em gestão empresarial, exceto consultoria técnica específica",Sem compra,Não indústria
@controlecontadores.com.br,37241228,FINANCORP - EMPRESA SIMPLES DE CREDITO LTDA,Outras atividades de serviços financeiros não especificadas anteriormente,Sem compra,Não indústria
@controlecontadores.com.br,46865356,ENGELOC - LOCACOES E TRANSPORTES LTDA,Aluguel de imóveis próprios,Sem compra,Não indústria
@controlecontadores.com.br,46920280,CN GESTAO DE NEGOCIOS LTDA,Gestão e administração da propriedade imobiliária,Sem compra,Não indústria
@controlecontadores.com.br,47598056,S2 INVESTIMENTOS S/A,Gestão e administração da propriedade imobiliária,Sem compra,Não indústria
@controlecontadores.com.br,59211314,ORIENTE ALAGOAS SERVICOS E DISTRIBUICAO LTDA,Outras atividades de serviços prestados principalmente às empresas não especificadas anteriormente,Sem compra,Não indústria
@controlecontadores.com.br,62331410,TAITEC INVESTIMENTOS LTDA,Aluguel de imóveis próprios,Sem compra,Não indústria
@controlecontadores.com.br,63159472,BDB PLANEJAMENTO E CONSULTORIA CRIATIVA LTDA,Agências de publicidade,Sem compra,Não indústria
@controlecontadores.com.br,70008776,AV AGROVERDE NEGOCIOS LTDA,Gestão e administração da propriedade imobiliária,Sem compra,Não indústria
@cpalcina.com,01569925,ALAN MARTINS TAVARES & CIA. LTDA,"Comércio varejista de cosméticos, produtos de perfumaria e de higiene pessoal",Sem compra,Não indústria
@cpalcina.com,03884182,LUIZ HENRIQUE M TAVARES  LTDA,"Comércio varejista de cosméticos, produtos de perfumaria e de higiene pessoal",Sem compra,Não indústria
@cpalcina.com,07167369,SUZANA MARTINS TAVARES TIGRE  LTDA,"Comércio varejista de cosméticos, produtos de perfumaria e de higiene pessoal",Sem compra,Não indústria
@cpalcina.com,10479115,MOTO POINT VEICULOS E ACESSORIOS LTDA,Comércio a varejo de motocicletas e motonetas novas,Sem compra,Não indústria
@cpalcina.com,12711339,ALCINA MARIA DA SILVA MARTINS TAVARES LTDA,"Comércio varejista de cosméticos, produtos de perfumaria e de higiene pessoal",Sem compra,Não indústria
@cpalcina.com,14750618,ACQUA DISTRIBUIDORA DE PERFUMES & COSMETICOS LTDA,Comércio atacadista de cosméticos e produtos de perfumaria,Sem compra,Não indústria
@crpaaa.com,12272498,USINA CANSANCAO DE SINIMBU SA - EM RECUPERACAO JUDICIAL,Industria de transformacao,Sem compra,Indústria
@crpaaa.com,12289856,MECANICA PESADA CONTINENTAL S A - EM RECUPERACAO JUDICIAL,Industria de transformacao,Sem compra,Indústria
@crpaaa.com,08426389,COPERTRADING COMERCIO EXPORTACAO E IMPORTACAO SA - EM RECUPERACAO JUDICIAL,Comércio atacadista de açúcar,Sem compra,Não indústria
@crpaaa.com,12277646,COOPERATIVA REGIONAL DOS PRODUTORES DE ACUCAR E ALCOOL DE ALAGOAS,Comércio atacadista de açúcar,Sem compra,Não indústria
@crpaaa.com,20908014,REAL GESTAO FINANCEIRA LTDA,Outras atividades de serviços financeiros não especificadas anteriormente,Sem compra,Não indústria
@crpaaa.com,35288858,ACIOLI GESTAO EMPRESARIAL LTDA,"Atividades de consultoria em gestão empresarial, exceto consultoria técnica específica",Sem compra,Não indústria
@dantascontabil.com.br,23202729,MCZ CONSTRUCOES E INCORPORACOES LTDA,Construcao,Ativo,Indústria
@dantascontabil.com.br,44073180,ANA C DE O BARROS,Industria de transformacao,Ativo,Indústria
@dantascontabil.com.br,07645067,HELENA DOS SANTOS SILVA PANIFICACAO,Industria de transformacao,Sem compra,Indústria
@dantascontabil.com.br,35453937,GALETO DO VALMIR LTDA,Industria de transformacao,Sem compra,Indústria
@dantascontabil.com.br,52245672,KADOSH CONSTRUCAO E EMPREENDIMENTOS LTDA,Construcao,Sem compra,Indústria
@dantascontabil.com.br,17896381,IGOR ANDRE PEREIRA LIMA DA SILVA,Comércio varejista de carnes - açougues,Sem compra,Não indústria
@dcampos.com.br,63524157,CONSORCIO CONJUNTO HABITACIONAL MURICI,Atividades profissionais e tecnicas,Ativo,Indústria
@dcampos.com.br,06007841,BRANDAO E TORRES CONSTRUCOES LTDA.,Construcao,Ativo,Indústria
@dcampos.com.br,54058759,"ARTE & CONCEITO INSTALACOES, MONTAGENS E MANUTENCAO DE ESQUADRIAS DE ALUMINIO LTDA",Construcao,Ativo,Indústria
@dcampos.com.br,54310658,MME CONTRATACOES LTDA,Construcao,Ativo,Indústria
@dcampos.com.br,08850788,A C LOCADORA DE TRANSPORTES LTDA,Operadores turísticos,Ativo,Não indústria
@dcampos.com.br,22148789,GV4 EMPREENDIMENTOS HOTELEIROS E TURISTICOS DE MACEIO LTDA,Hotéis,Ativo,Não indústria
@dcampos.com.br,31785499,BOA VISTA SERVICOS LTDA,Atividades de apoio à produção florestal,Ativo,Não indústria
@dcampos.com.br,35647608,R.A. GESTAO DE ATIVOS LTDA,"Serviços de organização de feiras, congressos, exposições e festas",Ativo,Não indústria
@dcampos.com.br,43707005,LCAA CONSULTORIA LTDA,Operadores turísticos,Ativo,Não indústria
@dcampos.com.br,50381212,ALBUQUERQUE MEDICOS ASSOCIADOS LTDA,Atividade médica ambulatorial restrita a consultas,Ativo,Não indústria
@dcampos.com.br,14822943,DISTRIBUIDORA ANGEIRAS LTDA,Industria de transformacao,Inativo,Indústria
@dcampos.com.br,29315163,AG2 EMPREENDIMENTOS LTDA,Construcao,Sem compra,Indústria
@dcampos.com.br,43163063,DOMINGUES & DOMINGUES INVESTIMENTOS E PARTICIPACOES SPE LTDA,Construcao,Sem compra,Indústria
@dcampos.com.br,51215288,IPIOCA BEACH HOME SPE LTDA,Construcao,Sem compra,Indústria
@dcampos.com.br,55670825,CONTEUDO TRANSPORTES DIGITAIS S.A,Informacao e comunicacao,Sem compra,Indústria
@dcampos.com.br,57635852,SCP BE INCORPORADORA,Construcao,Sem compra,Indústria
@dcampos.com.br,57900000,CLARIA AMBIENTAL SOLUCOES SUSTENTAVEIS LTDA,"Agua, esgoto e residuos",Sem compra,Indústria
@dcampos.com.br,60620140,RCVC ASSET INVESTIMENTOS E PARTICIPACOES LTDA,Construcao,Sem compra,Indústria
@dcampos.com.br,62768693,CONSORCIO UNIDADES HABITACIONAIS MURICI,Atividades profissionais e tecnicas,Sem compra,Indústria
@dcampos.com.br,17479728,CAMUX EMPREENDIMENTOS COMERCIAIS LTDA,Construcao,Sem compra,Indústria
@dcampos.com.br,44019254,ALAMBIQUE SEU ZE MARIA LTDA,Industria de transformacao,Sem compra,Indústria
@dcampos.com.br,49780242,RCVC ASSET INVESTIMENTOS E PARTICIPACOES LTDA,Construcao,Sem compra,Indústria
@dcampos.com.br,53770626,MENDONCA E MENDONCA SPE LTDA,Construcao,Sem compra,Indústria
@dcampos.com.br,63778273,VITTA REFEICOES INDUSTRIAIS LTDA,Alojamento e alimentacao,Sem compra,Indústria
@dcampos.com.br,64096016,B L F ENGENHARIA LTDA,Construcao,Sem compra,Indústria
@dcampos.com.br,50661399,"PINHEIRO, BRANDAO E TORRES SPE LTDA",Construcao,Sem compra,Indústria
@dcampos.com.br,51552697,PROSPECTA TECNOLOGIA LTDA,Informacao e comunicacao,Sem compra,Indústria
@dcampos.com.br,52575767,C.E. CONSTRUTORA LTDA,Construcao,Sem compra,Indústria
@dcampos.com.br,54541901,BRANDAO E TORRES SERVICOS DE ENGENHARIA LTDA,Construcao,Sem compra,Indústria
@dcampos.com.br,55668724,PRADINES ENGENHARIA & TECNOLOGIA LTDA,Atividades profissionais e tecnicas,Sem compra,Indústria
@dcampos.com.br,02180731,CASA PARA VELHICE LUIZA DE MARILLAC,Instituições de longa permanência para idosos,Sem compra,Não indústria
@dcampos.com.br,06814759,BARBOSA PROMOCAO DE VENDAS LTDA,"Corretores e agentes de seguros, de planos de previdência complementar e de saúde",Sem compra,Não indústria
@dcampos.com.br,06821732,D'CAMPOS CONTABILIDADE E CONSULTORIA EMPRESARIAL LTDA,Atividades de contabilidade,Sem compra,Não indústria
@dcampos.com.br,11112719,EBROTHERS INTELIGENCIA EMPRESARIAL LTDA,"Suporte técnico, manutenção e outros serviços em tecnologia da informação",Sem compra,Não indústria
@dcampos.com.br,11671861,H B SERVICOS DE PROMOTORA DE VENDAS DE PLANOS DE SAUDE LTDA,Promoção de vendas,Sem compra,Não indústria
@dcampos.com.br,11941964,CPTR - CENTRO DE PREVENCAO E TRATAMENTO DE DOENCAS RENAIS LTDA,"Atividades de atendimento hospitalar, exceto pronto-socorro e unidades para atendimento a urgências",Sem compra,Não indústria
@dcampos.com.br,13792316,EF GESTAO E TECNOLOGIA LTDA,Outras atividades de serviços prestados principalmente às empresas não especificadas anteriormente,Sem compra,Não indústria
@dcampos.com.br,14188657,OFTALMOS ASSOCIADOS DE ALAGOAS S/S LTDA,Atividade médica ambulatorial restrita a consultas,Sem compra,Não indústria
@dcampos.com.br,19034338,CLINPOP CLINICA DE ODONTOLOGIA E OPERADORA DE PLANOS DE SAUDE LTDA,Atividade odontológica,Sem compra,Não indústria
@dcampos.com.br,19238103,AYRES & LOPES INVESTIMENTOS LTDA,"Atividades de consultoria em gestão empresarial, exceto consultoria técnica específica",Sem compra,Não indústria
@dcampos.com.br,22456468,EGIDE GESTAO E PROTECAO PATRIMONIAL LTDA,"Outras atividades profissionais, científicas e técnicas não especificadas anteriormente",Sem compra,Não indústria
@dcampos.com.br,23119673,ETICA PROMOCAO DE VENDAS LTDA,Promoção de vendas,Sem compra,Não indústria
@dcampos.com.br,23834824,"PUBLIX TREINAMENTO, PESQUISA E EVENTOS LTDA","Atividades de consultoria em gestão empresarial, exceto consultoria técnica específica",Sem compra,Não indústria
@dcampos.com.br,24619902,DENTAL CARE ASSISTENCIA ODONTOLOGICA LTDA,Planos de saúde,Sem compra,Não indústria
@dcampos.com.br,25107778,HLA - GESTAO E PARTICIPACOES LTDA,"Atividades de consultoria em gestão empresarial, exceto consultoria técnica específica",Sem compra,Não indústria
@dcampos.com.br,33619640,SEGUROS E PLANOS ADMINISTRATIVOS DE EFETIVACAO DE CONTRATOS LTDA,"Corretores e agentes de seguros, de planos de previdência complementar e de saúde",Sem compra,Não indústria
@dcampos.com.br,33931090,R.A. PROMOVA CORRETORA DE SEGUROS LTDA,"Corretores e agentes de seguros, de planos de previdência complementar e de saúde",Sem compra,Não indústria
@dcampos.com.br,35608217,LR ARQUITETURA LTDA,Serviços de arquitetura,Sem compra,Não indústria
@dcampos.com.br,35762887,TERRA NOSTRA AGROINDUSTRIA LTDA,Aluguel de máquinas e equipamentos agrícolas sem operador,Sem compra,Não indústria
@dcampos.com.br,37135365,ESMALE ASSISTENCIA INTERNACIONAL DE SAUDE LTDA,Planos de saúde,Sem compra,Não indústria
@dcampos.com.br,37295690,EGIDE GESTAO E PROTECAO PATRIMONIAL DE EMPRESAS LTDA,Seleção e agenciamento de mão-de-obra,Sem compra,Não indústria
@dcampos.com.br,37527681,BORGES IMOVEIS E COMPANHIA LTDA,"Serviços combinados para apoio a edifícios, exceto condomínios prediais",Sem compra,Não indústria
@dcampos.com.br,40030398,TOPCENTER CORRETORA DE SEGUROS LTDA,"Corretores e agentes de seguros, de planos de previdência complementar e de saúde",Sem compra,Não indústria
@dcampos.com.br,41191677,UNIMED PALMEIRA DOS INDIOS COOPERATIVA DE TRABALHO MEDICO - EM LIQUIDACAO,Planos de saúde,Sem compra,Não indústria
@dcampos.com.br,45133286,J R PARTICIPACOES LTDA,Corretagem na compra e venda e avaliação de imóveis,Sem compra,Não indústria
@dcampos.com.br,46073550,MME BOULEVARD IPIOCA LTDA,Gestão e administração da propriedade imobiliária,Sem compra,Não indústria
@dcampos.com.br,47733669,GSA ENERGIA SOLAR LTDA,"Aluguel de outras máquinas e equipamentos comerciais e industriais não especificados anteriormente, sem operador",Sem compra,Não indústria
@dcampos.com.br,48723833,P D DE ARAUJO LIMA JUNIOR LTDA,"Outras atividades profissionais, científicas e técnicas não especificadas anteriormente",Sem compra,Não indústria
@dcampos.com.br,50417550,LAGES AGRO S.A.,Cultivo de eucalipto,Sem compra,Não indústria
@dcampos.com.br,51251910,NUTRITECH AGRICOLA LTDA,"Comércio atacadista de defensivos agrícolas, adubos, fertilizantes e corretivos do solo",Sem compra,Não indústria
@dcampos.com.br,51836749,NUTELS E NUTELS PARTICIPACOES LTDA,"Atividades de consultoria em gestão empresarial, exceto consultoria técnica específica",Sem compra,Não indústria
@dcampos.com.br,54575322,BRIO COMPLEXO DE EVENTOS E CONVENCOES LTDA,Casas de festas e eventos,Sem compra,Não indústria
@dcampos.com.br,55931496,TODOS ALAGOAS ACADEMIA LTDA,Atividades de condicionamento físico,Sem compra,Não indústria
@dcampos.com.br,56004508,RANCHO FAZENDA BREJO EMPREENDIMENTO IMOBILIARO SPE LTDA,Compra e venda de imóveis próprios,Sem compra,Não indústria
@dcampos.com.br,57276504,FORTIS LAB LTDA,Laboratórios clínicos,Sem compra,Não indústria
@dcampos.com.br,57405097,GP DISTRIBUIDORA LTDA,Comércio a varejo de motocicletas e motonetas novas,Sem compra,Não indústria
@dcampos.com.br,59579901,JH AGRO FLORESTAL LTDA,Atividades de apoio à produção florestal,Sem compra,Não indústria
@dcampos.com.br,61792163,CLINICA IMAGO LTDA,Atividades de psicologia e psicanálise,Sem compra,Não indústria
@dcampos.com.br,61897015,SOMA SECURITIZADORA DE CREDITOS S/A,Securitização de créditos,Sem compra,Não indústria
@dcampos.com.br,62138727,C S AGRO LTDA,Cultivo de cana-de-açúcar,Sem compra,Não indústria
@dcampos.com.br,62241683,J V SERVICOS GERAIS LTDA,"Serviços combinados para apoio a edifícios, exceto condomínios prediais",Sem compra,Não indústria
@dcampos.com.br,62955905,CLINICA TERRA SAUDE LTDA,Atividade médica ambulatorial com recursos para realização de procedimentos cirúrgicos,Sem compra,Não indústria
@dcampos.com.br,63049070,QUADRI ACADEMIA DE TENIS LTDA,Gestão de instalações de esportes,Sem compra,Não indústria
@dcampos.com.br,63223653,LMV PARTICIPACOES LTDA,Pesquisa e desenvolvimento experimental em ciências sociais e humanas,Sem compra,Não indústria
@dcampos.com.br,63598769,NS ADMINISTRACAO LTDA,Serviços combinados de escritório e apoio administrativo,Sem compra,Não indústria
@dcampos.com.br,64341307,"RC41 CONSULTORIA CONTABIL, FINANCEIRA E ECONOMICA LTDA",Atividades de contabilidade,Sem compra,Não indústria
@dcampos.com.br,64483151,PRISMA COMERCIAL E GESTAO LTDA,"Atividades de consultoria em gestão empresarial, exceto consultoria técnica específica",Sem compra,Não indústria
@dcampos.com.br,64868125,P.V. CAVALCANTE SERVICOS DE SAUDE LTDA,Atividade médica ambulatorial com recursos para realização de exames complementares,Sem compra,Não indústria
@dcampos.com.br,65122425,DS MANEJOS FLORESTAIS LTDA,Atividades de apoio à produção florestal,Sem compra,Não indústria
@dcampos.com.br,65638034,EVOLUE ADMINISTRADORA S.A.,Planos de saúde,Sem compra,Não indústria
@dcampos.com.br,65766432,ALIANCA MARTINS REPRESENTACOES LTDA,"Representantes comerciais e agentes do comércio de produtos alimentícios, bebidas e fumo",Sem compra,Não indústria
@dcampos.com.br,66124369,RCR EDEEN EMPREENDIMENTO IMOBILIARIO SPE LTDA,Construcao,Sem compra,Indústria
@dcampos.com.br,66198156,ACR PATACHO EMPREENDIMENTO IMOBILIARIO SPE LTDA,Construcao,Sem compra,Indústria
@dcampos.com.br,66475517,SITIO PARAIBA EMPREENDIMENTOS SPE LTDA,Construcao,Sem compra,Indústria
@dcampos.com.br,66476525,FORTIS DENTAL LTDA,Planos de saúde,Sem compra,Não indústria
@dcampos.com.br,66519714,COR & LAR TINTAS LTDA,Comércio varejista de tintas e materiais para pintura,Sem compra,Não indústria
@dcampos.com.br,66521540,FOCO HOSPITALIDADE LTDA,"Atividades de consultoria em gestão empresarial, exceto consultoria técnica específica",Sem compra,Não indústria
@dcampos.com.br,66545656,HC CONSULTORIA EM PROCESSOS INDUSTRIAIS LTDA,Atividades profissionais e tecnicas,Sem compra,Indústria
@dcampos.com.br,66757185,SOMAR DIGITAL LTDA,Atividades de cobranças e informações cadastrais,Sem compra,Não indústria
@dcampos.com.br,67131061,LLBD NEGOCIOS IMOBILIARIOS LTDA,Corretagem na compra e venda e avaliação de imóveis,Sem compra,Não indústria
@decisaocontab.cnt.br,11334420,SEBASTIANA NUNES DOS SANTOS,Informacao e comunicacao,Sem compra,Indústria
@decisaocontab.cnt.br,35958600,"ARAFORTE SOLUCOES EM CONSTRUCAO CIVIL, IMOBILIARIA & CONSULTORIA LTDA",Construcao,Sem compra,Indústria
@decisaocontab.cnt.br,51615354,M. S. A. R. CONSTRUTORA RAIZ LTDA.,Construcao,Sem compra,Indústria
@decisaocontab.cnt.br,52320008,BIG SERVICE LTDA.,Construcao,Sem compra,Indústria
@decisaocontab.cnt.br,60068077,TERRA SOLUCOES LTDA,Industria extrativa,Sem compra,Indústria
@decisaocontab.cnt.br,62469013,FENIX EMPREENDIMENTOS IMOBILIARIOS SPE LTDA,Construcao,Sem compra,Indústria
@decisaocontab.cnt.br,61507506,JMA LOCACOES LTDA,Comercio e reparacao de veiculos,Sem compra,Indústria
@decisaocontab.cnt.br,62782053,GT CONSTRUTORA LTDA,Construcao,Sem compra,Indústria
@decisaocontab.cnt.br,63055244,A ALBENIR SANTOS,Comercio e reparacao de veiculos,Sem compra,Indústria
@decisaocontab.cnt.br,63696804,NEM CONSTRUCOES LTDA,Construcao,Sem compra,Indústria
@decisaocontab.cnt.br,33611805,P F SANTOS RESTAURANTE,Restaurantes e similares,Sem compra,Não indústria
@decisaocontab.cnt.br,38615550,PETTRAN MARMORES E GRANITOS LTDA,Comércio atacadista de materiais de construção em geral,Sem compra,Não indústria
@decisaocontab.cnt.br,51663290,SINDICLINICA SERVICOS MEDICOS LTDA,Atividade médica ambulatorial restrita a consultas,Sem compra,Não indústria
@decisaocontab.cnt.br,54551682,SERVE BEM GAS E AGUA MINERAL LTDA,Comércio varejista de gás liqüefeito de petróleo (GLP),Sem compra,Não indústria
@decisaocontab.cnt.br,54579055,J DE OLIVEIRA FARMA,"Comércio varejista de produtos farmacêuticos, sem manipulação de fórmulas",Sem compra,Não indústria
@decisaocontab.cnt.br,54657659,CAPELA AUTO PECAS E SERVICOS LTDA,Comércio sob consignação de veículos automotores,Sem compra,Não indústria
@decisaocontab.cnt.br,58068659,ALOC LTDA,"Aluguel de máquinas e equipamentos para construção sem operador, exceto andaimes",Sem compra,Não indústria
@decisaocontab.cnt.br,60005525,AGROPECUARIA DO SAGRADO CORACAO DE JESUS LTDA,Criação de bovinos para corte,Sem compra,Não indústria
@decisaocontab.cnt.br,61769341,SSJ COMERCIO LTDA,Comércio varejista de produtos alimentícios em geral ou especializado em produtos alimentícios não especificados anteriormente,Sem compra,Não indústria
@decisaocontab.cnt.br,61900819,AMA DISTRIBUIDORA LTDA,Comércio atacadista de material elétrico,Sem compra,Não indústria
@decisaocontab.cnt.br,62072892,M OLIVEIRA & ATT BRITO LTDA,"Lanchonetes, casas de chá, de sucos e similares",Sem compra,Não indústria
@decisaocontab.cnt.br,64929984,CLINICA INTEGRA LTDA,Atividade médica ambulatorial com recursos para realização de procedimentos cirúrgicos,Sem compra,Não indústria
@decisaocontab.cnt.br,65466843,COOPERATIVA DE PRODUTORES RURAIS DO SITIO CAJUEIRO,Comércio atacadista de matérias-primas agrícolas com atividade de fracionamento e acondicionamento associada,Sem compra,Não indústria
@decisaocontab.cnt.br,66640730,G3 CONSTRUTORA LTDA,Construcao,Sem compra,Indústria
@decisaocontab.cnt.br,66937419,E DA COSTA QUINTINO JUNIOR  LTDA,Atividade médica ambulatorial com recursos para realização de procedimentos cirúrgicos,Sem compra,Não indústria
@decisaocontab.cnt.br,67850808,ROCHEDO AUTO POSTO LTDA,Comércio varejista de combustíveis para veículos automotores,Sem compra,Não indústria
@dentistamais.com,12139869,COMPANHIA DE DENTISTAS S/S LTDA,Atividade odontológica,Sem compra,Não indústria
@dentistamais.com,27740270,SOCIEDADE DOS DENTISTAS ARAPIRACA LTDA,Atividade odontológica,Sem compra,Não indústria
@dentistamais.com,29711995,COMPANHIA DE DENTISTA DE MACEIO LTDA,Atividade odontológica,Sem compra,Não indústria
@dentistamais.com,37481300,COMPANHIA DE DENTISTAS CENTRO LTDA,Atividade odontológica,Sem compra,Não indústria
@dentistamais.com,37481357,COMPANHIA DE DENTISTAS BENEDITO BENTES LTDA,Atividade odontológica,Sem compra,Não indústria
@dentistamais.com,37484500,SOCIEDADE DOS DENTISTAS CENTRO LTDA,Atividade odontológica,Sem compra,Não indústria
@dentistamais.com,37913727,COMPANHIA DE DENTISTAS ARAPIRACA LTDA,Atividade odontológica,Sem compra,Não indústria
@dentistamais.com,55462184,SOCIEDADE DE DENTISTAS SAO MIGUEL DOS CAMPOS LTDA,Atividade odontológica,Sem compra,Não indústria
@diferencialcontabil.net,47028567,CALHEIROS CONSTRUCOES LTDA,Construcao,Sem compra,Indústria
@diferencialcontabil.net,44150917,ADRIANA BASTOS DE LIMA GOMES,Comercio e reparacao de veiculos,Sem compra,Indústria
@diferencialcontabil.net,54236703,54.236.703 EMERSON COSTA BARBOSA,Industria de transformacao,Sem compra,Indústria
@diferencialcontabil.net,62083034,ESTEIO SERVICOS E TERRAPLANAGEM LTDA,Construcao,Sem compra,Indústria
@diferencialcontabil.net,15016351,C L T EMPREENDIMENTOS E PARTICIPACOES LTDA,Gestão e administração da propriedade imobiliária,Sem compra,Não indústria
@econis.com.br,07899070,CANION COMERCIO DE CALCADOS E MODA LTDA,Comércio varejista de calçados,Sem compra,Não indústria
@econis.com.br,29870629,ANGICO BRANCO COMERCIO DE CALCADOS LTDA,Comércio varejista de calçados,Sem compra,Não indústria
@econis.com.br,40395511,SAO MIGUEL LOJA DE CALCADOS LTDA,Comércio varejista de calçados,Sem compra,Não indústria
@econis.com.br,46361406,FLOR DO AGRESTE COMERCIO DE CALCADOS LTDA,Comércio varejista de calçados,Sem compra,Não indústria
@econis.com.br,48269474,IPANEMA COMERCIO DE CALCADOS LTDA,Comércio varejista de calçados,Sem compra,Não indústria
@econis.com.br,49915973,ECONIS UDP COMERCIO DE CALCADOS LTDA,Comércio varejista de calçados,Sem compra,Não indústria
@econis.com.br,49977771,MARAPE MODAS LTDA,Comércio varejista de calçados,Sem compra,Não indústria
@econis.com.br,49977828,PONTA VERDE COMERCIO DE CALCADOS LTDA,Comércio varejista de calçados,Sem compra,Não indústria
@econis.com.br,54847019,PAJUCARA COMERCIO DE CALCADOS LTDA,Comércio varejista de calçados,Sem compra,Não indústria
@econis.com.br,62877283,CORAIS COMERCIO DE CALCADOS LTDA,Comércio varejista de calçados,Sem compra,Não indústria
@econis.com.br,62886397,LIBERDADE COMERCIO DE CALCADOS LTDA,Comércio varejista de calçados,Sem compra,Não indústria
@eficazcontabilidade.net,52693845,CONSORCIO PORTO LRM,Construcao,Sem compra,Indústria
@eficazcontabilidade.net,54933795,CANIONS ENERGIA LTDA,Eletricidade e gas,Sem compra,Indústria
@eficazcontabilidade.net,34621249,D W P DA LUZ,Industria de transformacao,Sem compra,Indústria
@eficazcontabilidade.net,43903915,IS SOLUCOES LTDA,Industria de transformacao,Sem compra,Indústria
@eficazcontabilidade.net,52333766,E O DEIZ LTDA,Construcao,Sem compra,Indústria
@eficazcontabilidade.net,52462844,ARENA BURGUER CORURIPE LTDA,Alojamento e alimentacao,Sem compra,Indústria
@eficazcontabilidade.net,54752319,TREYSTA CONSTRUCOES LTDA,Atividades profissionais e tecnicas,Sem compra,Indústria
@elocontabilidadeal.com,41710293,V A MACHADO CONFECCOES,Industria de transformacao,Sem compra,Indústria
@elocontabilidadeal.com,30357593,COMERCIAL ALMEIDA E SILVA LTDA,Comércio varejista de produtos alimentícios em geral ou especializado em produtos alimentícios não especificados anteriormente,Sem compra,Não indústria
@elocontabilidadeal.com,48582709,JOSE PEREIRA NETO,"Comércio varejista de mercadorias em geral, com predominância de produtos alimentícios - minimercados, mercearias e armazéns",Sem compra,Não indústria
@elocontabilidadeal.com,52574127,SALOME POUSADA LTDA,Hotéis,Sem compra,Não indústria
@elocontabilidadeal.com,54629705,TAVARES E LEAO LTDA,Comércio varejista de calçados,Sem compra,Não indústria
@elocontabilidadeal.com,59542516,J L SILVA LTDA,"Comércio varejista de mercadorias em geral, com predominância de produtos alimentícios - supermercados",Sem compra,Não indústria
@email.com,55324881,L3 INDUSTRIA E COMERCIO LTDA,Industria de transformacao,Sem compra,Indústria
@email.com,61175460,H V DA SILVA LTDA,Atividades profissionais e tecnicas,Sem compra,Indústria
@email.com,36174093,ESCOLA DE EDUCACAO BASICA FUTURO LTDA,Ensino fundamental,Sem compra,Não indústria
@email.com,58773666,TARCISIO VITURINO PRODUCOES E EDICOES MUSICAIS LTDA,Produção musical,Sem compra,Não indústria
@email.com,64702276,LL SERVICOS MEDICOS LTDA,"Serviços de diagnóstico por imagem com uso de radiação ionizante, exceto tomografia",Sem compra,Não indústria
@email.com,64980751,H P BRITO TECNOLOGIA LTDA,Consultoria em tecnologia da informação,Sem compra,Não indústria
@email.com,69960037,MANOEL DA SILVA DESIGN,Desenvolvimento de programas de computador sob encomenda,Sem compra,Não indústria
@enengi.com.br,27850644,ENENGI - EMPRESA NACIONAL DE ENGENHARIA E CONSTRUCOES LTDA. SCP 04,Construcao,Sem compra,Indústria
@enengi.com.br,27850717,ENENGI - EMPRESA NACIONAL DE ENGENHARIA E CONSTRUCOES LTDA. SCP 03,Construcao,Sem compra,Indústria
@enengi.com.br,27850772,ENENGI - EMPRESA NACIONAL DE ENGENHARIA E CONSTRUCOES LTDA. SCP 05,Construcao,Sem compra,Indústria
@enengi.com.br,27850816,ENENGI - EMPRESA NACIONAL DE ENGENHARIA E CONSTRUCOES LTDA. SCP 06,Construcao,Sem compra,Indústria
@enengi.com.br,27850832,ENENGI - EMPRESA NACIONAL DE ENGENHARIA E CONSTRUCOES LTDA. SCP 02,Construcao,Sem compra,Indústria
@enengi.com.br,27850872,ENENGI - EMPRESA NACIONAL DE ENGENHARIA E CONSTRUCOES LTDA. - SCP 07,Construcao,Sem compra,Indústria
@enengi.com.br,27850893,ENENGI - EMPRESA NACIONAL DE CONSTRUCAO E ENGENHARIA LTDA. SCP 08,Construcao,Sem compra,Indústria
@enengi.com.br,27850937,ENENGI - EMPRESA NACIONAL DE ENGENHARIA E CONSTRUCOES LTDA. - SCP 01,Construcao,Sem compra,Indústria
@engenhariademateriaisltda.com.br,41157967,ENGENHARIA DE MATERIAIS LTDA,Construcao,Ativo,Indústria
@engenhariademateriaisltda.com.br,55699378,CONSORCIO CRECHES SEDUC/AL 2024.,Construcao,Ativo,Indústria
@engenhariademateriaisltda.com.br,49946261,CONSORCIO PAVIMENTACAO E DRENAGEM RUAS DE MACEIO,Construcao,Ativo,Indústria
@engenhariademateriaisltda.com.br,54360370,CONSORCIO CMEIS.,Construcao,Ativo,Indústria
@engenhariademateriaisltda.com.br,57809328,CONSORCIO ALAGOAS BR-424-AL LOTE 2,Construcao,Ativo,Indústria
@engenhariademateriaisltda.com.br,58406719,BSM CCMP AURUS EMPREENDIMENTO IMOBILIARIO SPE LTDA,Construcao,Ativo,Indústria
@engenhariademateriaisltda.com.br,45034602,CONSORCIO HOSPITAL DE ARAPIRACA,Construcao,Ativo,Indústria
@engenhariademateriaisltda.com.br,45519566,CONSORCIO AEROPORTO REGIONAL DE MARAGOGI.,Construcao,Ativo,Indústria
@engenhariademateriaisltda.com.br,50507673,CONSORCIO PAV ACESSO AEROPORTO MARAGOGI,Construcao,Ativo,Indústria
@engenhariademateriaisltda.com.br,32313923,CONSORCIO VILAS DO MUNDAU,Construcao,Inativo,Indústria
@engenhariademateriaisltda.com.br,27489552,CONSORCIO HOSPITAL METROPOLITANO DE ALAGOAS,Construcao,Sem compra,Indústria
@engenhariademateriaisltda.com.br,33236502,CONSORCIO MACEIO DUPLICACAO ARAPIRACA - LOTE 02,Construcao,Sem compra,Indústria
@engenhariademateriaisltda.com.br,35310980,VIVENDA DO BOSQUE EMPREENDIMENTO IMOBILIARIO SPE LTDA,Construcao,Sem compra,Indústria
@engenhariademateriaisltda.com.br,35553742,GURGURI INCORPORADORA DO NORDESTE LTDA,Construcao,Sem compra,Indústria
@engenhariademateriaisltda.com.br,36739715,CONSORCIO LITORAL NORTE MACEIO,Construcao,Sem compra,Indústria
@engenhariademateriaisltda.com.br,40692172,CONSORCIO REGIAO AGRESTE,Construcao,Sem compra,Indústria
@engenhariademateriaisltda.com.br,40692201,CONSORCIO REGIAO MEDIO SERTAO,Construcao,Sem compra,Indústria
@engenhariademateriaisltda.com.br,40916895,CONSORCIO INSTITUTO DO CORACAO E HEMOCENTRO DE ALAGOAS,Construcao,Sem compra,Indústria
@engenhariademateriaisltda.com.br,43682775,CONSORCIO DAS CRECHES,Construcao,Sem compra,Indústria
@engenhariademateriaisltda.com.br,46109941,SPE VIA BRASIL BR-163 ENGEMATLOC AG NLC LTDA.,Construcao,Sem compra,Indústria
@engenhariademateriaisltda.com.br,47240530,ENGENHARIA DE MATERIAS LTDA SCP VII,Construcao,Sem compra,Indústria
@engenhariademateriaisltda.com.br,49120748,AURUS ENGENHARIA E INCORPORACOES LTDA.,Construcao,Sem compra,Indústria
@engenhariademateriaisltda.com.br,49585385,ENGENHARIA DE MATERIAIS LTDA SCP MARAGOGI,Construcao,Sem compra,Indústria
@engenhariademateriaisltda.com.br,49589044,CONSORCIO PAV ACESSO POVOADO CAPELINHA,Construcao,Sem compra,Indústria
@engenhariademateriaisltda.com.br,49589611,ENGENHARIA DE MATERIAIS LTDA SCP RESIDENCIAL PIER NORTE,Construcao,Sem compra,Indústria
@engenhariademateriaisltda.com.br,51960432,ENGENHARIA DE MATERIAIS LTDA SETRAND SCP,Construcao,Sem compra,Indústria
@engenhariademateriaisltda.com.br,55635987,SCP VILLAS DE LISBOA,Construcao,Sem compra,Indústria
@engenhariademateriaisltda.com.br,57953803,CONSORCIO MANUTENCAO RODOVIAS ESTADUAIS LOTE 2,Construcao,Sem compra,Indústria
@engenhariademateriaisltda.com.br,57953809,CONSORCIO PMCMV DO MUNICIPIO DE MACEIO.,Construcao,Sem compra,Indústria
@engenhariademateriaisltda.com.br,57955645,CONSORCIO MANUTENCAO RODOVIAS ESTADUAIS LOTE 3,Construcao,Sem compra,Indústria
@engenhariademateriaisltda.com.br,58252378,CONSORCIO MINHA CIDADE LINDA REGIAO AGRESTE,Construcao,Sem compra,Indústria
@engenhariademateriaisltda.com.br,58252440,CONSORCIO MINHA CIDADE LINDA REGIAO DO MEDIO SERTAO,Construcao,Sem compra,Indústria
@engenhariademateriaisltda.com.br,59518978,CENTRO COMERCIAL ARAPIRACA SPE LTDA,Construcao,Sem compra,Indústria
@engenhariademateriaisltda.com.br,28651055,LLB ADMINISTRACAO DE ATIVOS E APART HOTEIS LTDA,Outros alojamentos não especificados anteriormente,Sem compra,Não indústria
@engenhariademateriaisltda.com.br,64536989,CONSORCIO COMERCIO POPULAR,Construcao,Sem compra,Indústria
@engenhariademateriaisltda.com.br,64665928,AURUS BE EMPREENDIMENTO IMOBILIARIO SPE LTDA,Construcao,Sem compra,Indústria
@engenhariademateriaisltda.com.br,65534948,PAVIMENTACAO DER/PR SCP,Construcao,Sem compra,Indústria
@engenhariademateriaisltda.com.br,67223861,ASSOCIACAO DOS PROPRIETARIOS DE UNIDADES AUTONOMAS DO CONDOMINIO RESIDENCIAL ALGARVE,Construcao,Sem compra,Indústria
@esac.com.br,43955389,PILAR I3 SPE LTDA,Construcao,Sem compra,Indústria
@esac.com.br,44818088,SOCIEDADE DE PROPOSITO ESPECIFICO FAZENDA FALESIAS SPE LTDA,Construcao,Sem compra,Indústria
@esac.com.br,34913132,ZAO EMPREENDIMENTOS IMOBILIARIOS LTDA,Construcao,Sem compra,Indústria
@esac.com.br,05608820,CLINIALAGOAS MEDICINA INTEGRADA LTDA,Atividade médica ambulatorial com recursos para realização de exames complementares,Sem compra,Não indústria
@esac.com.br,06910497,REMOV SERVICOS DE SAUDE LIMITADA,Atividade médica ambulatorial com recursos para realização de exames complementares,Sem compra,Não indústria
@esac.com.br,07417929,OCULAR CLINICA DE OLHOS LTDA,Atividade médica ambulatorial restrita a consultas,Sem compra,Não indústria
@esac.com.br,07850347,COMPLEXO MEDICO HOSPITALAR TRINDADE LIMITADA,"Agenciamento de espaços para publicidade, exceto em veículos de comunicação",Sem compra,Não indústria
@esac.com.br,21795829,R ROCHA E IRMAOS LTDA,Aluguel de imóveis próprios,Sem compra,Não indústria
@esac.com.br,24315640,EMPRESA ALAGOANA DE TECNOLOGIA EM SERVICOS LTDA,Atividades de monitoramento de sistemas de segurança eletrônico,Sem compra,Não indústria
@esac.com.br,41181967,PREVENCOR ASSISTENCIA MEDICA LIMITADA,"Serviços de diagnóstico por registro gráfico - ECG, EEG e outros exames análogos",Sem compra,Não indústria
@esac.com.br,47566322,MONTECO PRODUTOS MEDICOS HOSPITALARES LTDA,Comércio varejista de artigos médicos e ortopédicos,Sem compra,Não indústria
@escritabilcontabilidade.com.br,03814734,MAGENTA GRAFICA E EDITORA LTDA,Industria de transformacao,Ativo,Indústria
@escritabilcontabilidade.com.br,61319829,CLEISSON NOGUEIRA DOS SANTOS LTDA,Industria de transformacao,Ativo,Indústria
@escritabilcontabilidade.com.br,19931857,NEIDE R. CUNHA MARCENARIA,Industria de transformacao,Sem compra,Indústria
@escritabilcontabilidade.com.br,35350523,L T DE LIMA PADARIA,Industria de transformacao,Sem compra,Indústria
@escritabilcontabilidade.com.br,36023805,PANIFICACAO E MERCADINHO SANTA JULIA LTDA,Industria de transformacao,Sem compra,Indústria
@escritabilcontabilidade.com.br,41068387,PANIFICACAO FLOR DO BAIRRO 2 LTDA,Industria de transformacao,Sem compra,Indústria
@escritabilcontabilidade.com.br,00352565,J A J TRANSPORTE LTDA,"Transporte rodoviário coletivo de passageiros, com itinerário fixo, intermunicipal, exceto em região metropolitana",Sem compra,Não indústria
@escritabilcontabilidade.com.br,02418125,M Z BERNARDI E CIA LTDA,Comércio atacadista de produtos alimentícios em geral,Sem compra,Não indústria
@escritabilcontabilidade.com.br,02738123,MARILANGE OMENA DE ARAUJO,Comércio varejista de gás liqüefeito de petróleo (GLP),Sem compra,Não indústria
@escritabilcontabilidade.com.br,08560691,POSTO DE COMBUSTIVEL SAO JOSE LTDA,Comércio varejista de combustíveis para veículos automotores,Sem compra,Não indústria
@escritabilcontabilidade.com.br,09347041,VIEIRA & OMENA LTDA,Comércio varejista de combustíveis para veículos automotores,Sem compra,Não indústria
@escritabilcontabilidade.com.br,18431473,RESTAURANTE E PIZZARIA PIRATAS LTDA,Restaurantes e similares,Sem compra,Não indústria
@escritabilcontabilidade.com.br,20661530,GOUVEIA & ARAUJO LTDA,Restaurantes e similares,Sem compra,Não indústria
@escritabilcontabilidade.com.br,32299454,ORBIS TRADING COMERCIO EXTERIOR LTDA,"Comércio atacadista de artigos do vestuário e acessórios, exceto profissionais e de segurança",Sem compra,Não indústria
@escritabilcontabilidade.com.br,33265369,PRECO CERTO COM. DE ALIMENTOS LTDA,"Comércio varejista de mercadorias em geral, com predominância de produtos alimentícios - minimercados, mercearias e armazéns",Sem compra,Não indústria
@escritabilcontabilidade.com.br,34127567,YLANA BRITO DE ANDRADE  LTDA,Comércio varejista de combustíveis para veículos automotores,Sem compra,Não indústria
@escritabilcontabilidade.com.br,35033699,ARUK COMERCIO EXTERIOR LTDA,Comércio atacadista especializado em outros produtos intermediários não especificados anteriormente,Sem compra,Não indústria
@escritabilcontabilidade.com.br,35358266,MARIA DE FATIMA MENDES DOS SANTOS,"Comércio varejista de cosméticos, produtos de perfumaria e de higiene pessoal",Sem compra,Não indústria
@escritabilcontabilidade.com.br,40953422,EURO TRADING IMPORTACAO E EXPORTACAO LTDA,Comércio atacadista especializado em outros produtos intermediários não especificados anteriormente,Sem compra,Não indústria
@escritabilcontabilidade.com.br,46086533,MAVEN IMPORTACAO E EXPORTACAO LTDA,"Comércio atacadista de artigos do vestuário e acessórios, exceto profissionais e de segurança",Sem compra,Não indústria
@escritabilcontabilidade.com.br,49354829,COMERCIO DE OVOS FLOR DE LIZ LTDA,Comércio atacadista de aves vivas e ovos,Sem compra,Não indústria
@escritabilcontabilidade.com.br,57873997,MAZOLL IMPORTACAO E EXPORTACAO LTDA,"Comércio atacadista de mercadorias em geral, sem predominância de alimentos ou de insumos agropecuários",Sem compra,Não indústria
@escritabilcontabilidade.com.br,61389263,HR IMPORTS LTDA,Comércio atacadista de equipamentos de informática,Sem compra,Não indústria
@escritabilcontabilidade.com.br,61765851,INFINITY IMPORTACAO E EXPORTACAO LTDA,Comércio atacadista especializado em outros produtos intermediários não especificados anteriormente,Sem compra,Não indústria
@escritabilcontabilidade.com.br,62232889,BANCO DAYCOVAL S.A.,"Bancos múltiplos, com carteira comercial",Sem compra,Não indústria
@escritabilcontabilidade.com.br,62630404,AGC HOTEIS SOCIEDADE DE PROPOSITO ESPECIFICO LTDA,Hotéis,Sem compra,Não indústria
@escritabilcontabilidade.com.br,70011671,OMENA & ARAUJO LTDA,Comércio atacadista especializado em outros produtos intermediários não especificados anteriormente,Sem compra,Não indústria
@farmaciapermanente.com.br,06198619,DROGATIM DROGARIAS LTDA,"Comércio varejista de produtos farmacêuticos, sem manipulação de fórmulas",Ativo,Não indústria
@farmaciapermanente.com.br,05230009,COMERCIAL DRUGSTORE LTDA,"Comércio varejista de produtos farmacêuticos, sem manipulação de fórmulas",Sem compra,Não indústria
@farmaciapermanente.com.br,32320310,P&R COMUNICACAO E MARKETING LTDA,Agências de publicidade,Sem compra,Não indústria
@farmaciapermanente.com.br,32323443,CAVALCANTE SOUSA TRANSPORTE DE CARGAS LTDA,"Transporte rodoviário de carga, exceto produtos perigosos e mudanças, intermunicipal, interestadual e internacional",Sem compra,Não indústria
@farmaciapermanente.com.br,34927447,AUTO POSTO PERMANENTE LTDA,Comércio varejista de combustíveis para veículos automotores,Sem compra,Não indústria
@fkcontadores.com.br,53241657,VIVER BEM PROJETO 05 EMPREENDIMENTO IMOBILIARIO SPE LTDA,Construcao,Ativo,Indústria
@fkcontadores.com.br,46026190,VIVER BEM PROJETO 02 EMPREENDIMENTO IMOBILIARIO SPE LTDA,Construcao,Ativo,Indústria
@fkcontadores.com.br,48649274,VIVER BEM PROJETO 03 EMPREENDIMENTO IMOBILIARIO SPE LTDA,Construcao,Ativo,Indústria
@fkcontadores.com.br,50829116,VIVER BEM PROJETO 04 EMPREENDIMENTO IMOBILIARIO SPE LTDA,Construcao,Ativo,Indústria
@fkcontadores.com.br,40970440,SOUZA & SOUTO ALIMENTOS E BEBIDAS LTDA,Restaurantes e similares,Ativo,Não indústria
@fkcontadores.com.br,53801241,VIVER BEM PROJETO 07 EMPREENDIMENTO IMOBILIARIO SPE LTDA,Construcao,Sem compra,Indústria
@fkcontadores.com.br,55590124,VIVER BEM PROJETO 09 EMPREENDIMENTO IMOBILIARIO SPE LTDA,Construcao,Sem compra,Indústria
@fkcontadores.com.br,55726664,UNIQUE LOTEAMENTOS SPE LTDA,Construcao,Sem compra,Indústria
@fkcontadores.com.br,57442430,VIVER BEM PROJETO 11 EMPREENDIMENTO IMOBILIARIO SPE LTDA,Construcao,Sem compra,Indústria
@fkcontadores.com.br,61838023,VIVER BEM PROJETO 12 EMPREENDIMENTO IMOBILIARIO SPE LTDA,Construcao,Sem compra,Indústria
@fkcontadores.com.br,10996095,MARCOS ANTONIO DOS SANTOS OLIVEIRA,Construcao,Sem compra,Indústria
@fkcontadores.com.br,24362496,PRIORIZZA CONSULTORIA E NEGOCIOS LTDA,Atividades profissionais e tecnicas,Sem compra,Indústria
@fkcontadores.com.br,27077737,B & U INCORPORACOES LTDA,Construcao,Sem compra,Indústria
@fkcontadores.com.br,29702627,CAMPOS COMERCIO E SERVICOS LTDA,Construcao,Sem compra,Indústria
@fkcontadores.com.br,48246570,FAZENDA SOLAR GRAVATA LTDA,Eletricidade e gas,Sem compra,Indústria
@fkcontadores.com.br,50706074,DLAP GESTAO DE NEGOCIOS LTDA,Atividades profissionais e tecnicas,Sem compra,Indústria
@fkcontadores.com.br,00276467,F C M ENGENHARIA E INFORMATICA LTDA,Construcao,Sem compra,Indústria
@fkcontadores.com.br,07762166,RTD INFORMATICA LTDA,Construcao,Sem compra,Indústria
@fkcontadores.com.br,15529953,15.529.953 KLERISTON DA PENHA SANTOS,Construcao,Sem compra,Indústria
@fkcontadores.com.br,17018211,EDVALDO ANTONIO JOVENAL JUNIOR LTDA,Industria de transformacao,Sem compra,Indústria
@fkcontadores.com.br,22371752,FC ENGENHARIA LTDA,Atividades profissionais e tecnicas,Sem compra,Indústria
@fkcontadores.com.br,09223028,TECHNICAL SHIP COMERCIO E SERVICOS LTDA,Imunização e controle de pragas urbanas,Sem compra,Não indústria
@fkcontadores.com.br,10819130,FK CONTADORES ASSOCIADOS S/S,Atividades de contabilidade,Sem compra,Não indústria
@fkcontadores.com.br,14968927,"MANAI HOSPEDAGEM, GASTRONOMIA E LAZER LIMITADA",Hotéis,Sem compra,Não indústria
@fkcontadores.com.br,16655010,BARBOSA E SOUZA ALUGUEIS LTDA,Aluguel de imóveis próprios,Sem compra,Não indústria
@fkcontadores.com.br,17739128,FARMACIA DE MANIPULACAO DE ALAGOAS LTDA,"Comércio varejista de produtos farmacêuticos, com manipulação de fórmulas",Sem compra,Não indústria
@fkcontadores.com.br,18146346,PROJETTO LIMA COMERCIO E SERVICOS DE MOBILIARIO PARA ESCRITORIO LTDA,Comércio varejista de móveis,Sem compra,Não indústria
@fkcontadores.com.br,18351580,BDC EMPREENDIMENTOS LTDA,Gestão e administração da propriedade imobiliária,Sem compra,Não indústria
@fkcontadores.com.br,18860380,SANTO CUIDAR SERVICOS MEDICOS LTDA,Atividades de atenção ambulatorial não especificadas anteriormente,Sem compra,Não indústria
@fkcontadores.com.br,19952545,SILVA E VIANA SERVICOS EM SAUDE LTDA,Atividades de atenção ambulatorial não especificadas anteriormente,Sem compra,Não indústria
@fkcontadores.com.br,23141141,OMENA IRMAOS AGROPECUARIA LTDA,"Atividades de consultoria em gestão empresarial, exceto consultoria técnica específica",Sem compra,Não indústria
@fkcontadores.com.br,23350636,MGS ADMINISTRADORA DE BENS E DIREITOS LTDA,Gestão e administração da propriedade imobiliária,Sem compra,Não indústria
@fkcontadores.com.br,23615234,MISTER COMERCIO DE ALIMENTOS LTDA,"Comércio varejista de mercadorias em geral, com predominância de produtos alimentícios - supermercados",Sem compra,Não indústria
@fkcontadores.com.br,26333087,Araujo & Lyra estetica Ltda,Atividades de estética e outros serviços de cuidados com a beleza,Sem compra,Não indústria
@fkcontadores.com.br,28321417,M RAMOS MATOS LTDA,Promoção de vendas,Sem compra,Não indústria
@fkcontadores.com.br,28399127,CEMAN DISTRIBUIDORA DE PRODUTOS HOSPITALARES LTDA,Comércio atacadista de medicamentos e drogas de uso humano,Sem compra,Não indústria
@fkcontadores.com.br,29330766,SANTOS E SANTANA PROMOCOES DE VENDAS LTDA,Promoção de vendas,Sem compra,Não indústria
@fkcontadores.com.br,30034028,MIYAZAKI ADMINISTRADORA DE BENS E DIREITOS LTDA,Aluguel de imóveis próprios,Sem compra,Não indústria
@fkcontadores.com.br,30391439,ORTORUFF SERVICOS MEDICOS LTDA,Atividades de atenção ambulatorial não especificadas anteriormente,Sem compra,Não indústria
@fkcontadores.com.br,32892415,C L TENORIO CAVALCANTE LTDA,Restaurantes e similares,Sem compra,Não indústria
@fkcontadores.com.br,36725722,FLAVIO RUI GUERRA MOTA FILHO LTDA,Distribuição de água por caminhões,Sem compra,Não indústria
@fkcontadores.com.br,38375145,DISCOVERY ASSESSORIA E CONSULTORIA LTDA,"Atividades de consultoria em gestão empresarial, exceto consultoria técnica específica",Sem compra,Não indústria
@fkcontadores.com.br,42417583,MARIO ALOISIO CONSULTORIA EM ARQUITERURA E URBANISMO LTDA,Serviços de arquitetura,Sem compra,Não indústria
@fkcontadores.com.br,43202400,AM LOCACOES E SERVICOS LTDA,"Aluguel de máquinas e equipamentos para construção sem operador, exceto andaimes",Sem compra,Não indústria
@fkcontadores.com.br,43269499,ALBUQUERQUE E CAVALCANTE ALIMENTOS E BEBIDAS LTDA,"Bares e outros estabelecimentos especializados em servir bebidas, sem entretenimento",Sem compra,Não indústria
@fkcontadores.com.br,44795926,USE TSOUZA COMERCIO DE VESTUARIO LTDA,Comércio varejista de artigos do vestuário e acessórios,Sem compra,Não indústria
@fkcontadores.com.br,46934853,FRANCES IMOVEIS LTDA,Corretagem na compra e venda e avaliação de imóveis,Sem compra,Não indústria
@fkcontadores.com.br,47007999,MB ARQUITETURA E DESIGN LTDA,Serviços de arquitetura,Sem compra,Não indústria
@fkcontadores.com.br,48087623,MAKIRA ALIMENTACAO LTDA,Restaurantes e similares,Sem compra,Não indústria
@fkcontadores.com.br,48093855,MARIA LUIZA DA PENHA SANTOS SALAO DE BELEZA LTDA,"Cabeleireiros, manicure e pedicure",Sem compra,Não indústria
@fkcontadores.com.br,48993254,SRTK EMPREENDIMENTOS LTDA,Ensino de esportes,Sem compra,Não indústria
@fkcontadores.com.br,49639445,VIVER BEM HOSPEDAGEM E SERVICOS LTDA,Outros alojamentos não especificados anteriormente,Sem compra,Não indústria
@fkcontadores.com.br,49754330,LIBERDADE SERVICOS MEDICOS LTDA,Atividades de atenção ambulatorial não especificadas anteriormente,Sem compra,Não indústria
@fkcontadores.com.br,49799696,DONE MARKETING DE RESULTADOS LTDA,Consultoria em publicidade,Sem compra,Não indústria
@fkcontadores.com.br,50583292,CONSULTORIO DE PEDIATRIA LTDA,Atividade médica ambulatorial restrita a consultas,Sem compra,Não indústria
@fkcontadores.com.br,51037431,ESCOLA MARECHAL LTDA,Ensino fundamental,Sem compra,Não indústria
@fkcontadores.com.br,51316871,SANTOS E SANTOS COMERCIO DE MATERIAL DE CONSTRUCAO LTDA,Comércio varejista de materiais de construção em geral,Sem compra,Não indústria
@fkcontadores.com.br,51958065,F L G SERVICOS E PARTICIPACOES LTDA,Treinamento em desenvolvimento profissional e gerencial,Sem compra,Não indústria
@fkcontadores.com.br,52212201,C B COMERCIO DE ALIMENTOS LTDA,Restaurantes e similares,Sem compra,Não indústria
@fkcontadores.com.br,52796290,FCM4 COMERCIO DE VESTUARIO LTDA,Comércio varejista de artigos do vestuário e acessórios,Sem compra,Não indústria
@fkcontadores.com.br,53748878,KL3 CONTABILIDADE E SERVICOS LTDA,Serviços combinados de escritório e apoio administrativo,Sem compra,Não indústria
@fkcontadores.com.br,55364428,SHIZEN INVESTIMENTOS LTDA,Aluguel de imóveis próprios,Sem compra,Não indústria
@fkcontadores.com.br,55474850,M2F NEGOCIOS IMOBILIARIOS LTDA,Aluguel de imóveis próprios,Sem compra,Não indústria
@fkcontadores.com.br,55592220,VIVER BEM PROJETO 10 EMPREENDIMENTO IMOBILIARIO LTDA,Compra e venda de imóveis próprios,Sem compra,Não indústria
@fkcontadores.com.br,55756768,GALERIA LISBOA LTDA,Outros alojamentos não especificados anteriormente,Sem compra,Não indústria
@fkcontadores.com.br,55983481,MIPA ALUGUEIS POR TEMPORADA LTDA,Gestão e administração da propriedade imobiliária,Sem compra,Não indústria
@fkcontadores.com.br,56177786,V B LOCACOES DE EQUIPAMENTOS LTDA,"Aluguel de máquinas e equipamentos para construção sem operador, exceto andaimes",Sem compra,Não indústria
@fkcontadores.com.br,57229211,THRIVE HEAD SURF COMERCIO LTDA,Comércio varejista de artigos do vestuário e acessórios,Sem compra,Não indústria
@fkcontadores.com.br,58909402,PEREGRINO LTDA,Aluguel de imóveis próprios,Sem compra,Não indústria
@fkcontadores.com.br,60046748,GALERIA ROMA LTDA,Aluguel de imóveis próprios,Sem compra,Não indústria
@fkcontadores.com.br,60572216,ZAMAR BEACH CLUB E EVENTOS LTDA,"Bares e outros estabelecimentos especializados em servir bebidas, com entretenimento",Sem compra,Não indústria
@fkcontadores.com.br,61924947,M & M INVESTIMENTOS E PARTICIPACOES LTDA,Aluguel de imóveis próprios,Sem compra,Não indústria
@fkcontadores.com.br,62061885,GALERIA GRAND BOULEVARD LTDA,Aluguel de imóveis próprios,Sem compra,Não indústria
@fkcontadores.com.br,62209871,ELOS PESQUISA CLINICA LTDA,Pesquisa e desenvolvimento experimental em ciências físicas e naturais,Sem compra,Não indústria
@fkcontadores.com.br,62468950,VILA ZYAN HOTEIS DO NORDESTE LTDA,Outros alojamentos não especificados anteriormente,Sem compra,Não indústria
@fkcontadores.com.br,62908237,VIVER BEM PROJETO 13 EMPREENDIMENTO IMOBILIARIO LTDA,Compra e venda de imóveis próprios,Sem compra,Não indústria
@fkcontadores.com.br,63484963,ALMEIDA CONSULTORIA LTDA,Corretagem na compra e venda e avaliação de imóveis,Sem compra,Não indústria
@fkcontadores.com.br,64184461,OKAMURA GESTAO E SERVICOS LTDA,"Atividades de consultoria em gestão empresarial, exceto consultoria técnica específica",Sem compra,Não indústria
@fkcontadores.com.br,64204232,VIVER BEM ESTACIONAMENTOS LTDA,Estacionamento de veículos,Sem compra,Não indústria
@fkcontadores.com.br,64278549,JUBARTE RESIDENCIAL E COMERCIAL LTDA,Aluguel de imóveis próprios,Sem compra,Não indústria
@fkcontadores.com.br,65132759,VIVER BEM PROJETO 14 EMPREENDIMENTO IMOBILIARIO SPE LTDA,Construcao,Sem compra,Indústria
@flulook.com.br,04430693,VIP - COM DE PRODUTOS OTICOS LTDA,Comércio varejista de artigos de óptica,Sem compra,Não indústria
@flulook.com.br,05291677,CENTRO VISUAL LTDA,Comércio varejista de artigos de óptica,Sem compra,Não indústria
@flulook.com.br,05408647,VISAO COMERCIO DE PRODUTOS OTICOS LTDA,Comércio varejista de artigos de óptica,Sem compra,Não indústria
@flulook.com.br,08819519,ARTE OTICA VISAO LTDA,Comércio varejista de artigos de óptica,Sem compra,Não indústria
@flulook.com.br,08880871,OTICA ATUAL LTDA,Comércio varejista de artigos de óptica,Sem compra,Não indústria
@fmt.com.br,00818307,J M DELGADO JUNIOR,Industria de transformacao,Ativo,Indústria
@fmt.com.br,04128771,J F DA SILVA -LATICINIO,Industria de transformacao,Sem compra,Indústria
@fmt.com.br,08207518,A C G CONSTRUCOES E SERVICOS LTDA,Construcao,Sem compra,Indústria
@fmt.com.br,10937811,CICERO VALENTIM DOS SANTOS,Industria de transformacao,Sem compra,Indústria
@fmt.com.br,08733013,J. E. DE ARAUJO VIEIRA & CIA LTDA,Outras atividades auxiliares dos serviços financeiros não especificadas anteriormente,Sem compra,Não indústria
@focoassessoria.com.br,04583137,SOLIDA ENGENHARIA LTDA,Construcao,Ativo,Indústria
@focoassessoria.com.br,40515161,BRISA ADMINISTRADORA DE HOTEIS LTDA,Hotéis,Inativo,Não indústria
@focoassessoria.com.br,14999326,H2IDRO ENGENHARIA LTDA,Atividades profissionais e tecnicas,Sem compra,Indústria
@focoassessoria.com.br,17326155,MENDONCA EMPREENDIMENTO IMOBILIARIO SPE LTDA,Construcao,Sem compra,Indústria
@focoassessoria.com.br,21263102,S E T CONSTRUCOES SPE LTDA,Construcao,Sem compra,Indústria
@focoassessoria.com.br,32816469,SANCO ENGENHARIA - SCP 03,Construcao,Sem compra,Indústria
@focoassessoria.com.br,56921243,BELLE VUE EMPREENDIMENTO IMOBILIARIO SPE LTDA,Construcao,Sem compra,Indústria
@focoassessoria.com.br,48414535,WL CONSTRUCOES LTDA,Construcao,Sem compra,Indústria
@focoassessoria.com.br,62517377,SALUTE EMPREENDIMENTOS LTDA,Construcao,Sem compra,Indústria
@focoassessoria.com.br,02030990,LV SERVICOS CONTABEIS LTDA,Atividades de contabilidade,Sem compra,Não indústria
@focoassessoria.com.br,24365395,HOTEL PRAIA BONITA JANGADEIROS LTDA,Hotéis,Sem compra,Não indústria
@focoassessoria.com.br,26104934,FLAVIO ALEXANDRE FERREIRA COUTINHO LTDA,Serviços combinados de escritório e apoio administrativo,Sem compra,Não indústria
@focoassessoria.com.br,29558447,BLU CAPITAL INVESTIMENTOS E EMPREENDIMENTOS IMOBILIARIOS LTDA,Aluguel de imóveis próprios,Sem compra,Não indústria
@focoassessoria.com.br,48984589,NL INVESTIMENTOS LTDA,Compra e venda de imóveis próprios,Sem compra,Não indústria
@focoassessoria.com.br,58101959,JUNGBLUT VILAR EMPREENDIMENTOS IMOBILIARIOS LTDA,Compra e venda de imóveis próprios,Sem compra,Não indústria
@focoassessoria.com.br,62303031,MJV CONSULTORIA E GESTAO LTDA,"Atividades de consultoria em gestão empresarial, exceto consultoria técnica específica",Sem compra,Não indústria
@focoassessoria.com.br,62942421,HOTEL PONTA VERDE FAMILY LTDA,Hotéis,Sem compra,Não indústria
@focoassessoria.com.br,63863628,ICF COMERCIO DE ALIMENTOS LTDA,Restaurantes e similares,Sem compra,Não indústria
@fpconstrutora-al.com.br,41160680,F . P . CONSTRUTORA LTDA,Construcao,Ativo,Indústria
@fpconstrutora-al.com.br,42873193,CONSORCIO ARAPIRACA-DELMIRO GOUVEIA LOTE 2,Construcao,Ativo,Indústria
@fpconstrutora-al.com.br,48082971,CONSORCIO VALE DO PARAIBA LOTE 02 - FP-CLC-CONSERVA,Construcao,Ativo,Indústria
@fpconstrutora-al.com.br,56443624,CONSORCIO BR-030-BA,Construcao,Ativo,Indústria
@fpconstrutora-al.com.br,32020674,FP ENGENHARIA LTDA,Construcao,Ativo,Indústria
@fpconstrutora-al.com.br,52363574,CONSORCIO REMANESCENTE DO LOTE 07 FP-LP-ENGEMAT,Construcao,Sem compra,Indústria
@fpconstrutora-al.com.br,57487359,CONSORCIO ALAGOAS BR-101-AL,Construcao,Sem compra,Indústria
@fpconstrutora-al.com.br,64318152,CONSORCIO BR-101-SE FP-CONSERVA,Construcao,Sem compra,Indústria
@fpconstrutora-al.com.br,64513728,CONSORCIO ALAGOAS BR-316-AL,Construcao,Sem compra,Indústria
@fpconstrutora.al.com.br,42908486,CONSORCIO CLC/CONSERVA/F.P.,Construcao,Ativo,Indústria
@fpconstrutora.al.com.br,44426384,CONSORCIO DUPLICACAO AL-220 LOTE 03 FP-CLC-CONSERVA,Construcao,Ativo,Indústria
@fpconstrutora.al.com.br,45359410,CONSORCIO BATALHA-OLIVENCA FP-CLC,Construcao,Ativo,Indústria
@fpconstrutora.al.com.br,41887874,CONSORCIO FP/PIMENTEL/ALIANCA,Construcao,Sem compra,Indústria
@fpconstrutora.al.com.br,44903459,CONSORCIO PIRANHAS FP-CLC,Construcao,Sem compra,Indústria
@fpconstrutora.al.com.br,52620712,CONSORCIO MARAGOGI FP-CLC-CONSERVA-CASTILHO,Construcao,Sem compra,Indústria
@g2asolucoescontabeis.cnt.br,13059313,RM INDUSTRIA E COMERCIO LTDA,Industria de transformacao,Ativo,Indústria
@g2asolucoescontabeis.cnt.br,58304520,FRIGORIFICO JCS LTDA,Industria de transformacao,Ativo,Indústria
@g2asolucoescontabeis.cnt.br,52110730,RMA DISTRIBUIDORA LTDA,"Comércio atacadista de mercadorias em geral, sem predominância de alimentos ou de insumos agropecuários",Ativo,Não indústria
@g2asolucoescontabeis.cnt.br,64078146,VIACAO LIDER TRANSPORTES E FRETAMENTOS LTDA,"Transporte rodoviário coletivo de passageiros, com itinerário fixo, intermunicipal em região metropolitana",Ativo,Não indústria
@g2asolucoescontabeis.cnt.br,58391811,E F GONCALVES LTDA,Construcao,Sem compra,Indústria
@g2asolucoescontabeis.cnt.br,59003213,CHEFA SUCESSO LTDA,Industria de transformacao,Sem compra,Indústria
@g2asolucoescontabeis.cnt.br,08776026,MESSIAS ITALO MARIANO SILVA,Promoção de vendas,Sem compra,Não indústria
@g2asolucoescontabeis.cnt.br,34070267,A+ INDUSTRIA E SERVICOS LTDA,Comércio varejista de ferragens e ferramentas,Sem compra,Não indústria
@g2asolucoescontabeis.cnt.br,34500638,SUPER LOCADORA & TRANSPORTES LTDA,Locação de automóveis sem condutor,Sem compra,Não indústria
@g2asolucoescontabeis.cnt.br,51241277,AUTO POSTO SALES BEZERRA LTDA,Atividades de cobranças e informações cadastrais,Sem compra,Não indústria
@g2asolucoescontabeis.cnt.br,53204322,PRESTCOB SERVICOS FINANCEIROS LTDA,Serviços combinados de escritório e apoio administrativo,Sem compra,Não indústria
@g2asolucoescontabeis.cnt.br,53688953,G2A CONSULTORIA EM CONTABILIDADE E TECNOLOGIA LTDA,"Suporte técnico, manutenção e outros serviços em tecnologia da informação",Sem compra,Não indústria
@g2asolucoescontabeis.cnt.br,58565856,D N O MATERIAL DE CONSTRUCAO LTDA,Comércio varejista de materiais de construção em geral,Sem compra,Não indústria
@g2asolucoescontabeis.cnt.br,58659827,A M M DE SOUZA  LTDA,Comércio varejista de materiais de construção em geral,Sem compra,Não indústria
@g2asolucoescontabeis.cnt.br,58682593,R A M COMERCIO DE COMBUSTIVEIS E LUBRIFICANTES LTDA,Comércio varejista de combustíveis para veículos automotores,Sem compra,Não indústria
@g2asolucoescontabeis.cnt.br,60590998,FELIX SUPERMERCADO LTDA,"Comércio varejista de mercadorias em geral, com predominância de produtos alimentícios - supermercados",Sem compra,Não indústria
@g2asolucoescontabeis.cnt.br,60625096,CANUTO ATACADISTA DE CONSTRUCAO LTDA,"Comércio atacadista de mercadorias em geral, sem predominância de alimentos ou de insumos agropecuários",Sem compra,Não indústria
@g2asolucoescontabeis.cnt.br,61549676,PRESTSERVFIN SERVICOS DE COBRANCA LTDA,Atividades de cobranças e informações cadastrais,Sem compra,Não indústria
@g2asolucoescontabeis.cnt.br,61686913,MANDACARU SOLUCOES DE COBRANCA LTDA,Atividades de cobranças e informações cadastrais,Sem compra,Não indústria
@g2asolucoescontabeis.cnt.br,62310390,MANDACARU SERVICOS LTDA,Serviços combinados de escritório e apoio administrativo,Sem compra,Não indústria
@g2asolucoescontabeis.cnt.br,62607945,V. F. BARBOSA LTDA,Serviços de perícia técnica relacionados à segurança do trabalho,Sem compra,Não indústria
@g2asolucoescontabeis.cnt.br,62825107,"NLOC LOCACOES, SERVICOS E MANUFATURA LTDA",Locação de automóveis sem condutor,Sem compra,Não indústria
@g2asolucoescontabeis.cnt.br,63088901,ALUV IMOBILIARIA LTDA,Corretagem na compra e venda e avaliação de imóveis,Sem compra,Não indústria
@g2asolucoescontabeis.cnt.br,63396978,ARALUMINIO PERFIS ACESSORIOS E CIA LTDA,Comércio varejista de materiais de construção em geral,Sem compra,Não indústria
@g2asolucoescontabeis.cnt.br,64579304,CLAUDIA DE FREITAS BEAUTY LTDA,Atividades de estética e outros serviços de cuidados com a beleza,Sem compra,Não indústria
@g2asolucoescontabeis.cnt.br,65442159,MANDACARU GESTAO E SERVICOS MCZ LTDA,Serviços combinados de escritório e apoio administrativo,Sem compra,Não indústria
@g2asolucoescontabeis.cnt.br,67199180,THR LTDA,Atividade médica ambulatorial restrita a consultas,Sem compra,Não indústria
@g2asolucoescontabeis.cnt.br,67504330,AC BRAND BRASIL LTDA,"Aluguel de objetos do vestuário, jóias e acessórios",Sem compra,Não indústria
@gacontabilidadeal.com,24486271,JRV ENGENHARIA LTDA,Construcao,Sem compra,Indústria
@gacontabilidadeal.com,19279211,CONTROLE - CONSULTORIA EM ENGENHARIA DE SEGURANCA DO TRABALHO E MEIO AMBIENTE LTDA,Atividades profissionais e tecnicas,Sem compra,Indústria
@gacontabilidadeal.com,41000844,CVT CONSTRUCOES LTDA,Construcao,Sem compra,Indústria
@gacontabilidadeal.com,47372211,UNIPRINT MACEIO LTDA,Industria de transformacao,Sem compra,Indústria
@gacontabilidadeal.com,58130060,TFS SOLUCOES INTEGRADAS LTDA,Construcao,Sem compra,Indústria
@gacontabilidadeal.com,63706599,GAV CONSTRUCOES LTDA,Construcao,Sem compra,Indústria
@gacontabilidadeal.com,40835234,R F BRAZ CONSTRUCOES E PINTURAS,Construcao,Sem compra,Indústria
@gacontabilidadeal.com,48580365,GABRIEL ALBERTO ALEM,Construcao,Sem compra,Indústria
@gacontabilidadeal.com,49449155,49.449.155 MIGUEL CARLOS ALEM,Construcao,Sem compra,Indústria
@gacontabilidadeal.com,51802121,DFLA ENGENHARIA LTDA,Atividades profissionais e tecnicas,Sem compra,Indústria
@gacontabilidadeal.com,52776943,A DA S OMENA,Industria de transformacao,Sem compra,Indústria
@gacontabilidadeal.com,53756956,S DA S GALVAO,Atividades profissionais e tecnicas,Sem compra,Indústria
@gacontabilidadeal.com,55311985,JETCARGA MOBILIDADE ELETRICA LTDA,Comercio e reparacao de veiculos,Sem compra,Indústria
@gacontabilidadeal.com,57506868,J M F DE MELO MONTAGEM INDUSTRIAL,Industria de transformacao,Sem compra,Indústria
@gacontabilidadeal.com,01531799,J. M. CONSULTORIA EMPRESARIAL LTDA,"Atividades de consultoria em gestão empresarial, exceto consultoria técnica específica",Sem compra,Não indústria
@gacontabilidadeal.com,46795527,SOUZA E COSTA LTDA,Comércio varejista de artigos do vestuário e acessórios,Sem compra,Não indústria
@gacontabilidadeal.com,47340857,AC ENERGY LTDA,Construcao,Sem compra,Indústria
@gacontabilidadeal.com,50293135,ANSCHRIS LTDA,Comércio varejista de artigos de papelaria,Sem compra,Não indústria
@gacontabilidadeal.com,52230348,COELHO MATOS PROCEDIMENTOS MEDICOS LTDA,Atividade médica ambulatorial com recursos para realização de procedimentos cirúrgicos,Sem compra,Não indústria
@gacontabilidadeal.com,54634553,WN EVENTOS LTDA,"Artes cênicas, espetáculos e atividades complementares não especificadas anteriormente",Sem compra,Não indústria
@gacontabilidadeal.com,55713489,AMORIM & LESSA LTDA,Atividade médica ambulatorial restrita a consultas,Sem compra,Não indústria
@gacontabilidadeal.com,55809795,R P PROJETOS E CONSULTORIA LTDA,"Outras atividades profissionais, científicas e técnicas não especificadas anteriormente",Sem compra,Não indústria
@gacontabilidadeal.com,57125871,SANTA MARIA TERESA GORETTI LTDA,Atividade médica ambulatorial com recursos para realização de procedimentos cirúrgicos,Sem compra,Não indústria
@gacontabilidadeal.com,57361565,INSTITUTO DE DOR E REABILITACAO,Atividades de apoio à gestão de saúde,Sem compra,Não indústria
@gacontabilidadeal.com,59077848,L A COMERCIAL LTDA,"Atividades de intermediação e agenciamento de serviços e negócios em geral, exceto imobiliários",Sem compra,Não indústria
@gacontabilidadeal.com,59528772,TM DE CARVALHO FARMA LTDA,"Comércio varejista de produtos farmacêuticos, sem manipulação de fórmulas",Sem compra,Não indústria
@gacontabilidadeal.com,59689996,LAVA JATO RENASCER LTDA,"Serviços de lavagem, lubrificação e polimento de veículos automotores",Sem compra,Não indústria
@gacontabilidadeal.com,60328034,LS CHAGAS FILHO LTDA,Atividade médica ambulatorial com recursos para realização de procedimentos cirúrgicos,Sem compra,Não indústria
@gacontabilidadeal.com,61217603,GA IMPORTS LTDA,Comércio varejista especializado de eletrodomésticos e equipamentos de áudio e vídeo,Sem compra,Não indústria
@gacontabilidadeal.com,61688051,A A ALBUQUERQUE,Comércio varejista especializado de equipamentos de telefonia e comunicação,Sem compra,Não indústria
@gacontabilidadeal.com,61769544,SAMBAPASS ENTRETENIMENTO E EVENTOS LTDA,Desenvolvimento e licenciamento de programas de computador customizáveis,Sem compra,Não indústria
@gacontabilidadeal.com,62513423,GABRIEL IPHONE LTDA,Comércio varejista especializado de eletrodomésticos e equipamentos de áudio e vídeo,Sem compra,Não indústria
@gacontabilidadeal.com,63021697,INSTITUTO DEVINHO LOUREIRO,Atividades de apoio à gestão de saúde,Sem compra,Não indústria
@gacontabilidadeal.com,64331862,NATIVA GESTAO E COMERCIO LTDA,Comércio varejista de outros produtos não especificados anteriormente,Sem compra,Não indústria
@gacontabilidadeal.com,64667838,ESCOLA DE ENSINO FUNDAMENTAL EMILIA FERREIRO LTDA,Ensino fundamental,Sem compra,Não indústria
@gacontabilidadeal.com,65053179,A2 NEGOCIOS IMOBILIARIOS LTDA,"Atividades de consultoria em gestão empresarial, exceto consultoria técnica específica",Sem compra,Não indústria
@gacontabilidadeal.com,65360500,SABOR DE ALAGOAS LTDA,"Comércio atacadista de pães, bolos, biscoitos e similares",Sem compra,Não indústria
@gacontabilidadeal.com,66578925,NF MOBILIDADE ELETRICA LTDA,Comércio a varejo de motocicletas e motonetas novas,Sem compra,Não indústria
@gamil.com,43349242,LEGANA NEGOCIOS IMOBILIARIOS LTDA,Construcao,Sem compra,Indústria
@gamil.com,17729375,17.729.375 PAULO PEDRO DA SILVA ROCHA PEREIRA,Industria de transformacao,Sem compra,Indústria
@gamil.com,28136659,EDINALDO RUFINO DE AMORIM,Industria de transformacao,Sem compra,Indústria
@gamil.com,42857855,JEAN GUEDES DA SILVA 01528615484,"Agua, esgoto e residuos",Sem compra,Indústria
@gamil.com,51053781,51.053.781 RICARDO FIRMINO DOS SANTOS,Industria de transformacao,Sem compra,Indústria
@gamil.com,58616064,J L S DA SILVA CONSTRUCOES,Industria de transformacao,Sem compra,Indústria
@gamil.com,63502995,GV GRAFICA RAPIDA E FARDAMENTOS LTDA,Industria de transformacao,Sem compra,Indústria
@gamil.com,12310579,LIGA ALAGOANA CONTRA A TUBERCULOSE,"Atividades de atendimento hospitalar, exceto pronto-socorro e unidades para atendimento a urgências",Sem compra,Não indústria
@gamil.com,43750806,QUENTEX REFEICOES LTDA,Restaurantes e similares,Sem compra,Não indústria
@gamil.com,51287516,BOMBONIERE SAO FRANCISCO LTDA,"Comércio varejista de doces, balas, bombons e semelhantes",Sem compra,Não indústria
@geodeep.com.br,03595723,GEODEEP SERVICOS DE GEOLOGIA E GEOFISICA LTDA,Atividades profissionais e tecnicas,Ativo,Indústria
@geodeep.com.br,62329819,SPE COMPLEXO UFV 01 LTDA,"Aluguel de outras máquinas e equipamentos comerciais e industriais não especificados anteriormente, sem operador",Sem compra,Não indústria
@geodeep.com.br,62447283,SPE COMPLEXO UFV 02 LTDA,"Aluguel de outras máquinas e equipamentos comerciais e industriais não especificados anteriormente, sem operador",Sem compra,Não indústria
@geodeep.com.br,62493629,SPE COMPLEXO UFV 03 LTDA,"Aluguel de outras máquinas e equipamentos comerciais e industriais não especificados anteriormente, sem operador",Sem compra,Não indústria
@geodeep.com.br,62536783,SPE COMPLEXO UFV 04 LTDA,"Aluguel de outras máquinas e equipamentos comerciais e industriais não especificados anteriormente, sem operador",Sem compra,Não indústria
@geodeep.com.br,62580511,SPE COMPLEXO UFV 05 LTDA,"Aluguel de outras máquinas e equipamentos comerciais e industriais não especificados anteriormente, sem operador",Sem compra,Não indústria
@gestaostratus.com,17795668,PLT RECICLAGEM LTDA,Comércio atacadista de outros equipamentos e artigos de uso pessoal e doméstico não especificados anteriormente,Sem compra,Não indústria
@gestaostratus.com,29853107,RL COMERCIO DE COMBUSTIVEIS LTDA,Comércio varejista de combustíveis para veículos automotores,Sem compra,Não indústria
@gestaostratus.com,30960497,AUTO POSTO CARANGO LTDA,Comércio varejista de combustíveis para veículos automotores,Sem compra,Não indústria
@gestaostratus.com,34036410,J C COMBUSTIVEIS E LUBRIFICANTES LTDA,Comércio varejista de combustíveis para veículos automotores,Sem compra,Não indústria
@gestaostratus.com,51187873,ATENAS COMERCIO DE COMBUSTIVEIS LTDA,Comércio varejista de combustíveis para veículos automotores,Sem compra,Não indústria
@gestaostratus.com,57251310,POSTO CATHARINA LTDA,Comércio varejista de combustíveis para veículos automotores,Sem compra,Não indústria
@gmai.com,32979755,32.979.755 TIAGO DOS SANTOS DIAS,Industria de transformacao,Sem compra,Indústria
@gmai.com,63277224,J DA SILVA NOGUEIRA LTDA,Construcao,Sem compra,Indústria
@gmai.com,10860813,Akieletrica comercio e servicos. LTDA,Comércio varejista de material elétrico,Sem compra,Não indústria
@gmai.com,60042528,CONDOTECH LTDA,Gestão e administração da propriedade imobiliária,Sem compra,Não indústria
@gmai.com,60159457,BIOSERVICE RESSONANCIA MAGNETICA BR LTDA,Serviços de ressonância magnética,Sem compra,Não indústria
@gmail.com.br,45417691,VILLA TAMONA SPE LTDA,Construcao,Ativo,Indústria
@gmail.com.br,29547749,FERNANDA BARBOSA VERCOSA LTDA,Industria de transformacao,Ativo,Indústria
@gmail.com.br,14179637,G F DOS ANJOS  LTDA,"Comércio varejista de mercadorias em geral, com predominância de produtos alimentícios - minimercados, mercearias e armazéns",Ativo,Não indústria
@gmail.com.br,47060030,COOPERATIVA DOS PRODUTORES E AGRICULTORES DO SERTAO E REGIOES DE ALAGOAS COOPASA,Industria de transformacao,Sem compra,Indústria
@gmail.com.br,50430936,MJ CONSTRUCOES LTDA,Construcao,Sem compra,Indústria
@gmail.com.br,26168049,SELMO RAFAEL DO NASCIMENTO 92385478404,Comercio e reparacao de veiculos,Sem compra,Indústria
@gmail.com.br,30542246,NASCIMENTO MOREIRA DE ARAUJO 08713195433,Comercio e reparacao de veiculos,Sem compra,Indústria
@gmail.com.br,38277272,R K DA S MARQUES TELECOM,Informacao e comunicacao,Sem compra,Indústria
@gmail.com.br,44887526,JOAO DO NASCIMENTO FERREIRA 11102626473,Construcao,Sem compra,Indústria
@gmail.com.br,50584271,WILLAMES DA SILVA LTDA,Construcao,Sem compra,Indústria
@gmail.com.br,11653002,CONTABIL PRIME LTDA,Atividades de contabilidade,Sem compra,Não indústria
@gmail.com.br,15771669,RODSTENERY CALHEIROS BARBOSA DOS SANTOS,"Transporte rodoviário coletivo de passageiros, com itinerário fixo, intermunicipal em região metropolitana",Sem compra,Não indústria
@gmail.com.br,17055821,WIRK EMPREENDIMENTOS IMOBILIARIOS LTDA,Compra e venda de imóveis próprios,Sem compra,Não indústria
@gmail.com.br,19179898,ALMEIDA E ALMEIDA COMERCIO DE ARTIGOS DO VESTUARIO LTDA,Comércio varejista de artigos do vestuário e acessórios,Sem compra,Não indústria
@gmail.com.br,27285657,BEM PHYNA CONSULTORIA DE IMAGEM E MODA LTDA,"Atividades de intermediação e agenciamento de serviços e negócios em geral, exceto imobiliários",Sem compra,Não indústria
@gmail.com.br,48091066,CEM CENTRO DE ENDOSCOPIA MACEIO LTDA,Serviços de diagnóstico por métodos ópticos - endoscopia e outros exames análogos,Sem compra,Não indústria
@gmail.com.br,52693057,V V CUSTOMIZACAO DE INTERIORES LTDA.,Design de interiores,Sem compra,Não indústria
@gmail.com.br,59064172,A.G.S. AGENCIAMENTOS E TRANSPORTES LTDA,"Transporte rodoviário de carga, exceto produtos perigosos e mudanças, municipal.",Sem compra,Não indústria
@gmail.com.br,66153997,J. A DIAS CONSULTORIA IMOBILIARIA LTDA,Corretagem na compra e venda e avaliação de imóveis,Sem compra,Não indústria
@gmil.com,60480718,BOM SUCESSO INCORPORACOES LTDA,Construcao,Sem compra,Indústria
@gmil.com,28303062,JOSE GALILEU DE LACERDA CARDOSO 07526621474,Construcao,Sem compra,Indústria
@gmil.com,47950561,J M L DA SILVA ELETRICA E REFRIGERACAO,Construcao,Sem compra,Indústria
@gmil.com,51254249,J E F MEDEIROS CONSULTORIA LTDA,Atividades profissionais e tecnicas,Sem compra,Indústria
@gmil.com,48825745,H CHEN PRESENTES,"Comércio varejista especializado de peças e acessórios para aparelhos eletroeletrônicos para uso doméstico, exceto informática e comunicação",Sem compra,Não indústria
@gps.ind.br,02339308,GPS EMPREENDIMENTOS LTDA - EM RECUPERACAO JUDICIAL,Construcao,Ativo,Indústria
@gps.ind.br,11830330,CONSORCIO GPS/ELECTRA - PIAUI SUL,Construcao,Sem compra,Indústria
@gps.ind.br,12770466,GPS BARRA DE SAO MIGUEL SPE LTDA - EM RECUPERACAO JUDICIAL,Atividades profissionais e tecnicas,Sem compra,Indústria
@gps.ind.br,09351020,CONSORCIO GPS & UCHOA AGRESTE/ARAPIRACA,Administração de consórcios para aquisição de bens e direitos,Sem compra,Não indústria
@gps.ind.br,13115620,DSPJ EMPREENDIMENTOS LTDA,"Atividades de consultoria em gestão empresarial, exceto consultoria técnica específica",Sem compra,Não indústria
@grupocoagro.com,02895028,R B DANTAS LTDA,"Comércio atacadista de defensivos agrícolas, adubos, fertilizantes e corretivos do solo",Inativo,Não indústria
@grupocoagro.com,33222411,DANTAS & BARRETO LTDA,Industria de transformacao,Sem compra,Indústria
@grupocoagro.com,11073085,RB EMPREENDIMENTOS TURISTICOS LTDA,Serviços combinados de escritório e apoio administrativo,Sem compra,Não indústria
@grupocoagro.com,12148585,ENTREGA RAPIDA TRANSPORTADORA E LOCACOES LTDA,Locação de automóveis sem condutor,Sem compra,Não indústria
@grupocoagro.com,22716220,RB AGRICOLA LTDA,"Comércio atacadista de mercadorias em geral, com predominância de insumos agropecuários",Sem compra,Não indústria
@grupocoagro.com,59419190,RB DANTAS DISTRIBUIDORA LTDA,Comércio atacadista de alimentos para animais,Sem compra,Não indústria
@grupoempresarialmeireles.com.br,07204706,CENTRO DE RADIOLOGIA INTERVENCIONISTA LTDA,"Serviços de diagnóstico por imagem com uso de radiação ionizante, exceto tomografia",Sem compra,Não indústria
@grupoempresarialmeireles.com.br,08466769,CENTRO DE DISTRIBUICAO E IMPORTACAO DE PRODUTOS MEDICOS DO NORTE E NORDESTE LTDA,"Atividades de intermediação e agenciamento de serviços e negócios em geral, exceto imobiliários",Sem compra,Não indústria
@grupoempresarialmeireles.com.br,08683092,GEM - EMPRESARIAL MEIRELES EMPREENDIMENTOS E PARTICIPACOES LTDA,Outras atividades de serviços prestados principalmente às empresas não especificadas anteriormente,Sem compra,Não indústria
@grupoempresarialmeireles.com.br,10156973,PRODUTOS MEDICOS BIOMEDICA LTDA,"Comércio atacadista de instrumentos e materiais para uso médico, cirúrgico, hospitalar e de laboratórios",Sem compra,Não indústria
@grupoempresarialmeireles.com.br,19936476,CTA - CENTRO DE TOMOGRAFIA DE ALAGOAS LTDA,Serviços de tomografia,Sem compra,Não indústria
@grupoempresarialmeireles.com.br,28859695,GEM - EMPRESARIAL MEIRELES REPRESENTACOES LTDA,"Representantes comerciais e agentes do comércio de máquinas, equipamentos, embarcações e aeronaves",Sem compra,Não indústria
@grupoempresarialmeireles.com.br,29750394,INSTITUTO DE TRATAMENTO DA COLUNA DE ALAGOAS LTDA,Atividade médica ambulatorial com recursos para realização de procedimentos cirúrgicos,Sem compra,Não indústria
@grupoempresarialmeireles.com.br,30723783,ANGIONEURO - DIAGNOSTICO POR IMAGEM LTDA,Serviços de ressonância magnética,Sem compra,Não indústria
@grupoempresarialmeireles.com.br,31973012,CENTRO DE TRATAMENTO INTENSIVO LTDA,Atividades de atendimento em pronto-socorro e unidades hospitalares para atendimento a urgências,Sem compra,Não indústria
@grupoempresarialmeireles.com.br,39221433,NEFROLOGIA E TERAPIA RENAL LTDA,Serviços de diálise e nefrologia,Sem compra,Não indústria
@grupoempresarialmeireles.com.br,56043548,NEFRO MACEIO - CENTRO DE NEFROLOGIA DE MACEIO LTDA,Serviços de diálise e nefrologia,Sem compra,Não indústria
@grupojcf.com.br,12439428,MANDACARU INCORPORADORA LTDA,Construcao,Sem compra,Indústria
@grupojcf.com.br,34809005,NOVA COMERCIO DE VEICULOS AUTOMOTORES LTDA,"Comércio a varejo de automóveis, camionetas e utilitários novos",Sem compra,Não indústria
@grupojcf.com.br,42634680,LA BELLE MOTORS LTDA,"Comércio a varejo de automóveis, camionetas e utilitários novos",Sem compra,Não indústria
@grupojcf.com.br,58684735,JCF MOTORS LTDA,"Comércio a varejo de automóveis, camionetas e utilitários novos",Sem compra,Não indústria
@grupojcf.com.br,67094662,ACCIOLY RENT CAR LTDA,Locação de automóveis sem condutor,Sem compra,Não indústria
@grupoluizjatoba.com.br,11908167,DIESEL DISTRIBUIDORA E SERVICOS LTDA,Comércio varejista de combustíveis para veículos automotores,Sem compra,Não indústria
@grupoluizjatoba.com.br,12266607,"PRISMEL VEICULOS, PECAS E SERVICOS LTDA","Comércio a varejo de automóveis, camionetas e utilitários novos",Sem compra,Não indústria
@grupoluizjatoba.com.br,13713204,"PALMAS VEICULOS, PECAS E SERVICOS LTDA.","Comércio a varejo de automóveis, camionetas e utilitários novos",Sem compra,Não indústria
@grupoluizjatoba.com.br,17495269,"NOVA ARAVEL-COMERCIO DE VEICULOS, PECAS E SERVICOS LTDA","Comércio a varejo de automóveis, camionetas e utilitários novos",Sem compra,Não indústria
@grupoluizjatoba.com.br,53372788,LOCOMOV LOCACOES E SERVICOS LTDA,Locação de automóveis sem condutor,Sem compra,Não indústria
@grupoluizjatoba.com.br,64535061,ELEJOTA EMPREENDIMENTOS IMOBILIARIOS LTDA,Aluguel de imóveis próprios,Sem compra,Não indústria
@grupoparque.com.br,00237471,"MELRO, SAMPAIO & CIA LTDA",Comércio varejista de plantas e flores naturais,Ativo,Não indústria
@grupoparque.com.br,04396985,PREVIPARQ LTDA,Serviços de funerárias,Ativo,Não indústria
@grupoparque.com.br,06009273,MEMORIAL PARQUE DE MACEIO LTDA,Gestão e manutenção de cemitérios,Ativo,Não indústria
@grupoparque.com.br,35292769,FPB EMPREENDIMENTOS LTDA,Gestão e manutenção de cemitérios,Ativo,Não indústria
@grupoparque.com.br,29882435,CEMITERIOS PARQUE DE ALAGOAS LTDA.,Gestão e manutenção de cemitérios,Sem compra,Não indústria
@grupoparque.com.br,31096542,GPF CORRETORA DE SEGUROS LTDA.,"Corretores e agentes de seguros, de planos de previdência complementar e de saúde",Sem compra,Não indústria
@grupoparque.com.br,34376672,CGB GESTAO EMPRESARIAL LTDA,"Atividades de consultoria em gestão empresarial, exceto consultoria técnica específica",Sem compra,Não indústria
@grupoparque.com.br,34815564,SCB GESTAO EMPRESARIAL LTDA,"Atividades de consultoria em gestão empresarial, exceto consultoria técnica específica",Sem compra,Não indústria
@grupoplanning.com.br,54544384,MANUELA LIMA BARBOSA LTDA,Industria de transformacao,Sem compra,Indústria
@grupoplanning.com.br,35553981,MELO & MELO COMERCIO LTDA,Comércio varejista de outros produtos não especificados anteriormente,Sem compra,Não indústria
@grupoplanning.com.br,55548495,CEPAR COMERCIO E DISTRIBUICAO DE TECIDOS E CONFECCOES LTDA,Comércio atacadista de tecidos,Sem compra,Não indústria
@grupoplanning.com.br,60943414,ACTRA COMERCIAL DE PRODUTOS E VARIEDADES LTDA,"Comércio atacadista de artigos do vestuário e acessórios, exceto profissionais e de segurança",Sem compra,Não indústria
@grupoplanning.com.br,64074432,LIBRIAN COMERCIAL DE PRODUTOS E ATACADISTA LTDA,Comércio atacadista de componentes eletrônicos e equipamentos de telefonia e comunicação,Sem compra,Não indústria
@grupoplanning.com.br,67265402,AMALFI LTDA,Restaurantes e similares,Sem compra,Não indústria
@grupoplanning.com.br,67267522,PARRILLA NORDESTINA LTDA,"Lanchonetes, casas de chá, de sucos e similares",Sem compra,Não indústria
@grupoplanning.com.br,67268484,ALLOW BEAUTY HAIR DISTRIBUIDORA LTDA,Comércio atacadista de cosméticos e produtos de perfumaria,Sem compra,Não indústria
@grupoplanning.com.br,67938540,"MULTIGLASS VIDROS, ALUMINIOS E COMPONENTES LTDA",Comércio atacadista de materiais de construção em geral,Sem compra,Não indústria
@h4contabilidade.com.br,52880524,MAG CONSTRUCAO E INCORPORACAO LTDA,Atividades profissionais e tecnicas,Sem compra,Indústria
@h4contabilidade.com.br,60055726,MODULA INCORPORACOES IMOBILIARIAS LTDA,Construcao,Sem compra,Indústria
@h4contabilidade.com.br,61482092,W.T SERVICO LTDA,Comercio e reparacao de veiculos,Sem compra,Indústria
@h4contabilidade.com.br,63184082,SOLUCAO CONSTRUTORA LTDA,Construcao,Sem compra,Indústria
@h4contabilidade.com.br,19111014,SAUDE MAIS IND LTDA,Comércio atacadista de medicamentos e drogas de uso humano,Sem compra,Não indústria
@h4contabilidade.com.br,35993322,CENTRO MEDICO ATENDER LTDA,"Atividades de atendimento hospitalar, exceto pronto-socorro e unidades para atendimento a urgências",Sem compra,Não indústria
@h4contabilidade.com.br,66851806,CONSORCIO NOVA ESPERANCA,Construcao,Sem compra,Indústria
@halbreich.com.br,12387807,TC CULTURAL PRODUCOES LTDA.,"Portais, provedores de conteúdo e outros serviços de informação na internet",Sem compra,Não indústria
@halbreich.com.br,40180108,HP1 HOTELARIA LTDA,Hotéis,Sem compra,Não indústria
@halbreich.com.br,46533148,CMM EMPREENDIMENTOS IMOBILIARIOS LTDA,Compra e venda de imóveis próprios,Sem compra,Não indústria
@halbreich.com.br,46536007,CVM1 EMPREENDIMENTOS IMOBILIARIOS LTDA,Compra e venda de imóveis próprios,Sem compra,Não indústria
@halbreich.com.br,66477395,OURICURI PATRIMONIAL LTDA,Aluguel de imóveis próprios,Sem compra,Não indústria
@harcos.com.br,50026997,PORTAL DAS ROCAS EMPREENDIENTOS SPE LTDA,Construcao,Ativo,Indústria
@harcos.com.br,40091298,FM 01 EMPREENDIMENTO IMOBILIARIO SPE LTDA,Construcao,Ativo,Indústria
@harcos.com.br,03028774,F. M. S. L.. CORETORA DE SEGUROS LTDA,Outras atividades de prestação de serviços de informação não especificadas anteriormente,Ativo,Não indústria
@harcos.com.br,06371307,HARCOS COMERCIO E SERVICOS LTDA,Promoção de vendas,Ativo,Não indústria
@harcos.com.br,26430205,GM PRESTADORA DE SERVICOS ADMINISTRATIVOS A EMPRESAS LTDA,Preparação de documentos e serviços especializados de apoio administrativo não especificados anteriormente,Ativo,Não indústria
@harcos.com.br,42269054,RANCHO ALIANCA EMPREENDIMENTOS IMOBILIARIOS SPE LTDA,Construcao,Sem compra,Indústria
@harcos.com.br,47726155,H M V EMPREENDIMENTOS SPE LTDA,Construcao,Sem compra,Indústria
@harcos.com.br,63294732,GARANHUNS EMPREENDIMENTOS IMOBILIARIOS SPE LTDA,Construcao,Sem compra,Indústria
@harcos.com.br,11148000,A2B TECNOLOGIA LTDA,Serviços combinados de escritório e apoio administrativo,Sem compra,Não indústria
@harcos.com.br,13792745,TC AGROPECUARIA E PARTICIPACOES LTDA,Cultivo de cana-de-açúcar,Sem compra,Não indústria
@harcos.com.br,66887414,HCM SATUBA EMPREENDIMENTO IMOBILIARIO SPE LTDA,Construcao,Sem compra,Indústria
@homail.com,01301040,GRAFPEL IND GRAFICA LTDA,Industria de transformacao,Ativo,Indústria
@homail.com,51795125,CEDRO ENGENHARIA LTDA,Atividades profissionais e tecnicas,Sem compra,Indústria
@homail.com,04487554,LUZ DESIGN LTDA,Comércio varejista de artigos de iluminação,Sem compra,Não indústria
@homail.com,21089386,N. C. METALURGICA COMERCIO DE FERRAMENTAS LTDA,Comércio varejista de ferragens e ferramentas,Sem compra,Não indústria
@homail.com,54667760,HARAS TERRAFORTT LTDA,Criação de eqüinos,Sem compra,Não indústria
@ibest.com.br,15350930,LINEA EMPREENDIMENTOS LTDA,Construcao,Sem compra,Indústria
@ibest.com.br,03299712,POLY BOX LTDA,Construcao,Sem compra,Indústria
@ibest.com.br,07972633,J. DILSON SANTOS DIAS,Industria de transformacao,Sem compra,Indústria
@ibest.com.br,12828034,DALVANETE ROCHA DA SILVA,Industria de transformacao,Sem compra,Indústria
@ibest.com.br,24770956,SERGIO TULIO INVESTIMENTOS IMOBILIARIOS LTDA,Construcao,Sem compra,Indústria
@ibest.com.br,02479172,S.T. LOCACAO DE VEICULOS LTDA,"Locação de outros meios de transporte não especificados anteriormente, sem condutor",Sem compra,Não indústria
@ibest.com.br,09372391,J. JOSELHO DE MELO,"Comércio varejista de mercadorias em geral, com predominância de produtos alimentícios - minimercados, mercearias e armazéns",Sem compra,Não indústria
@ibest.com.br,11075855,M. A. DE CASTRO SOTERO & CIA LTDA,Atividades de cobranças e informações cadastrais,Sem compra,Não indústria
@ibest.com.br,20327163,NASCIMENTO COMERCIO DE ALIMENTOS LTDA,Preparação de documentos e serviços especializados de apoio administrativo não especificados anteriormente,Sem compra,Não indústria
@inoveengenharia.com,14581038,"INOVE CONSTRUCOES, INCORPORACOES E ENGENHARIA LTDA",Construcao,Ativo,Indústria
@inoveengenharia.com,33966986,INOVE EMPREENDIMENTOS E ENGENHARIA LTDA,Construcao,Ativo,Indústria
@inoveengenharia.com,44381052,"INOVE CONSTRUCOES, INCORPORACOES E ENGENHARIA LTDA - SCP - AGUAPE",Construcao,Sem compra,Indústria
@inoveengenharia.com,46794708,"INOVE CONSTRUCOES, INCORPORACOES E ENGENHARIA LTDA - SCP VILA CAJU",Construcao,Sem compra,Indústria
@inoveengenharia.com,51829763,"INOVE CONSTRUCOES, INCORPORACOES E ENGENHARIA LTDA - SCP BSM",Construcao,Sem compra,Indústria
@itelx.com.br,39457184,ITELX S/A,Informacao e comunicacao,Sem compra,Indústria
@itelx.com.br,48749793,ITELX ENGENHARIA LTDA,Construcao,Sem compra,Indústria
@itelx.com.br,48750161,ITELX EMPRESAS LTDA,Locação de automóveis sem condutor,Sem compra,Não indústria
@itelx.com.br,48764845,ITELX TECH LTDA,"Tratamento de dados, provedores de serviços de aplicação e serviços de hospedagem na internet",Sem compra,Não indústria
@itelx.com.br,49877498,ITELX CONNECT LTDA,Atividades de teleatendimento,Sem compra,Não indústria
@j3incorporacao.com.br,22213836,"J3 INCORPORACAO, ENGENHARIA E CONSTRUCAO LTDA",Construcao,Ativo,Indústria
@j3incorporacao.com.br,49173847,RIVIERA EMPREENDIMENTOS IMOBILIARIOS SPE LTDA,Construcao,Ativo,Indústria
@j3incorporacao.com.br,43840896,RESIDENCIAL ARTHUR RAMOSS SPE LTDA,Construcao,Sem compra,Indústria
@j3incorporacao.com.br,48999255,CITRINE INVESTIMENTOS E NEGOCIOS DE ENGENHARIA LTDA,Construcao,Sem compra,Indústria
@j3incorporacao.com.br,52321150,ALTO DO CRISTO EMPREENDIMENTO IMOBILIARIO SPE LTDA,Construcao,Sem compra,Indústria
@j3incorporacao.com.br,57081276,RF EMPREENDIMENTOS IMOBILIARIOS CONDOMINIO CANNES SPE LTDA,Construcao,Sem compra,Indústria
@j3incorporacao.com.br,49494532,DENISSON AMORIM BOULEVARD EMPREENDIMENTO SPE LTDA,Loteamento de imóveis próprios,Sem compra,Não indústria
@jrca.com.br,06216099,NIKAI VEICULOS S.A.,"Comércio a varejo de automóveis, camionetas e utilitários novos",Ativo,Não indústria
@jrca.com.br,26562837,JRCA VEICULOS S.A.,"Comércio a varejo de automóveis, camionetas e utilitários novos",Ativo,Não indústria
@jrca.com.br,41183930,AKANE VEICULOS S.A.,"Comércio a varejo de automóveis, camionetas e utilitários novos",Sem compra,Não indústria
@jrca.com.br,47406151,JRCA LOCACOES LTDA,Locação de automóveis sem condutor,Sem compra,Não indústria
@jrca.com.br,47417004,R2 SERVICOS MEDICOS LTDA,Atividade médica ambulatorial restrita a consultas,Sem compra,Não indústria
@jrca.com.br,49006666,JRCA VEICULOS ELETRICOS S.A.,"Comércio a varejo de automóveis, camionetas e utilitários novos",Sem compra,Não indústria
@jrca.com.br,53732789,JRCA CORRETORA DE SEGUROS LTDA,"Corretores e agentes de seguros, de planos de previdência complementar e de saúde",Sem compra,Não indústria
@jrca.com.br,53915011,JRCA MOTOS S.A,Comércio a varejo de motocicletas e motonetas novas,Sem compra,Não indústria
@jrca.com.br,56160175,JRCA SEMINOVOS LTDA,"Comércio a varejo de automóveis, camionetas e utilitários novos",Sem compra,Não indústria
@jrca.com.br,61764193,JRCA BRITISH LTDA,Comércio a varejo de motocicletas e motonetas novas,Sem compra,Não indústria
@jrca.com.br,64666329,JRCA AUTOMOTIVE LTDA,"Comércio a varejo de automóveis, camionetas e utilitários novos",Sem compra,Não indústria
@jrca.com.br,66166702,JRCA PREMIUM VEICULOS LTDA,"Comércio a varejo de automóveis, camionetas e utilitários novos",Sem compra,Não indústria
@jrcontabilplus.com.br,07183937,PROJECAO ARQUITETURA LTDA,Serviços de arquitetura,Inativo,Não indústria
@jrcontabilplus.com.br,05841115,CONSTRUSAT ENGENHARIA LTDA,Construcao,Sem compra,Indústria
@jrcontabilplus.com.br,49557653,VASTRA CONSTRUTORA LTDA,Construcao,Sem compra,Indústria
@jrcontabilplus.com.br,61785006,MARAGOGI PARADISE CONSTRUCOES SPE LTDA.,Construcao,Sem compra,Indústria
@jrcontabilplus.com.br,02378457,DMC ENGENHARIA E AVALIACOES LTDA.,Atividades profissionais e tecnicas,Sem compra,Indústria
@jrcontabilplus.com.br,13351151,FAM CONTRUCOES E INCORPORACOES LTDA,Construcao,Sem compra,Indústria
@jrcontabilplus.com.br,05488417,MULTITEC ENGENHARIA E EMPREENDIMENTOS LTDA,Construcao,Sem compra,Indústria
@jrcontabilplus.com.br,33649289,VASCONCELLOS ENGENHARIA LTDA.,Serviços de arquitetura,Sem compra,Não indústria
@jrcontabilplus.com.br,33649461,CL9 ARQUITETURA LTDA.,Serviços de arquitetura,Sem compra,Não indústria
@jrcontabilplus.com.br,43940492,FAM ALUGUEIS DE VEICULOS E EQUIPAMENTOS EM GERAIS LTDA,"Aluguel de outras máquinas e equipamentos comerciais e industriais não especificados anteriormente, sem operador",Sem compra,Não indústria
@jrcontabilplus.com.br,55854967,NOAH SAUDE LTDA.,Atividades de atenção ambulatorial não especificadas anteriormente,Sem compra,Não indústria
@jrcontabilplus.com.br,62571665,D ATANASIO DA SILVA IMOVEIS,Corretagem na compra e venda e avaliação de imóveis,Sem compra,Não indústria
@jrcontabilplus.com.br,63741390,SOMA COMPRAS & SERVICOS LTDA,"Atividades de consultoria em gestão empresarial, exceto consultoria técnica específica",Sem compra,Não indústria
@kaizencontabil.com.br,59773827,AP ENGENHARIA LTDA,Atividades profissionais e tecnicas,Sem compra,Indústria
@kaizencontabil.com.br,08625328,BELLA GROUP INDUSTRIA E COMERCIO LTDA,Comércio atacadista de produtos alimentícios em geral,Sem compra,Não indústria
@kaizencontabil.com.br,17049526,AGROPECUARIA SAMAMBAIA LTDA,Criação de bovinos para corte,Sem compra,Não indústria
@kaizencontabil.com.br,17191761,MASCARENHAS & LINS DISTRIBUIDORA LTDA,Comércio atacadista de produtos alimentícios em geral,Sem compra,Não indústria
@kaizencontabil.com.br,18986528,B.R.P. REPRESENTACOES LTDA,"Representantes comerciais e agentes do comércio de produtos alimentícios, bebidas e fumo",Sem compra,Não indústria
@kaizencontabil.com.br,23888150,TRANSFENIX SERVICOS E COMERCIO DE REPRESENTACAO LOGISTICA LTDA,"Transporte rodoviário de carga, exceto produtos perigosos e mudanças, intermunicipal, interestadual e internacional",Sem compra,Não indústria
@kaizencontabil.com.br,35371012,VIEIRA LINS REPRESENTACAO COMERCIAL LTDA,"Representantes comerciais e agentes do comércio de produtos alimentícios, bebidas e fumo",Sem compra,Não indústria
@kaizencontabil.com.br,35470963,T F D A  BEZERRA SOLUCOES CONTABEIS,Atividades de contabilidade,Sem compra,Não indústria
@kaizencontabil.com.br,45235855,SUPERMERCADO BIG PRECO LTDA,"Comércio varejista de mercadorias em geral, com predominância de produtos alimentícios - supermercados",Sem compra,Não indústria
@kaizencontabil.com.br,47495652,CHOCOLAT MIX LTDA,"Comércio varejista de doces, balas, bombons e semelhantes",Sem compra,Não indústria
@kaizencontabil.com.br,54861507,MULTI ARMAZENAGEM E LOGISTICA LTDA,"Transporte rodoviário de carga, exceto produtos perigosos e mudanças, intermunicipal, interestadual e internacional",Sem compra,Não indústria
@kaizencontabil.com.br,56182802,SB SUPERMERCADO LTDA,"Comércio varejista de mercadorias em geral, com predominância de produtos alimentícios - supermercados",Sem compra,Não indústria
@kaizencontabil.com.br,57130222,CB NOVAES CHOCOLATES LTDA,"Comércio varejista de doces, balas, bombons e semelhantes",Sem compra,Não indústria
@kaizencontabil.com.br,57147187,CB RIBEIRO CHOCOLATES LTDA,"Comércio varejista de doces, balas, bombons e semelhantes",Sem compra,Não indústria
@kaizencontabil.com.br,60578698,RAFAEL SOUZA REPRESENTACOES LTDA,Representantes comerciais e agentes do comércio de mercadorias em geral não especializado,Sem compra,Não indústria
@kaizencontabil.com.br,61189071,R DE K DE M TEIXEIRA,"Comércio varejista de doces, balas, bombons e semelhantes",Sem compra,Não indústria
@kaizencontabil.com.br,61577315,IVEFARMA LTDA,"Comércio varejista de produtos farmacêuticos, sem manipulação de fórmulas",Sem compra,Não indústria
@kaizencontabil.com.br,62031244,HIPNOZ LTDA,"Aluguel de equipamentos científicos, médicos e hospitalares, sem operador",Sem compra,Não indústria
@kapitalcontabil.com,61966631,MIRAJ PATACHO EMPREENDIMENTO IMOBILIARIO SPE LTDA,Construcao,Sem compra,Indústria
@kapitalcontabil.com,61965668,TAMUA TATUAMUNHA EMPREENDIMENTO IMOBILIARIO SPE LTDA,Construcao,Sem compra,Indústria
@kapitalcontabil.com,61383214,EVOLVE PRO LTDA,Construcao,Sem compra,Indústria
@kapitalcontabil.com,63822347,AVANTE SERVICOS DE ENGENHARIA LTDA,Construcao,Sem compra,Indústria
@kapitalcontabil.com,16712442,SANTA INES PRESTACAO DE SERVICOS DE SAUDE LTDA,Atividades de atendimento em pronto-socorro e unidades hospitalares para atendimento a urgências,Sem compra,Não indústria
@kapitalcontabil.com,20127152,NOGUEIRA & CIA CONTABILIDADE E ALUGUEL DE MAQUINAS LTDA,Atividades de contabilidade,Sem compra,Não indústria
@kapitalcontabil.com,50011347,LDL SERVICOS E CONSULTORIA LTDA,"Atividades de intermediação e agenciamento de serviços e negócios em geral, exceto imobiliários",Sem compra,Não indústria
@kapitalcontabil.com,50186456,KAPITAL CONTABIL LTDA,Atividades de contabilidade,Sem compra,Não indústria
@kapitalcontabil.com,50265571,BASKA BRASIL ECOMMERCE LTDA,Comércio varejista de artigos do vestuário e acessórios,Sem compra,Não indústria
@kapitalcontabil.com,56077843,STAR HOLDING LTDA,Aluguel de imóveis próprios,Sem compra,Não indústria
@kapitalcontabil.com,61352344,MIRAK COMERCIO LTDA,Comércio varejista de artigos do vestuário e acessórios,Sem compra,Não indústria
@kapitalcontabil.com,62761600,CASA DO MORANGO & POLPAS DE FRUTA LTDA,Comércio varejista de hortifrutigranjeiros,Sem compra,Não indústria
@kapitalcontabil.com,65035971,MR MACEIO ROLETES LTDA,Industria de transformacao,Sem compra,Indústria
@kapitalcontabil.com,65251227,GCP MARKETING E VENDAS DIGITAIS LTDA,Marketing direto,Sem compra,Não indústria
@kapitalcontabil.com,67885513,UPVISE LTDA,Treinamento em desenvolvimento profissional e gerencial,Sem compra,Não indústria
@kl3contabilidade.com.br,39887064,ESTRATEGIA CONSTRUCOES E SERVICOS LTDA,Construcao,Sem compra,Indústria
@kl3contabilidade.com.br,63130982,"M B LEAO CONSTRUCAO E INCORPORACAO, INSTALACAO ELETRICA E HIDROSANITARIA LTDA",Construcao,Sem compra,Indústria
@kl3contabilidade.com.br,52340074,VIVER BEM PROJETO 06 EMPREENDIMENTO IMOBILIARIO LTDA,Compra e venda de imóveis próprios,Sem compra,Não indústria
@kl3contabilidade.com.br,62090718,G JESUS SANTANA COMERCIO LTDA,Comércio varejista de bicicletas e triciclos; peças e acessórios,Sem compra,Não indústria
@kl3contabilidade.com.br,65806635,TERRI COMERCIO DE ALIMENTOS LTDA,"Lanchonetes, casas de chá, de sucos e similares",Sem compra,Não indústria
@kl3contabilidade.com.br,66678950,JM DISTRIBUIDORA DE ALIMENTOS E VARIEDADES LTDA,"Comércio varejista de mercadorias em geral, com predominância de produtos alimentícios - minimercados, mercearias e armazéns",Sem compra,Não indústria
@kl3contabilidade.com.br,67821841,EXCLUSIVE ONE TECHNOLOGY LTDA,Desenvolvimento de programas de computador sob encomenda,Sem compra,Não indústria
@lagesomena.com.br,52750389,COUTINHO SMART INCORPORACOES LTDA,Construcao,Ativo,Indústria
@lagesomena.com.br,60774375,RESIDENCIAL MAISON LILY LAGES SPE LTDA,Construcao,Sem compra,Indústria
@lagesomena.com.br,61228354,RESIDENCIAL MAISON LILY LAGES SCP 01,Construcao,Sem compra,Indústria
@lagesomena.com.br,43719636,F L C ADMINISTRACAO PATRIMONIAL LTDA,Compra e venda de imóveis próprios,Sem compra,Não indústria
@lagesomena.com.br,55974883,SOLO AGRO LTDA,Cultivo de cana-de-açúcar,Sem compra,Não indústria
@lagesomena.com.br,66159560,COUTINHO RESID. & SUITS SPE LTDA,Construcao,Sem compra,Indústria
@lancercontadores.com.br,02347258,PANIFICACAO GRAO ALAGOAS LTDA,Industria de transformacao,Sem compra,Indústria
@lancercontadores.com.br,48561774,FAY EMPREENDIMENTOS E PARTICIPACOES LTDA,Construcao,Sem compra,Indústria
@lancercontadores.com.br,59304110,ALAGOAS TELAS LTDA,Industria de transformacao,Sem compra,Indústria
@lancercontadores.com.br,29285187,QLP SUPPLY OFFSHORE LTDA,Comércio atacadista de Máquinas e equipamentos para uso industrial; partes e peças,Sem compra,Não indústria
@lancercontadores.com.br,50357351,SITIO PATACHO EMPREENDIMENTOS LTDA,"Serviços combinados para apoio a edifícios, exceto condomínios prediais",Sem compra,Não indústria
@lcpasolucoes.com.br,43796146,CITECON MATCH SPE LTDA,Construcao,Ativo,Indústria
@lcpasolucoes.com.br,37075344,PHS ENGENHARIA LTDA,Construcao,Sem compra,Indústria
@lcpasolucoes.com.br,43458749,TATUAMUNHA EMPREENDIMENTOS SPE LTDA,Construcao,Sem compra,Indústria
@lcpasolucoes.com.br,43860765,RESERVA DOS CORAIS INCORPORADORA SPE LTDA,Construcao,Sem compra,Indústria
@lcpasolucoes.com.br,55962835,TERRA CONSTRUCOES E ENGENHARIA LTDA,Construcao,Sem compra,Indústria
@lcpasolucoes.com.br,57861529,CITECON HAUS EMPREENDIMENTOS SPE LTDA,Construcao,Sem compra,Indústria
@lcpasolucoes.com.br,58307767,CITECON BELIEVE EMPREENDIMENTOS SPE LTDA,Construcao,Sem compra,Indústria
@lcpasolucoes.com.br,59882592,CDG PARTICIPACOES SPE LTDA,Construcao,Sem compra,Indústria
@lcpasolucoes.com.br,62471623,CITECON PURE MILAGRES SPE LTDA,Construcao,Sem compra,Indústria
@lcpasolucoes.com.br,42698638,ROTA DOS MILAGRES INCORPORADORA SPE LTDA,Construcao,Sem compra,Indústria
@lcpasolucoes.com.br,43811323,SOLUCAO CORTES E PERFURACOES LTDA,Construcao,Sem compra,Indústria
@lcpasolucoes.com.br,46888263,THS ENGENHARIA LTDA,Construcao,Sem compra,Indústria
@lcpasolucoes.com.br,48105468,RESOLVE ENERGIA SERVICOS LTDA,Atividades profissionais e tecnicas,Sem compra,Indústria
@lcpasolucoes.com.br,53570382,SONIVAL JUNIOR LTDA,Construcao,Sem compra,Indústria
@lcpasolucoes.com.br,54103871,EBS EMPREENDIMENTO IMOBILIARIO SPE LTDA,Construcao,Sem compra,Indústria
@lcpasolucoes.com.br,60410667,TRION ENERGIA LTDA,Construcao,Sem compra,Indústria
@lcpasolucoes.com.br,30530751,RESOLVE CONSULTORIA E ENGENHARIA LTDA,Construcao,Sem compra,Indústria
@lcpasolucoes.com.br,42310117,RESOLVE CONSULTORIA TELECOM LTDA,Atividades profissionais e tecnicas,Sem compra,Indústria
@lcpasolucoes.com.br,64104369,DANTAS ENGENHARIA E CONSULTORIA LTDA,Atividades profissionais e tecnicas,Sem compra,Indústria
@lcpasolucoes.com.br,08516940,ASTISA AGROPECUARIA SANTA ISABEL LTDA,Serviços de agronomia e de consultoria às atividades agrícolas e pecuárias,Sem compra,Não indústria
@lcpasolucoes.com.br,22106986,IMIC INSTITUTO DE MEDICINA INTERNA CONTINUADA LTDA,"Atividades de atendimento hospitalar, exceto pronto-socorro e unidades para atendimento a urgências",Sem compra,Não indústria
@lcpasolucoes.com.br,22255620,STANT LICENCIAMENTO DE SOFTWARE S.A.,Desenvolvimento de programas de computador sob encomenda,Sem compra,Não indústria
@lcpasolucoes.com.br,36954954,SAUDE INTENSIVA SERVICOS MEDICOS LTDA,"Atividades de atendimento hospitalar, exceto pronto-socorro e unidades para atendimento a urgências",Sem compra,Não indústria
@lcpasolucoes.com.br,36966485,"GAHASCC GRUPO DE ATENCAO A HIPERTENSAO ARTERIAL, SINDROME METABOLICA E CUIDADOS CRITICOS LTDA","Atividades de atendimento hospitalar, exceto pronto-socorro e unidades para atendimento a urgências",Sem compra,Não indústria
@lcpasolucoes.com.br,39254692,SANT'ANA LTDA,Comércio varejista de artigos do vestuário e acessórios,Sem compra,Não indústria
@lcpasolucoes.com.br,43289380,L'ADORA COMERCIO ATACADISTA LTDA,"Comércio atacadista de jóias, relógios e bijuterias, inclusive pedras preciosas e semipreciosas lapidadas",Sem compra,Não indústria
@lcpasolucoes.com.br,44426635,LPE ALUGUEL DE IMOVEIS LTDA,Aluguel de imóveis próprios,Sem compra,Não indústria
@lcpasolucoes.com.br,45392499,AG SERVICOS ESPECIALIZADOS EM SAUDE LTDA,"Atividades de atendimento hospitalar, exceto pronto-socorro e unidades para atendimento a urgências",Sem compra,Não indústria
@lcpasolucoes.com.br,53739615,ZE FARMA COMERCIO DE MEDICAMENTOS LTDA,"Comércio varejista de produtos farmacêuticos, sem manipulação de fórmulas",Sem compra,Não indústria
@lcpasolucoes.com.br,57723443,GUAXUMA EMPREENDIMENTO IMOBILIARIO SPE LTDA,Compra e venda de imóveis próprios,Sem compra,Não indústria
@lcpasolucoes.com.br,59073853,POUSADA SAN MAR LTDA,Hotéis,Sem compra,Não indústria
@lcpasolucoes.com.br,59083504,HFX SERVICOS DE SAUDE LTDA,Atividade médica ambulatorial com recursos para realização de exames complementares,Sem compra,Não indústria
@lcpasolucoes.com.br,59443740,KAPA VIDEO DIGITAL LTDA,"Atividades de produção cinematográfica, de vídeos e de programas de televisão não especificadas anteriormente",Sem compra,Não indústria
@lcpasolucoes.com.br,60665035,EVVA EMPREENDIMENTOS LTDA,Hotéis,Sem compra,Não indústria
@lcpasolucoes.com.br,61591690,ANIMAVITA SAUDE INTEGRADA LTDA,Atividade médica ambulatorial restrita a consultas,Sem compra,Não indústria
@lcpasolucoes.com.br,61764001,DUOVITTA SAUDE INTEGRADA LTDA,Atividade médica ambulatorial com recursos para realização de exames complementares,Sem compra,Não indústria
@lcpasolucoes.com.br,61765090,CSF SERVICOS LTDA,"Aluguel de outras máquinas e equipamentos comerciais e industriais não especificados anteriormente, sem operador",Sem compra,Não indústria
@lcpasolucoes.com.br,61972854,PINHEIRO E MOURA SERVICOS LTDA,Serviços combinados de escritório e apoio administrativo,Sem compra,Não indústria
@lcpasolucoes.com.br,61991302,CONECTA LOCACOES E SERVICOS IMOBILIARIOS LTDA,Gestão e administração da propriedade imobiliária,Sem compra,Não indústria
@lcpasolucoes.com.br,63775715,MB PARTICIPACOES E INVESTIMENTOS LTDA,Aluguel de imóveis próprios,Sem compra,Não indústria
@lcpasolucoes.com.br,64406350,ANZO RESTAURANTE LTDA,Restaurantes e similares,Sem compra,Não indústria
@lcpasolucoes.com.br,65898211,CITECON RESERVA AYA SURYA TATUAMUNHA SPE LTDA,Construcao,Sem compra,Indústria
@lepostichemaceio.com.br,15912381,CENTRAL MACEIO CONSULTORIA EMPRESARIAL LTDA,"Atividades de consultoria em gestão empresarial, exceto consultoria técnica específica",Sem compra,Não indústria
@lepostichemaceio.com.br,22876878,M. SALGUEIRO DA SILVA,Comércio varejista de artigos de viagem,Sem compra,Não indústria
@lepostichemaceio.com.br,22886573,COMERCIAL CENTER COUROS LTDA,Comércio varejista de artigos de viagem,Sem compra,Não indústria
@lepostichemaceio.com.br,22897718,SALGUEIRO CENTER COUROS LTDA,Comércio varejista de artigos de viagem,Sem compra,Não indústria
@lepostichemaceio.com.br,22908190,JABUR CENTER COUROS LTDA,Comércio varejista de artigos de viagem,Sem compra,Não indústria
@lepostichemaceio.com.br,23541739,PAJUCARA CENTER COUROS LTDA,Comércio varejista de artigos de viagem,Sem compra,Não indústria
@lepostichemaceio.com.br,60718290,ALLJ CENTER COUROS LTDA,Comércio varejista de artigos de viagem,Sem compra,Não indústria
@lessaemouracontabilidade.com.br,04307530,LESSA & MOURA CONTABILIDADE E CONSULTORIA EMPRESARIAL S/S,Atividades de contabilidade,Ativo,Não indústria
@lessaemouracontabilidade.com.br,27582890,"DIAS, GAMA E TORRES SERVICOS MEDICOS LTDA.",Serviços de diagnóstico por métodos ópticos - endoscopia e outros exames análogos,Sem compra,Não indústria
@lessaemouracontabilidade.com.br,46289117,MAURICIO TORRES SANTOS,Desenvolvimento de programas de computador sob encomenda,Sem compra,Não indústria
@lessaemouracontabilidade.com.br,55495990,MOVIMENTAR FISIOTERAPIA LTDA,Atividades de fisioterapia,Sem compra,Não indústria
@lessaemouracontabilidade.com.br,65258558,EM TEMPO NOTICIAS LTDA,Edição de jornais diários,Sem compra,Não indústria
@lessaemouracontabilidade.com.br,66329364,ESPACO JARAGUA LTDA,Casas de festas e eventos,Sem compra,Não indústria
@lidera.med.br,27798213,MULTIMED SERVICOS EM SAUDE LTDA,Atividades de atendimento em pronto-socorro e unidades hospitalares para atendimento a urgências,Sem compra,Não indústria
@lidera.med.br,27946470,HOSPMED SERVICOS EM  SAUDE LTDA,Atividades de atendimento em pronto-socorro e unidades hospitalares para atendimento a urgências,Sem compra,Não indústria
@lidera.med.br,28374168,EMERGENCYCLINIC SERVICOS EM SAUDE LTDA,Atividades de apoio à gestão de saúde,Sem compra,Não indústria
@lidera.med.br,28428267,MEDPALM SERVICOS EM SAUDE LTDA,Atividades de apoio à gestão de saúde,Sem compra,Não indústria
@lidera.med.br,28497189,MEDINTENSIVA SERVICOS EM SAUDE LTDA,Atividades de apoio à gestão de saúde,Sem compra,Não indústria
@lidera.med.br,28821848,HELPCLINIC SERVICOS EM SAUDE LTDA,Atividades de atendimento em pronto-socorro e unidades hospitalares para atendimento a urgências,Sem compra,Não indústria
@lidera.med.br,28821953,ANESTHEMEDIC SERVICOS EM SAUDE LTDA,Atividades de apoio à gestão de saúde,Sem compra,Não indústria
@lidera.med.br,29080649,MEDCLINIC SERVICOS EM SAUDE LTDA,Atividades de apoio à gestão de saúde,Sem compra,Não indústria
@lidera.med.br,29180240,EMERGENCYMED SERVICOS EM SAUDE LTDA,Atividades de apoio à gestão de saúde,Sem compra,Não indústria
@lidera.med.br,29180463,MEDCIRURGIC SERVICOS EM SAUDE LTDA,Atividades de atendimento em pronto-socorro e unidades hospitalares para atendimento a urgências,Sem compra,Não indústria
@lidera.med.br,29334298,FISIOCLIN SERVICOS EM SAUDE LTDA,Atividades de apoio à gestão de saúde,Sem compra,Não indústria
@liracampos.com.br,41763531,BIO-ESSENCIAL LTDA,"Agua, esgoto e residuos",Sem compra,Indústria
@liracampos.com.br,42437284,ZAMPIERI & CIA INCORPORACOES SPE LTDA,Construcao,Sem compra,Indústria
@liracampos.com.br,19009515,CMAR URBANISMO E CONSTRUCOES LTDA,Construcao,Sem compra,Indústria
@liracampos.com.br,34737515,REBOUCAS CONSTRUCOES & CIA LTDA,Construcao,Sem compra,Indústria
@liracampos.com.br,42445871,WILFER ENGENHARIA E PROJETOS LTDA,Construcao,Sem compra,Indústria
@liracampos.com.br,04154658,ELOS COMERCIO DE BIJUTERIAS LTDA,"Comércio varejista de suvenires, bijuterias e artesanatos",Sem compra,Não indústria
@liracampos.com.br,07417935,CM COMERCIO DE BIJUTERIAS E ACESSORIOS LTDA,"Comércio varejista de suvenires, bijuterias e artesanatos",Sem compra,Não indústria
@liracampos.com.br,08321073,RURAL MAQUINAS LTDA,Aluguel de imóveis próprios,Sem compra,Não indústria
@liracampos.com.br,08880872,LIRA & CAMPOS ORGANIZACAO CONTABIL LTDA,Atividades de contabilidade,Sem compra,Não indústria
@liracampos.com.br,11213859,AMBAR COMERCIO DE BIJUTERIAS E ACESSORIOS LTDA,"Comércio varejista de suvenires, bijuterias e artesanatos",Sem compra,Não indústria
@liracampos.com.br,12298250,ESPACO COMERCIO DE BIJUTERIAS LTDA,"Comércio varejista de suvenires, bijuterias e artesanatos",Sem compra,Não indústria
@liracampos.com.br,17083578,ESTILUS BIJUTERIAS LTDA,"Comércio varejista de suvenires, bijuterias e artesanatos",Sem compra,Não indústria
@liracampos.com.br,17819108,ELLEGANT COMERCIO DE BIJUTERIAS E ACESSORIOS LTDA,"Comércio varejista de suvenires, bijuterias e artesanatos",Sem compra,Não indústria
@liracampos.com.br,18964330,ELITE COMERCIO DE BIJUTERIAS E ACESSORIOS LTDA,"Comércio varejista de suvenires, bijuterias e artesanatos",Sem compra,Não indústria
@liracampos.com.br,34639841,OUTLET COMERCIO DE BIJUTERIAS E ACESSORIOS LTDA,"Comércio varejista de suvenires, bijuterias e artesanatos",Sem compra,Não indústria
@liracampos.com.br,35812145,SEABRA E TESTA ADMINISTRACAO E PARTICIPACOES LTDA,Atividades de cobranças e informações cadastrais,Sem compra,Não indústria
@liracampos.com.br,54263263,CONSORCIO ZAMPIERI-LELLO,Gestão e administração da propriedade imobiliária,Sem compra,Não indústria
@lucrosolucoes.com.br,50362100,SO UNIFORME E PIJAMAS LTDA,Industria de transformacao,Ativo,Indústria
@lucrosolucoes.com.br,49433760,PANIFICACAO E CONVENIENCIA PAO SAGRADO LTDA,Industria de transformacao,Sem compra,Indústria
@lucrosolucoes.com.br,50362910,R DE C TORRES SAMPAIO COSTA,Industria de transformacao,Sem compra,Indústria
@lucrosolucoes.com.br,50416263,3F SOLUCOES EMPRESARIAIS LTDA,Construcao,Sem compra,Indústria
@lucrosolucoes.com.br,14197390,SMJ - ALIMENTOS LTDA,"Lanchonetes, casas de chá, de sucos e similares",Sem compra,Não indústria
@lucrosolucoes.com.br,32535749,NELORE GAMA LTDA,Atividades de apoio à agricultura não especificadas anteriormente,Sem compra,Não indústria
@lucrosolucoes.com.br,47888036,KF SERVICOS E DOCUMENTOS LTDA,Serviços combinados de escritório e apoio administrativo,Sem compra,Não indústria
@maceiomarhotel.com.br,48571583,ACQUA PRIME LTDA,Hotéis,Ativo,Não indústria
@maceiomarhotel.com.br,28287420,MME RESTAURANTE E EVENTOS LTDA,Restaurantes e similares,Sem compra,Não indústria
@maceiomarhotel.com.br,32653153,M2 SOLUCOES LTDA,Serviços combinados de escritório e apoio administrativo,Sem compra,Não indústria
@maceiomarhotel.com.br,32770553,MME SOLUCOES LTDA,Serviços combinados de escritório e apoio administrativo,Sem compra,Não indústria
@maceiomarhotel.com.br,40559894,GV4 MARAGOGI HOTEIS LTDA,Hotéis,Sem compra,Não indústria
@mail.com,58102109,SM MOVEIS PLANEJADOS LTDA,Industria de transformacao,Sem compra,Indústria
@mail.com,59972340,"VERTICE ENGENHARIA, PROJETOS E CONSULTORIA LTDA",Atividades profissionais e tecnicas,Sem compra,Indústria
@mail.com,35562487,UNITRAUMA LTDA,Atividade médica ambulatorial com recursos para realização de exames complementares,Sem compra,Não indústria
@mail.com,51902501,MB NEGOCIOS IMOBILIAROS LTDA,Corretagem na compra e venda e avaliação de imóveis,Sem compra,Não indústria
@mail.com,52223167,DPRC ARQUITETURA LTDA,Serviços de arquitetura,Sem compra,Não indústria
@mamcontabilidade.cnt.br,30231258,W. J. DA SILVA LTDA,Construcao,Sem compra,Indústria
@mamcontabilidade.cnt.br,43783180,L2 CONSTRUTORA LTDA,Construcao,Sem compra,Indústria
@mamcontabilidade.cnt.br,06145514,C M LIRA,Comércio atacadista de alimentos para animais,Sem compra,Não indústria
@mamcontabilidade.cnt.br,07897615,QUINZE DISTRIBUIDOR DE ALIMENTOS LTDA.,Comércio atacadista de produtos alimentícios em geral,Sem compra,Não indústria
@mamcontabilidade.cnt.br,09150613,SUPER 15 SUPERMERCADOS LTDA,"Comércio varejista de mercadorias em geral, com predominância de produtos alimentícios - supermercados",Sem compra,Não indústria
@mamcontabilidade.cnt.br,10862193,TOPPI DISTRIBUIDORA LTDA,"Comércio atacadista de cereais e leguminosas beneficiados, farinhas, amidos e féculas, com atividade de fracionamento e acondicionamento associada",Sem compra,Não indústria
@mamcontabilidade.cnt.br,20599985,BP COMERCIAL ATACADISTA DE ALIMENTOS LTDA,Comércio atacadista de produtos alimentícios em geral,Sem compra,Não indústria
@mamcontabilidade.cnt.br,21142916,AVANTTI DISTRIBUIDORA DE MATERIAL DE CONSTRUCAO E IMPORTADORA LTDA,Comércio atacadista de materiais de construção em geral,Sem compra,Não indústria
@mamcontabilidade.cnt.br,21345501,LOPES E QUINTINO DISTRIBUIDOR DE MATERIAIS DE CONSTRUCOES LTDA,Comércio varejista de materiais de construção em geral,Sem compra,Não indústria
@mamcontabilidade.cnt.br,26117503,FONSECA & AMORIM LTDA,Serviços combinados de escritório e apoio administrativo,Sem compra,Não indústria
@mamcontabilidade.cnt.br,26966243,ESS ATACADISTA DE ARTIGOS DE LIMPEZA LTDA,"Comércio atacadista de mercadorias em geral, sem predominância de alimentos ou de insumos agropecuários",Sem compra,Não indústria
@mamcontabilidade.cnt.br,27510800,COMERCIAL DE ALIMENTOS FERREIRA LTDA,"Comércio atacadista de produtos de higiene, limpeza e conservação domiciliar",Sem compra,Não indústria
@mamcontabilidade.cnt.br,36428521,PANIFICADORA MAURICIO LIRA LTDA,"Comércio varejista de mercadorias em geral, com predominância de produtos alimentícios - supermercados",Sem compra,Não indústria
@marcelloquirino.com.br,64112953,JB CONSTRUCOES - MINHA CASA MINHA VIDA SCP,Construcao,Sem compra,Indústria
@marcelloquirino.com.br,35558782,MASTER ENGENHARIA E PROJETOS LTDA,Construcao,Sem compra,Indústria
@marcelloquirino.com.br,47624020,RJ767 INVESTIMENTOS E PARTICIPACOES LTDA,Construcao,Sem compra,Indústria
@marcelloquirino.com.br,03730875,MQ GOVERNANCA CONTABIL S/S,Atividades de contabilidade,Sem compra,Não indústria
@marcelloquirino.com.br,40919904,OVNIS CORRETORA DE SEGUROS LTDA,"Corretores e agentes de seguros, de planos de previdência complementar e de saúde",Sem compra,Não indústria
@marcelloquirino.com.br,48193039,SEVERIX LTDA,Preparação de documentos e serviços especializados de apoio administrativo não especificados anteriormente,Sem compra,Não indústria
@marcelloquirino.com.br,52489045,BRAZEIRO COMERCIO DE ALIMENTOS LTDA.,Serviços combinados de escritório e apoio administrativo,Sem compra,Não indústria
@marcelloquirino.com.br,56019254,ALUMA TRANSPORTES LTDA.,"Transporte rodoviário de carga, exceto produtos perigosos e mudanças, intermunicipal, interestadual e internacional",Sem compra,Não indústria
@marcelloquirino.com.br,65357440,Q4 COMPLIANCE E SOLUCOES ESTRATEGICAS S/S,Atividades de consultoria e auditoria contábil e tributária,Sem compra,Não indústria
@marcioraposo.com.br,17455555,MRI CORRETORA DE IMOVEIS LTDA,Corretagem na compra e venda e avaliação de imóveis,Sem compra,Não indústria
@marcioraposo.com.br,24468523,H R MARGEM ADMINISTRADORA E LOCADORA DE IMOVEIS LTDA,Corretagem no aluguel de imóveis,Sem compra,Não indústria
@marcioraposo.com.br,27819303,M.R.F. ADMINISTRADORA E LOCADORA DE IMOVEIS LTDA,Corretagem na compra e venda e avaliação de imóveis,Sem compra,Não indústria
@marcioraposo.com.br,32708193,RAPOSO ADMINISTRADORA DE CONDOMINIOS LTDA,Corretagem na compra e venda e avaliação de imóveis,Sem compra,Não indústria
@marcioraposo.com.br,42712347,RAPOSO PARTICIPACOES LTDA,Corretagem no aluguel de imóveis,Sem compra,Não indústria
@marinhosolutions.com.br,34654143,C & T CONSTRUCOES LTDA,Construcao,Sem compra,Indústria
@marinhosolutions.com.br,41220424,"COMEDORIA INDUSTRIA, COMERCIO E SOLUCOES ALIMENTICIAS LTDA",Alojamento e alimentacao,Sem compra,Indústria
@marinhosolutions.com.br,52751676,METALURGICA ALTERNATIVA LTDA,Industria de transformacao,Sem compra,Indústria
@marinhosolutions.com.br,55818575,SS MOVEIS PLANEJADOS LTDA,Industria de transformacao,Sem compra,Indústria
@marinhosolutions.com.br,56386007,INOVARTE SOLUCOES GRAFICAS LTDA,Industria de transformacao,Sem compra,Indústria
@marinhosolutions.com.br,56778452,Z L SANTOS SOLARE ENGENHARIA LTDA,Construcao,Sem compra,Indústria
@marinhosolutions.com.br,57111240,AUTO CONSTRUCOES LTDA,Construcao,Sem compra,Indústria
@marinhosolutions.com.br,61842943,CHARQUE NORDESTINO LTDA,Industria de transformacao,Sem compra,Indústria
@marinhosolutions.com.br,63113489,J W VALERIO DOS SANTOS LTDA,Construcao,Sem compra,Indústria
@marinhosolutions.com.br,07545694,UNIAFRA - UNIAO DE ENSINO SANTA AFRA LTDA,Educação superior - graduação,Sem compra,Não indústria
@marinhosolutions.com.br,12507165,CENTRALFIT PRIME IV LTDA,Atividades de condicionamento físico,Sem compra,Não indústria
@marinhosolutions.com.br,46721689,CENTRALFIT PRIME III LTDA,Atividades de condicionamento físico,Sem compra,Não indústria
@marinhosolutions.com.br,47285546,RYAN CONFEC. LTDA,Comércio varejista de artigos do vestuário e acessórios,Sem compra,Não indústria
@marinhosolutions.com.br,52032309,CONSULTORIO ARAUJO DE ALBUQUERQUE LTDA,Atividade odontológica,Sem compra,Não indústria
@marinhosolutions.com.br,62364561,COOPERATIVA DE TRANSPORTES DE CARGAS DE ARAPIRACA,"Transporte rodoviário de carga, exceto produtos perigosos e mudanças, intermunicipal, interestadual e internacional",Sem compra,Não indústria
@masterop.com.br,06371325,MASTEROP OPERADORA TURISTICA LTDA,Agências de viagens,Sem compra,Não indústria
@masterop.com.br,28322356,MASTEROP OPERADORA DE TURISMO E VIAGENS LTDA.,Agências de viagens,Sem compra,Não indústria
@masterop.com.br,31427699,DISVILLA DISTRIBUIDORA DE BEBIDAS LTDA,Comércio atacadista de água mineral,Sem compra,Não indústria
@masterop.com.br,32680363,MASTEROP SISTEMAS LTDA.,Desenvolvimento e licenciamento de programas de computador customizáveis,Sem compra,Não indústria
@masterop.com.br,48926270,PGA PATACHO GAS E AGUA LTDA.,Comércio varejista de bebidas,Sem compra,Não indústria
@mconsult.cnt.br,07595156,SCI CONSTRUTORA E INCORPORADORA LTDA,Construcao,Sem compra,Indústria
@mconsult.cnt.br,50105364,J G CONSTRUTORA LTDA,Construcao,Sem compra,Indústria
@mconsult.cnt.br,35247411,HOLDING PATRIMONIAL LTDA,Construcao,Sem compra,Indústria
@mconsult.cnt.br,40602128,SIQUEIRA & LEVINO INCORPORACAO IMOBILIARIA LTDA,Construcao,Sem compra,Indústria
@mconsult.cnt.br,35253046,C C SANTOS COMERCIO,Industria de transformacao,Sem compra,Indústria
@mconsult.cnt.br,36203860,MARIA DE FATIMA ALVES LTDA,Industria de transformacao,Sem compra,Indústria
@mconsult.cnt.br,41876257,JOSE EMERSON MAGALHAES LIMA LTDA,Industria de transformacao,Sem compra,Indústria
@mconsult.cnt.br,44084773,ROSY MARY PEREIRA DE SOUZA LTDA,Comercio e reparacao de veiculos,Sem compra,Indústria
@mconsult.cnt.br,45376328,ESPACO LAB LTDA,Industria de transformacao,Sem compra,Indústria
@mconsult.cnt.br,46402282,AP SOLAR LTDA,Construcao,Sem compra,Indústria
@mconsult.cnt.br,47225554,INDUSTRIA E COMERCIO DE FUMO BEM-TE-VI LTDA,Industria de transformacao,Sem compra,Indústria
@mconsult.cnt.br,48967627,JR SERVICOS MECANICOS LTDA,Comercio e reparacao de veiculos,Sem compra,Indústria
@mconsult.cnt.br,49140819,L HENRIQUE ALVES LTDA,Construcao,Sem compra,Indústria
@mconsult.cnt.br,50390024,ACAI DO PIRATA INDUSTRIA LTDA,Industria de transformacao,Sem compra,Indústria
@mconsult.cnt.br,51055702,ARTICOLOR BRINDES LTDA,Industria de transformacao,Sem compra,Indústria
@mconsult.cnt.br,09326794,J S CONFECCOES LTDA,Comércio varejista de tecidos,Sem compra,Não indústria
@mconsult.cnt.br,11978278,M J DE SOUZA SERIGRAFIA LTDA,Comércio varejista de tintas e materiais para pintura,Sem compra,Não indústria
@mconsult.cnt.br,12161410,BARBOSA LIRA & CIA LTDA,Comercio varejista de artigos de armarinho,Sem compra,Não indústria
@mconsult.cnt.br,21308854,IMPERIO LOCADORA DE VEICULOS LTDA,Locação de automóveis sem condutor,Sem compra,Não indústria
@mconsult.cnt.br,26268951,BAGESTON & DALACORTE LTDA,Restaurantes e similares,Sem compra,Não indústria
@mconsult.cnt.br,27571883,LUZ DA VIDA LTDA,Serviços de funerárias,Sem compra,Não indústria
@mconsult.cnt.br,36531162,ESPACO CRED SERVICOS LTDA,Atividades de cobranças e informações cadastrais,Sem compra,Não indústria
@mconsult.cnt.br,41114600,E. DE ALBUQUERQUE MELO & CIA LTDA,"Suporte técnico, manutenção e outros serviços em tecnologia da informação",Sem compra,Não indústria
@mconsult.cnt.br,41187642,NAELSON DA SILVA ALBUQUERQUE MERCEARIA,"Comércio varejista de mercadorias em geral, com predominância de produtos alimentícios - supermercados",Sem compra,Não indústria
@mconsult.cnt.br,43935078,ESTAIADA CHOPERIA LTDA,Restaurantes e similares,Sem compra,Não indústria
@me.com,21071021,MARCENARIA CARMEL LTDA,Industria de transformacao,Ativo,Indústria
@me.com,09177958,INSIGNIA PARTICIPACOES E EMPREENDIMENTOS LTDA,Construcao,Sem compra,Indústria
@me.com,35071501,RIOS CONSTRUCOES LTDA,Construcao,Sem compra,Indústria
@me.com,35077953,B R R FERREIRA,Construcao,Sem compra,Indústria
@me.com,35264059,TADEU JOSE CATANHO BEZERRA LTDA,Informacao e comunicacao,Sem compra,Indústria
@me.com,35413599,A & E CONSULTORIA E GESTAO EMPRESARIAL LTDA,Atividades profissionais e tecnicas,Sem compra,Indústria
@me.com,42477275,RETORNO ADMINISTRACAO E PARTICIPACOES IMOBILIARIA LTDA,Construcao,Sem compra,Indústria
@me.com,20359842,SIQUEIRA COMERCIO E REPRESENTACOES LTDA,Comércio varejista de artigos do vestuário e acessórios,Sem compra,Não indústria
@me.com,20799402,B LISBOA GOES LTDA,Corretagem na compra e venda e avaliação de imóveis,Sem compra,Não indústria
@me.com,25195548,M A C L ALIMENTOS LTDA,Restaurantes e similares,Sem compra,Não indústria
@me.com,29389117,POLITICA 82 PROVEDOR DE CONTEUDO E PUBLICIDADE LTDA,"Portais, provedores de conteúdo e outros serviços de informação na internet",Sem compra,Não indústria
@me.com,41157263,MKTEC EDITORA DE LIVROS LTDA,Comércio varejista de livros,Sem compra,Não indústria
@me.com,41367466,TBG MIDIA LTDA,"Agenciamento de espaços para publicidade, exceto em veículos de comunicação",Sem compra,Não indústria
@me.com,49304361,MIRANTE EMPREENDIMENTOS SPE LTDA,Compra e venda de imóveis próprios,Sem compra,Não indústria
@me.com,49981874,TBG PARTICIPACOES E INVESTIMENTOS LTDA,"Agenciamento de espaços para publicidade, exceto em veículos de comunicação",Sem compra,Não indústria
@me.com,58881990,NEXTLEVEL COMPANY LTDA,"Atividades de intermediação e agenciamento de serviços e negócios em geral, exceto imobiliários",Sem compra,Não indústria
@me.com,58974300,TECAL TERMINAL DE COMBUSTIVEIS DE ALAGOAS SPE LTDA,Atividades do Operador Portuário,Sem compra,Não indústria
@me.com,65999603,TP ARMAZENS E LOGISTICA LTDA,Armazéns gerais - emissão de warrant,Sem compra,Não indústria
@mendosampaio.com.br,08172500,SAO MIGUEL - CENTRAL GERADORA DE ENERGIA LTDA.,Eletricidade e gas,Sem compra,Indústria
@mendosampaio.com.br,42242196,NEW FIELD CONSORCIO DE ENERGIA,Eletricidade e gas,Sem compra,Indústria
@mendosampaio.com.br,43561462,NEW FIELD CONSORCIO DE ENERGIA 2,Eletricidade e gas,Sem compra,Indústria
@mendosampaio.com.br,43561503,NEW FIELD CONSORCIO DE ENERGIA 3,Eletricidade e gas,Sem compra,Indústria
@mendosampaio.com.br,43561545,NEW FIELD CONSORCIO DE ENERGIA 5,Eletricidade e gas,Sem compra,Indústria
@mendosampaio.com.br,43750416,NEW FIELD CONSORCIO DE ENERGIA 4,Eletricidade e gas,Sem compra,Indústria
@mendosampaio.com.br,63651853,ASSOCIACAO DE ENERGIA SOLARCLUBE,Eletricidade e gas,Sem compra,Indústria
@mendosampaio.com.br,10776540,MENDO SAMPAIO S/A - EM RECUPERACAO JUDICIAL,Cultivo de cana-de-açúcar,Sem compra,Não indústria
@mendosampaio.com.br,22531419,CSN PLANEJAMENTO E NEGOCIOS  LTDA,"Atividades de consultoria em gestão empresarial, exceto consultoria técnica específica",Sem compra,Não indústria
@mendosampaio.com.br,41555150,NEW FIELD ENERGIA SPE LTDA,"Aluguel de outras máquinas e equipamentos comerciais e industriais não especificados anteriormente, sem operador",Sem compra,Não indústria
@mendosampaio.com.br,42753001,NEW FIELD ENERGIA 2 SPE LTDA,"Aluguel de outras máquinas e equipamentos comerciais e industriais não especificados anteriormente, sem operador",Sem compra,Não indústria
@mendosampaio.com.br,42785930,NEW FIELD ENERGIA 5 SPE LTDA,"Aluguel de outras máquinas e equipamentos comerciais e industriais não especificados anteriormente, sem operador",Sem compra,Não indústria
@mendosampaio.com.br,42813274,NEW FIELD ENERGIA 4 SPE LTDA,"Aluguel de outras máquinas e equipamentos comerciais e industriais não especificados anteriormente, sem operador",Sem compra,Não indústria
@mendosampaio.com.br,66664033,ASSOCIACAO DE ENERGIA SOLARCLUBE 2,Eletricidade e gas,Sem compra,Indústria
@mercurycontabil.com.br,22602425,CASSEMIRO EMPREENDIMENTOS & ASSESSORIA EMPRESARIAL LTDA,Construcao,Sem compra,Indústria
@mercurycontabil.com.br,10692064,CENTER FRIO SERVICOS E COMERCIO LTDA,Comercio e reparacao de veiculos,Sem compra,Indústria
@mercurycontabil.com.br,24485542,B S RIBEIRO LTDA,Construcao,Sem compra,Indústria
@mercurycontabil.com.br,38094050,HAUS EMPREENDIMENTOS LTDA,Construcao,Sem compra,Indústria
@mercurycontabil.com.br,60250946,RAMALHO ENGENHARIA LTDA,Atividades profissionais e tecnicas,Sem compra,Indústria
@mercurycontabil.com.br,10908875,CENTRO DE CLINICAS INTEGRADAS S/S LTDA,Atividade médica ambulatorial restrita a consultas,Sem compra,Não indústria
@mercurycontabil.com.br,11962062,QI COMUNICACAO S/S LTDA,Marketing direto,Sem compra,Não indústria
@mercurycontabil.com.br,38023876,M PRIME BEBIDAS LTDA,Comércio varejista de bebidas,Sem compra,Não indústria
@mercurycontabil.com.br,74036112,FOREVER LIVING PRODUCTS BRASIL LTDA,"Comércio varejista de cosméticos, produtos de perfumaria e de higiene pessoal",Sem compra,Não indústria
@metodocontabilidade.net.br,16628118,AM3 ENGENHARIA LTDA,Construcao,Ativo,Indústria
@metodocontabilidade.net.br,37477256,MR COMERCIO DE ALIMENTOS LTDA,Restaurantes e similares,Inativo,Não indústria
@metodocontabilidade.net.br,50327255,CONSORCIO URBANIZACAO TABULEIRO DO SUL 2,Construcao,Sem compra,Indústria
@metodocontabilidade.net.br,55286187,CONSORCIO ETICA ENERGIA,Eletricidade e gas,Sem compra,Indústria
@metodocontabilidade.net.br,60732363,ODARA EMPREENDIMENTOS SPE LTDA,Construcao,Sem compra,Indústria
@metodocontabilidade.net.br,33617436,VIVERSEG SOLUCOES AMBIENTAIS LTDA,"Agua, esgoto e residuos",Sem compra,Indústria
@metodocontabilidade.net.br,55662031,PROJETE MONTAGENS DE PAINEIS ELETRICOS LTDA,Industria de transformacao,Sem compra,Indústria
@metodocontabilidade.net.br,16628140,"JK SOLUCOES EM ENERGIA, TECNOLOGIA E MOBILIDADE LTDA",Atividades profissionais e tecnicas,Sem compra,Indústria
@metodocontabilidade.net.br,37466028,AM3 EMPREENDIMENTOS LTDA,Construcao,Sem compra,Indústria
@metodocontabilidade.net.br,48451085,RAMOS & CAVALCANTE EMPREENDIMENTOS LTDA,Construcao,Sem compra,Indústria
@metodocontabilidade.net.br,49328672,OLIVEIRA SANTOS CONSTRUCOES LTDA,Construcao,Sem compra,Indústria
@metodocontabilidade.net.br,54164764,OCA SOLUCOES LTDA,Construcao,Sem compra,Indústria
@metodocontabilidade.net.br,54313989,ROSEVINI ENGENHARIA LTDA,Construcao,Sem compra,Indústria
@metodocontabilidade.net.br,57407917,MARIS CONSULTORIA E PROJETOS AMBIENTAIS LTDA,Atividades profissionais e tecnicas,Sem compra,Indústria
@metodocontabilidade.net.br,60205134,M. A. EMPREENDIMENTOS ALIMENTICIOS LTDA,Alojamento e alimentacao,Sem compra,Indústria
@metodocontabilidade.net.br,62496727,SGC ARQUITETURA & CONSTRUCAO LTDA,Construcao,Sem compra,Indústria
@metodocontabilidade.net.br,22213542,CONSEGI SHIP SERVICE LTDA,"Comércio atacadista de mercadorias em geral, com predominância de produtos alimentícios",Sem compra,Não indústria
@metodocontabilidade.net.br,37013418,JT2 PARTICIPACOES E EMPREENDIMENTOS LTDA,Aluguel de imóveis próprios,Sem compra,Não indústria
@metodocontabilidade.net.br,40408419,JC NEGOCIOS E SERVICOS LTDA,Locação de automóveis sem condutor,Sem compra,Não indústria
@metodocontabilidade.net.br,44698138,C. M. O. J. EMPREENDIMENTOS IMOBILIARIOS LTDA,Aluguel de imóveis próprios,Sem compra,Não indústria
@metodocontabilidade.net.br,48144917,MPG4 PARTICIPACOES E EMPREENIDMENTOS S.A,Aluguel de imóveis próprios,Sem compra,Não indústria
@metodocontabilidade.net.br,50657971,USINA SOLAR FLOR DO DESERTO LTDA,"Aluguel de outras máquinas e equipamentos comerciais e industriais não especificados anteriormente, sem operador",Sem compra,Não indústria
@metodocontabilidade.net.br,51239362,SUN ENERGY SOLUTIONS LTDA,"Aluguel de outras máquinas e equipamentos comerciais e industriais não especificados anteriormente, sem operador",Sem compra,Não indústria
@metodocontabilidade.net.br,52715616,S.P.F AGRONEGOCIOS LTDA,Cultivo de cana-de-açúcar,Sem compra,Não indústria
@metodocontabilidade.net.br,52732412,V.M.W. AGRONEGOCIOS LTDA,Cultivo de cana-de-açúcar,Sem compra,Não indústria
@metodocontabilidade.net.br,52734471,R.C.W. AGRONEGOCIOS LTDA,Cultivo de cana-de-açúcar,Sem compra,Não indústria
@metodocontabilidade.net.br,53099211,PRAERO BARRA DE SAO MIGUEL LTDA,Restaurantes e similares,Sem compra,Não indústria
@metodocontabilidade.net.br,53173726,PORTO & FARIAS PARTICIPACOES E EMPREENDIMENTOS LTDA,Aluguel de imóveis próprios,Sem compra,Não indústria
@metodocontabilidade.net.br,53647481,HM PARTICIPACOES LTDA.,Compra e venda de imóveis próprios,Sem compra,Não indústria
@metodocontabilidade.net.br,55622931,COSTA SUL EMPREENDIMENTOS IMOBILIARIOS LTDA,Compra e venda de imóveis próprios,Sem compra,Não indústria
@metodocontabilidade.net.br,58011882,PAIVA & ACCIOLY EMPREENDIMENTOS LTDA,Aluguel de imóveis próprios,Sem compra,Não indústria
@metodocontabilidade.net.br,58236805,IACCIOLY EMPREENDIMENTOS LTDA,Aluguel de imóveis próprios,Sem compra,Não indústria
@metodocontabilidade.net.br,59132628,CONECTAR SERVICOS MEDICOS LTDA,Atividade médica ambulatorial restrita a consultas,Sem compra,Não indústria
@metodocontabilidade.net.br,59458394,GV EMPREENDIMENTOS LTDA,Aluguel de imóveis próprios,Sem compra,Não indústria
@metodocontabilidade.net.br,59501433,OXIPRIME GASES INDUSTRIAIS LTDA,Comércio varejista de outros produtos não especificados anteriormente,Sem compra,Não indústria
@metodocontabilidade.net.br,60005140,BHMV EMPREENDIMENTOS LTDA,Aluguel de imóveis próprios,Sem compra,Não indústria
@metodocontabilidade.net.br,61569458,M.T.W EMPREENDIMENTOS LTDA,Aluguel de imóveis próprios,Sem compra,Não indústria
@metodocontabilidade.net.br,61844743,AVANTE IMOVEIS LTDA,Corretagem na compra e venda e avaliação de imóveis,Sem compra,Não indústria
@metodocontabilidade.net.br,62444101,ALVES COMERCIO DE PRODUTOS ALIMENTICIOS LTDA,Comércio varejista de produtos alimentícios em geral ou especializado em produtos alimentícios não especificados anteriormente,Sem compra,Não indústria
@metodocontabilidade.net.br,62616451,PCAW CONSULTORIA DE GESTAO LTDA,"Atividades de consultoria em gestão empresarial, exceto consultoria técnica específica",Sem compra,Não indústria
@metodocontabilidade.net.br,62999464,DELIVEX LTDA,"Atividades de intermediação e agenciamento de serviços e negócios em geral, exceto imobiliários",Sem compra,Não indústria
@metodocontabilidade.net.br,64453040,SOLIDEZ/BSMF - SCP,Construcao,Sem compra,Indústria
@metodocontabilidade.net.br,65284574,PR PARTICIPACOES E EMPREENDIMENTOS LTDA,Compra e venda de imóveis próprios,Sem compra,Não indústria
@metodocontabilidade.net.br,65465271,L. A. LOGISTICA LTDA,Outras atividades auxiliares dos transportes terrestres não especificadas anteriormente,Sem compra,Não indústria
@metodocontabilidade.net.br,66416384,AMC SERVICOS LTDA,"Atividades de intermediação e agenciamento de serviços e negócios em geral, exceto imobiliários",Sem compra,Não indústria
@metodocontabilidade.net.br,67580529,DS FOODS COMERCIO E SERVICOS LTDA,Comércio varejista de produtos alimentícios em geral ou especializado em produtos alimentícios não especificados anteriormente,Sem compra,Não indústria
@metodocontabilidade.net.br,67870947,ATLAS COMERCIO E SERVICOS LTDA,"Comércio varejista de cosméticos, produtos de perfumaria e de higiene pessoal",Sem compra,Não indústria
@mfvilela.com.br,19450847,MARK UP INVESTIMENTOS LTDA,Gestão e administração da propriedade imobiliária,Sem compra,Não indústria
@mfvilela.com.br,55225497,SALSA EMPREENDIMENTO IMOBILIARIO SPE LTDA.,Compra e venda de imóveis próprios,Sem compra,Não indústria
@mfvilela.com.br,55324843,START EMPREENDIMENTO IMOBILIARIO SPE LTDA.,Compra e venda de imóveis próprios,Sem compra,Não indústria
@mfvilela.com.br,59588916,AURORA EMPREENDIMENTO IMOBILIARIO SPE LTDA.,Compra e venda de imóveis próprios,Sem compra,Não indústria
@mfvilela.com.br,59886495,UP STUDIOS EMPREENDIMENTO IMOBILIARIO SPE LTDA.,Compra e venda de imóveis próprios,Sem compra,Não indústria
@mfvilela.com.br,63628272,THE HORIZON EMPREENDIMENTO IMOBILIARIO SPE LTDA.,Compra e venda de imóveis próprios,Sem compra,Não indústria
@mfvilela.com.br,66466340,AURA BARRA EMPREENDIMENTO IMOBILIARIO SPE LTDA.,Compra e venda de imóveis próprios,Sem compra,Não indústria
@mmconsultores.net.br,04191808,TECMASTER ENGENHARIA E CONSTRUCOES LTDA - EM RECUPERACAO JUDICIAL,Construcao,Inativo,Indústria
@mmconsultores.net.br,05073695,LECON - CONSTRUCOES E EMPREENDIMENTOS IMOBILIARIOS LTDA,Construcao,Inativo,Indústria
@mmconsultores.net.br,49725885,SCP-LAGOS DO FRANCES ALFA,Construcao,Sem compra,Indústria
@mmconsultores.net.br,53634615,SCP LA PLAGE,Construcao,Sem compra,Indústria
@mmconsultores.net.br,56077983,SPE - 381 JEQUIA DA PRAIA LTDA,Construcao,Sem compra,Indústria
@mmconsultores.net.br,59964524,SCP LECON LOTEAMENTO VILA MADALENA,Construcao,Sem compra,Indústria
@mmconsultores.net.br,03521089,CITE - CONSULTORIA E CONSTRUCOES LTDA,Construcao,Sem compra,Indústria
@mmconsultores.net.br,38198658,LECON EDIFICIO PORTO CARAVELAS EMPREENDIMENTO IMOBILIARIO - SPE LTDA,Construcao,Sem compra,Indústria
@mmconsultores.net.br,42769001,AM CONSTRUCOES LTDA,Construcao,Sem compra,Indústria
@mmconsultores.net.br,22523061,LUIZ NOBERTO DA SILVA NETO RODAS E FUME,Comercio e reparacao de veiculos,Sem compra,Indústria
@mmconsultores.net.br,33780474,DANILLO JOSE VIEIRA GUIMARAES,Industria de transformacao,Sem compra,Indústria
@mmconsultores.net.br,41441942,LOPES E CIA SERVICOS E ENGENHARIA LTDA,Atividades profissionais e tecnicas,Sem compra,Indústria
@mmconsultores.net.br,43399964,MANGUEZAL EMPREENDIMENTOS IMOBILIARIOS LTDA,Construcao,Sem compra,Indústria
@mmconsultores.net.br,48058425,"STILL ENGENHARIA DIAGNOSTICA, PROJETO E CONSTRUCAO LTDA",Atividades profissionais e tecnicas,Sem compra,Indústria
@mmconsultores.net.br,52169322,LN ENGENHARIA E CONSULTORIA LTDA,Atividades profissionais e tecnicas,Sem compra,Indústria
@mmconsultores.net.br,55845255,BR PNEUS PRODUTOS E SERVICOS LTDA,Comercio e reparacao de veiculos,Sem compra,Indústria
@mmconsultores.net.br,29451220,STUDIO YOU FIT LTDA,Atividades de condicionamento físico,Sem compra,Não indústria
@mmconsultores.net.br,44538222,INSTITUTO VIVANCE LTDA,Atividade médica ambulatorial restrita a consultas,Sem compra,Não indústria
@mmconsultores.net.br,45270784,GRUPO VIVANCE LTDA,Atividade médica ambulatorial com recursos para realização de procedimentos cirúrgicos,Sem compra,Não indústria
@mmconsultores.net.br,46161695,INSTITUTO ALMANSA CLINICA E CONSULTORIA LTDA,Treinamento em desenvolvimento profissional e gerencial,Sem compra,Não indústria
@mmconsultores.net.br,49247320,MACEIO AMBIENTAL LTDA,Imunização e controle de pragas urbanas,Sem compra,Não indústria
@mmconsultores.net.br,64470901,SCP - LAGOS DO FRANCES II,Construcao,Sem compra,Indústria
@mmeparavoce.com.br,69989853,BONANCA CONSTRUTORA E INCORPORADORA LTDA,Construcao,Ativo,Indústria
@mmeparavoce.com.br,27995600,IPIOCA EMPREENDIMENTOS IMOBILIARIOS SPE LTDA,Construcao,Ativo,Indústria
@mmeparavoce.com.br,29278580,MME ENGENHARIA E CONTRATACOES LTDA,Construcao,Inativo,Indústria
@mmeparavoce.com.br,43621136,MME IPIOCA BEACH RESORT LTDA,Hotéis,Sem compra,Não indústria
@mmeparavoce.com.br,64018984,O. A. MOREIRA PROMOCAO DE VENDAS LTDA,Promoção de vendas,Sem compra,Não indústria
@montesoares.com.br,10897687,CAOFLEX INDUSTRIA E COMERCIO LTDA,Industria de transformacao,Ativo,Indústria
@montesoares.com.br,50583563,G D R GELADOS COMERCIO VAREJISTA LTDA,Comércio varejista de produtos alimentícios em geral ou especializado em produtos alimentícios não especificados anteriormente,Ativo,Não indústria
@montesoares.com.br,44939118,CASA DO COCO INDUSTRIA ALIMENTICIA LTDA,Industria de transformacao,Sem compra,Indústria
@montesoares.com.br,49104276,FORMINOX INDUSTRIA E COMERCIO DE PIAS E CUBAS LTDA,Industria de transformacao,Sem compra,Indústria
@montesoares.com.br,42524794,GOMES E VANDERLEY PANIFICACAO LTDA,Industria de transformacao,Sem compra,Indústria
@montesoares.com.br,02924787,PORTOBELO EMPREENDIMENTOS LTDA,Compra e venda de imóveis próprios,Sem compra,Não indústria
@montesoares.com.br,07369090,ALPHA INDUSTRIA E COMERCIO DE ELETRONICOS LTDA,Comércio atacadista de aparelhos eletrônicos de uso pessoal e doméstico,Sem compra,Não indústria
@montesoares.com.br,11442445,MONTREAL COMERCIAL IMPORTADORA E EXPORTADORA LTDA,"Comércio atacadista de mercadorias em geral, sem predominância de alimentos ou de insumos agropecuários",Sem compra,Não indústria
@montesoares.com.br,13998789,INTERFACE BUSINESS CONSULTORIA E ASSESSORIA COMERCIAL LTDA,"Comércio atacadista de mercadorias em geral, com predominância de produtos alimentícios",Sem compra,Não indústria
@montesoares.com.br,18511156,S J B COMERCIO DE ALIMENTOS LTDA,"Lanchonetes, casas de chá, de sucos e similares",Sem compra,Não indústria
@montesoares.com.br,18579460,F C L COMERCIO DE PECAS DO VESTUARIO LTDA,Comércio varejista de artigos do vestuário e acessórios,Sem compra,Não indústria
@montesoares.com.br,18675580,LYON COMERCIO DE PECAS DO VESTUARIO LTDA,Comércio varejista de artigos do vestuário e acessórios,Sem compra,Não indústria
@montesoares.com.br,25294255,AUTO POSTO GLOBO II LTDA,Comércio varejista de combustíveis para veículos automotores,Sem compra,Não indústria
@montesoares.com.br,44822975,CP PARTNERS LTDA,"Atividades de intermediação e agenciamento de serviços e negócios em geral, exceto imobiliários",Sem compra,Não indústria
@montesoares.com.br,47239332,V & T IND. E COM. DE PAES E DERIVADOS LTDA,Padaria e confeitaria com predominância de revenda,Sem compra,Não indústria
@montesoares.com.br,47569376,082 TECH INTELIGENCIA EM SOLUCOES DIGITAIS LTDA,Desenvolvimento e licenciamento de programas de computador customizáveis,Sem compra,Não indústria
@montesoares.com.br,52046585,PICO INVESTMENTS AI LTDA.,Agentes de investimentos em aplicações financeiras,Sem compra,Não indústria
@montesoares.com.br,52191698,PETRO ALAGOAS DISTRIBUIDORA DE COMBUSTIVEIS LTDA,"Comércio atacadista de álcool carburante, biodiesel, gasolina e demais derivados de petróleo, exceto lubrificantes, não realizado por transportador re",Sem compra,Não indústria
@montesoares.com.br,60135623,F L MARROQUIM COMPRA E VENDA DE IMOVEIS LTDA,Compra e venda de imóveis próprios,Sem compra,Não indústria
@montesoares.com.br,65450451,MILONES GESTAO DE NEGOCIOS LTDA,"Atividades de intermediação e agenciamento de serviços e negócios em geral, exceto imobiliários",Sem compra,Não indústria
@mouradubeux.com.br,43378051,MD AL ROOFTOP CONSTRUCOES LTDA,Construcao,Ativo,Indústria
@mouradubeux.com.br,45819383,MD AL PARQUE SHOPPING CONSTRUCOES SPE LTDA,Construcao,Ativo,Indústria
@mouradubeux.com.br,45909716,MD AL VIA EXPRESS CONSTRUCOES SPE LTDA,Construcao,Ativo,Indústria
@mouradubeux.com.br,12592009,MD AL GRUTA CONSTRUCOES LTDA,Construcao,Ativo,Indústria
@mouradubeux.com.br,23715940,MD AL LANAI BEACH SPE LTDA,Construcao,Ativo,Indústria
@mouradubeux.com.br,01420682,MOURA DUBEUX ENGENHARIA E EMPREENDIMENTOS LTDA,Construcao,Ativo,Indústria
@mouradubeux.com.br,12049631,MOURA DUBEUX ENGENHARIA S/A,Construcao,Ativo,Indústria
@mouradubeux.com.br,10233573,GLOBAL MD EVOLUTION BEACH PARK EMPREENDIMENTO LTDA,Construcao,Inativo,Indústria
@mouradubeux.com.br,10158073,MD AL FAROL CONSTRUCOES LTDA,Construcao,Sem compra,Indústria
@mouradubeux.com.br,10158085,MD AL POCO CONSTRUCOES LTDA,Construcao,Sem compra,Indústria
@mouradubeux.com.br,13328525,MD AL ANTARES CONSTRUCOES LTDA,Construcao,Sem compra,Indústria
@mouradubeux.com.br,13654705,MD AL LIFE CONSTRUCOES LTDA,Construcao,Sem compra,Indústria
@mouradubeux.com.br,47940873,MD AL PATACHO CONSTRUCOES SPE LTDA,Construcao,Sem compra,Indústria
@mouradubeux.com.br,53032857,MOOD JACARECICA EMPREENDIMENTOS SPE LTDA,Construcao,Sem compra,Indústria
@mouradubeux.com.br,56263547,MOOD GUAXUMA EMPREENDIMENTOS SPE LTDA,Construcao,Sem compra,Indústria
@mouradubeux.com.br,57882528,MD AL MILAGRES CONSTRUCOES SPE LTDA,Construcao,Sem compra,Indústria
@mouradubeux.com.br,64356396,UN1CA AL BARRO DURO CONSTRUCOES SPE LTDA,Construcao,Sem compra,Indústria
@mouradubeux.com.br,62248293,UN1CA S.A.,Construcao,Sem compra,Indústria
@mouraemoura.com.br,48095104,CRUZ DAS ALMAS EMPREENDIMENTO IMOBILIARIO SPE LTDA,Construcao,Ativo,Indústria
@mouraemoura.com.br,52869068,CONSORCIO PAVIMENTACAO E DRENAGEM DA REGIAO ADMINISTRATIVA 07,Construcao,Ativo,Indústria
@mouraemoura.com.br,53185581,CONSORCIO DRENAGEM PLATO,Construcao,Ativo,Indústria
@mouraemoura.com.br,10198262,GAMMA SOLUCOES LTDA,Construcao,Sem compra,Indústria
@mouraemoura.com.br,45781623,BOTANIC VIEW CLUB RESIDENCE SPE LTDA,Construcao,Sem compra,Indústria
@mouraemoura.com.br,51602396,UNIR EMPREENDIMENTOS IMOBILIARIOS LTDA,Construcao,Sem compra,Indústria
@mouraemoura.com.br,60720293,CONSORCIO TRAVESSIA PALMEIRA,Construcao,Sem compra,Indústria
@mouraemoura.com.br,63439840,RANCHO ALIANCA MURICI EMPREENDIMENTO IMOBILIARIO SPE LTDA.,Construcao,Sem compra,Indústria
@mouraemoura.com.br,63819498,LEXUS PONTA VERDE SPE LTDA,Construcao,Sem compra,Indústria
@mouraemoura.com.br,60364625,KOINONIA CONSTRUCOES LTDA,Construcao,Sem compra,Indústria
@mouraemoura.com.br,61257889,MINERACAO ALAGOAS LTDA,Industria extrativa,Sem compra,Indústria
@mouraemoura.com.br,62122626,ROMEIRO GUEDES SERVICOS DE ENGENHARIA LTDA,Atividades profissionais e tecnicas,Sem compra,Indústria
@mouraemoura.com.br,02113134,E DO GLOBO TORRES MAGAZINE LTDA,Industria de transformacao,Sem compra,Indústria
@mouraemoura.com.br,26603593,MACEIO GRANITO LTDA,Industria de transformacao,Sem compra,Indústria
@mouraemoura.com.br,48308663,LUDOVICO MALHAS TECNOLOGICAS LTDA,Industria de transformacao,Sem compra,Indústria
@mouraemoura.com.br,02379869,ALIANCA PRESTACAO DE SERVICO LTDA,Preparação de documentos e serviços especializados de apoio administrativo não especificados anteriormente,Sem compra,Não indústria
@mouraemoura.com.br,05876992,COMERCIAL DE ALIMENTOS E BEBIDAS 2501 LTDA,Restaurantes e similares,Sem compra,Não indústria
@mouraemoura.com.br,08108526,MOURA & MOURA CONTADORES ASSOCIADOS S/S.,Atividades de contabilidade,Sem compra,Não indústria
@mouraemoura.com.br,11912581,EMPRESA DE HOTEIS DO NORDESTE LTDA,Aluguel de imóveis próprios,Sem compra,Não indústria
@mouraemoura.com.br,14634867,GUARNECE SEGURANCA PATRIMONIAL LTDA.,Atividades de vigilância e segurança privada,Sem compra,Não indústria
@mouraemoura.com.br,19215551,IMPLAMEDICAL ALAGOAS COMERCIO DE PRODUTOS MEDICOS LTDA,"Comércio atacadista de instrumentos e materiais para uso médico, cirúrgico, hospitalar e de laboratórios",Sem compra,Não indústria
@mouraemoura.com.br,29892498,A M A ALVES ARQUITETOS,Serviços de arquitetura,Sem compra,Não indústria
@mouraemoura.com.br,32329279,PRIMUS CONSULTORIA E COBRANCA LTDA,Atividades de cobranças e informações cadastrais,Sem compra,Não indústria
@mouraemoura.com.br,35362367,MV COMERCIO E REPRESENTACAO DE COMBUSTIVEIS LTDA,Comércio varejista de combustíveis para veículos automotores,Sem compra,Não indústria
@mouraemoura.com.br,43266871,M2VW EMPREENDIMENTOS TURISTICOS LTDA,Hotéis,Sem compra,Não indústria
@mouraemoura.com.br,45092393,S A DE MELO VIANA NEGOCIO IMOBILIARIOS LTDA,Corretagem na compra e venda e avaliação de imóveis,Sem compra,Não indústria
@mouraemoura.com.br,45910065,RAIZES ADMINISTRACAO PATRIMONIAL LTDA,Compra e venda de imóveis próprios,Sem compra,Não indústria
@mouraemoura.com.br,47800711,GESTAO SARAIVA BRANDAO LTDA,Casas de festas e eventos,Sem compra,Não indústria
@mouraemoura.com.br,47840353,BSM EMPREENDIMENTO IMOBILIARIO SPE LTDA,Gestão e administração da propriedade imobiliária,Sem compra,Não indústria
@mouraemoura.com.br,48203720,ABFR ADMINISTRACAO PATRIMONIAL LTDA,Aluguel de imóveis próprios,Sem compra,Não indústria
@mouraemoura.com.br,49118911,WINDERMERE ADMINISTRADORA DE BENS E DIREITOS LTDA,Aluguel de imóveis próprios,Sem compra,Não indústria
@mouraemoura.com.br,50659173,PEREZ & VASCONCELOS CONSULTORIA IMOBILIARIA LTDA,Corretagem na compra e venda e avaliação de imóveis,Sem compra,Não indústria
@mouraemoura.com.br,51421488,LJ CAPITAL EMPRESA SIMPLES DE CREDITO LTDA,Outras atividades de serviços financeiros não especificadas anteriormente,Sem compra,Não indústria
@mouraemoura.com.br,53114992,V.B.M.N LTDA,Compra e venda de imóveis próprios,Sem compra,Não indústria
@mouraemoura.com.br,53543976,V D GARROTE  LTDA,Treinamento em desenvolvimento profissional e gerencial,Sem compra,Não indústria
@mouraemoura.com.br,54578870,CARDIOINTERVENCIONISTA LTDA,Atividades de atenção ambulatorial não especificadas anteriormente,Sem compra,Não indústria
@mouraemoura.com.br,54882833,RIBEIRA PARTICIPACOES LTDA,Cultivo de soja,Sem compra,Não indústria
@mouraemoura.com.br,55998260,C T ADMINISTRACAO PATRIMONIAL LTDA,Compra e venda de imóveis próprios,Sem compra,Não indústria
@mouraemoura.com.br,56608097,DCB AGROPECUARIA LTDA,Compra e venda de imóveis próprios,Sem compra,Não indústria
@mouraemoura.com.br,58082679,PROJECTO IMOVEIS LTDA,Corretagem na compra e venda e avaliação de imóveis,Sem compra,Não indústria
@mouraemoura.com.br,58111211,SAMPAIO MARKETING E EVENTOS LTDA,Marketing direto,Sem compra,Não indústria
@mouraemoura.com.br,59497000,EMPORIO VIVERE LTDA,Comércio varejista de mercadorias em lojas de conveniência,Sem compra,Não indústria
@mouraemoura.com.br,60042709,SOCIEDADE EDUCACIONAL IMPULSA BRASIL LTDA,Educação superior - graduação e pós-graduação,Sem compra,Não indústria
@mouraemoura.com.br,61918378,GESTAO BRANDAO E GENEROSO LTDA,Casas de festas e eventos,Sem compra,Não indústria
@mouraemoura.com.br,63180220,ZAYA BISTRO LTDA,Restaurantes e similares,Sem compra,Não indústria
@mouraemoura.com.br,63432519,SANTA MARIA ADMINISTRACAO PATRIMONIAL LTDA,Compra e venda de imóveis próprios,Sem compra,Não indústria
@mouraemoura.com.br,64880376,MCZ HOSPITALAR LTDA,Comércio atacadista de medicamentos e drogas de uso humano,Sem compra,Não indústria
@mouraemoura.com.br,65845341,ALVOR ENERGY LTDA,Eletricidade e gas,Sem compra,Indústria
@mouraemoura.com.br,66003993,RG PATRIMONIAL LTDA,Gestão e administração da propriedade imobiliária,Sem compra,Não indústria
@mouraemoura.com.br,66261640,3VLG PATRIMONIAL LTDA,Gestão e administração da propriedade imobiliária,Sem compra,Não indústria
@mouraemoura.com.br,66296204,CAPRICHOSA INDUSTRIA LTDA,Industria de transformacao,Sem compra,Indústria
@mouraemoura.com.br,66426379,BALAYO CAFE LTDA,"Lanchonetes, casas de chá, de sucos e similares",Sem compra,Não indústria
@mouraemoura.com.br,66499722,EVERESTTY MULTIPLOS LTDA,Compra e venda de imóveis próprios,Sem compra,Não indústria
@mouraemoura.com.br,66545637,AUBE TRADING E COMEX LTDA,"Atividades de consultoria em gestão empresarial, exceto consultoria técnica específica",Sem compra,Não indústria
@mouraemoura.com.br,66737407,CLICK BEAUTY COSMETICOS LTDA,"Comércio varejista de cosméticos, produtos de perfumaria e de higiene pessoal",Sem compra,Não indústria
@mouraemoura.com.br,67591050,CONVENIENCIA SANTA MARIA MADALENA LTDA,Comércio varejista de mercadorias em lojas de conveniência,Sem compra,Não indústria
@mouraemoura.com.br,67854420,F F MARQUES SERVICOS LTDA,Construcao,Sem compra,Indústria
@mrv.com.br,08343492,MRV ENGENHARIA E PARTICIPACOES SA,Construcao,Ativo,Indústria
@mrv.com.br,10212749,MRV PRIME MACEIO I INCORPORACAO IMOBILIARIA LTDA,Construcao,Inativo,Indústria
@mrv.com.br,43186911,MRV SEMINOVOS LTDA.,Compra e venda de imóveis próprios,Sem compra,Não indústria
@mrv.com.br,53160291,CONSORCIO LOG MACEIO,Aluguel de imóveis próprios,Sem compra,Não indústria
@mrv.com.br,61528834,LOG MACEIO II SPE LTDA.,Aluguel de imóveis próprios,Sem compra,Não indústria
@mtconsultoriacontabil.com.br,26391611,HOP BROS CERVEJARIA LTDA,Industria de transformacao,Ativo,Indústria
@mtconsultoriacontabil.com.br,20664378,BRITO E REGO BARROS LOCACOES E SERVICOS LTDA,Construcao,Sem compra,Indústria
@mtconsultoriacontabil.com.br,28808522,FAROL DO LITORAL CONSTRUCOES LTDA,Construcao,Sem compra,Indústria
@mtconsultoriacontabil.com.br,51984123,"JT - MINERACAO, CONSTRUCAO CIVIL E LOCACAO DE MAQUINAS LTDA",Industria extrativa,Sem compra,Indústria
@mtconsultoriacontabil.com.br,01600494,OLIVEIRA & FREITAS LTDA,Comércio varejista de combustíveis para veículos automotores,Sem compra,Não indústria
@mtconsultoriacontabil.com.br,06979856,MANDABRASA DISTRIBUIDORA IMPORT. E EXPORT. LTDA,Comércio atacadista de produtos alimentícios em geral,Sem compra,Não indústria
@mtconsultoriacontabil.com.br,21789819,BIG SUPERMERCADO LTDA,"Comércio varejista de mercadorias em geral, com predominância de produtos alimentícios - supermercados",Sem compra,Não indústria
@mtconsultoriacontabil.com.br,26427606,PENIEL REVENDEDORA DE COMBUSTIVEIS LTDA,Comércio varejista de combustíveis para veículos automotores,Sem compra,Não indústria
@mtconsultoriacontabil.com.br,30926470,POPKINS COMERCIO DE GULOSEIMAS LTDA,"Comércio atacadista de chocolates, confeitos, balas, bombons e semelhantes",Sem compra,Não indústria
@mtconsultoriacontabil.com.br,37838523,HB CERVEJARIA LTDA.,Casas de festas e eventos,Sem compra,Não indústria
@mtconsultoriacontabil.com.br,52681878,FEDERAL - TINTAS & MATERIAIS ELETRICOS LTDA,Comércio varejista de tintas e materiais para pintura,Sem compra,Não indústria
@mtconsultoriacontabil.com.br,52846555,PRAIA CERVEJEIRA IPIOCA LTDA,"Bares e outros estabelecimentos especializados em servir bebidas, sem entretenimento",Sem compra,Não indústria
@mtconsultoriacontabil.com.br,53277933,G F T MORAES,"Comércio varejista de mercadorias em geral, com predominância de produtos alimentícios - supermercados",Sem compra,Não indústria
@mtconsultoriacontabil.com.br,55044711,BOI NOBRE DISTRIBUIDORA LTDA,Comércio atacadista de produtos alimentícios em geral,Sem compra,Não indústria
@mtconsultoriacontabil.com.br,57133451,SUPERMERCADO TODO DIA LTDA,"Comércio varejista de mercadorias em geral, com predominância de produtos alimentícios - supermercados",Sem compra,Não indústria
@mtconsultoriacontabil.com.br,61077571,CLIMACO DISTRIBUIDORA LTDA,Comércio atacadista de produtos alimentícios em geral,Sem compra,Não indústria
@multiplan.com.br,03927102,CAA - ADMINISTRACAO E PROMOCOES LTDA.,Gestão e administração da propriedade imobiliária,Sem compra,Não indústria
@multiplan.com.br,07141284,MULTIPLAN ADMINISTRADORA DE ESTACIONAMENTO LTDA,Estacionamento de veículos,Sem compra,Não indústria
@multiplan.com.br,07816890,MULTIPLAN EMPREENDIMENTOS IMOBILIARIOS S/A,Aluguel de imóveis próprios,Sem compra,Não indústria
@multiplan.com.br,13998490,MULTIPLAN GREENFIELD IV EMPREENDIMENTO IMOBILIARIO LTDA,Gestão e administração da propriedade imobiliária,Sem compra,Não indústria
@multiplan.com.br,19634248,MULTIPLAN ESTACIONAMENTO LTDA.,Estacionamento de veículos,Sem compra,Não indústria
@multiplan.com.br,26930346,MULTIPLAN PARQUE SHOPPING MACEIO LTDA,Aluguel de imóveis próprios,Sem compra,Não indústria
@multiplan.com.br,50735646,RENASCE REDE NACIONAL DE SHOPPING CENTERS LTDA,Gestão e administração da propriedade imobiliária,Sem compra,Não indústria
@nacontabilidade.com.br,07389665,F C K CONSTRUCOES E INCORPORACOES LTDA,Construcao,Ativo,Indústria
@nacontabilidade.com.br,47028449,CONSORCIO VIAS DO NORTE 2 ETAPA,Construcao,Sem compra,Indústria
@nacontabilidade.com.br,51068576,CONSORCIO PAV VIAS DO SAO FRANCISCO,Construcao,Sem compra,Indústria
@nacontabilidade.com.br,48082034,CONSORCIO PLANALTO DA BORBOREMA 2 ETAPA,Construcao,Sem compra,Indústria
@nacontabilidade.com.br,53169676,CONSORCIO REGIAO DE PLANEJAMENTO METROPOLITANA - 2 ETAPA,Construcao,Sem compra,Indústria
@nacontabilidade.com.br,64145564,CONSORCIO ALAC CC012/2024,Construcao,Sem compra,Indústria
@nacontabilidade.com.br,02786562,A V S IMPORTACAO E EXPORTACAO LTDA,Industria de transformacao,Sem compra,Indústria
@nacontabilidade.com.br,07278835,OIAPEX COMERCIO E SERVICOS LTDA,Construcao,Sem compra,Indústria
@nacontabilidade.com.br,05638512,CONSTRUTORA BELO MONTE LTDA,Construcao,Sem compra,Indústria
@nacontabilidade.com.br,23316582,DENILTON FARIAS BARRETO,Construcao,Sem compra,Indústria
@nacontabilidade.com.br,07351829,R. G. QUEIROZ PEIXOTO LTDA,Corretagem na compra e venda e avaliação de imóveis,Sem compra,Não indústria
@nacontabilidade.com.br,14693718,SS COMERCIO DE INFORMATICA LTDA,Comércio varejista especializado de equipamentos e suprimentos de informática,Sem compra,Não indústria
@nacontabilidade.com.br,23638750,ODONTOLOGIA COMO ARTE LTDA,Atividade odontológica,Sem compra,Não indústria
@nacontabilidade.com.br,34165121,AGROPECUARIA CINTRA LTDA,"Serviço de preparação de terreno, cultivo e colheita",Sem compra,Não indústria
@nacontabilidade.com.br,45566788,BARRETO & CHAVES LTDA,Atividades de atendimento em pronto-socorro e unidades hospitalares para atendimento a urgências,Sem compra,Não indústria
@nacontabilidade.com.br,54454078,M DA SILVA MERCADINHO LTDA,"Comércio varejista de mercadorias em geral, com predominância de produtos alimentícios - minimercados, mercearias e armazéns",Sem compra,Não indústria
@nacontabilidade.com.br,56093333,ASSOCIACAO DOS ESTUDANTES DE ZOOTECNIA,"Atividades de apoio à educação, exceto caixas escolares",Sem compra,Não indústria
@nacontabilidade.com.br,57888523,CEASINHA ALIMENTOS LTDA,"Comércio varejista de mercadorias em geral, com predominância de produtos alimentícios - minimercados, mercearias e armazéns",Sem compra,Não indústria
@nacontabilidade.com.br,61630376,HELIOS ALAGOAS ENERGIA LIMPA LTDA,"Aluguel de outras máquinas e equipamentos comerciais e industriais não especificados anteriormente, sem operador",Sem compra,Não indústria
@nogueiracontabil.net,01584452,KIFRIOS COMERCIO E INDUSTRIA DE FRIOS LTDA,Industria de transformacao,Ativo,Indústria
@nogueiracontabil.net,12014510,BIOTECH CONTROLE BIOLOGICO LTDA,Industria de transformacao,Ativo,Indústria
@nogueiracontabil.net,21025295,TELEENERGIA SERVICOS E MANUTENCAO ELETRICA LTDA,Construcao,Sem compra,Indústria
@nogueiracontabil.net,23782269,ROCHA INDUSTRIA DE DEFENSIVOS AGRICOLAS LTDA,Industria de transformacao,Sem compra,Indústria
@nogueiracontabil.net,26968209,MONTENEGRO E CARVALHO ALUGUEIS DE IMOVEIS LTDA,Aluguel de imóveis próprios,Sem compra,Não indústria
@nogueiracontabil.net,27134108,JOSIVALDO SILVA DOS SANTOS LTDA,Restaurantes e similares,Sem compra,Não indústria
@nogueiracontabil.net,27190531,RODRIGO DA ROCHA BRANDAO LTDA,Fornecimento e gestão de recursos humanos para terceiros,Sem compra,Não indústria
@nogueiracontabil.net,27661516,RODRIGO QUIRINO CANUTO LTDA,Reparação e manutenção de equipamentos eletroeletrônicos de uso pessoal e doméstico,Sem compra,Não indústria
@nogueiracontabil.net,27954026,JOAO RENATO JUCA NOGUEIRA LTDA,"Locação de outros meios de transporte não especificados anteriormente, sem condutor",Sem compra,Não indústria
@nogueiracontabil.net,31067338,ABADE E MENDONCA ROUPAS E ACESSORIOS LTDA,Comércio varejista de artigos do vestuário e acessórios,Sem compra,Não indústria
@nogueiracontabil.net,35871802,L A SILVESTRE MESSIAS,Desenvolvimento e licenciamento de programas de computador customizáveis,Sem compra,Não indústria
@nordestecontabilidade.com.br,06197769,LUCIANO VIANA BINAS,Atividades administrativas e servicos,Sem compra,Indústria
@nordestecontabilidade.com.br,62080517,S PIMENTEL SERVICOS DE ENGENHARIA LTDA,Atividades profissionais e tecnicas,Sem compra,Indústria
@nordestecontabilidade.com.br,05302896,SEKEL BRASIL TRADING LTDA,Comércio atacadista especializado em outros produtos intermediários não especificados anteriormente,Sem compra,Não indústria
@nordestecontabilidade.com.br,09547391,"PLAYPARTS - IMPORTACAO, LOGISTICA E COMERCIO LTDA",Comércio atacadista especializado em outros produtos intermediários não especificados anteriormente,Sem compra,Não indústria
@nordestecontabilidade.com.br,57193213,"SANT'ANNA COMERCIO E IMPORTACAO DE PRODUTOS EM GERAL, ARMARINHO, ROUPAS E ARTEFATOS TEXTEIS LTDA",Comércio atacadista de tecidos,Sem compra,Não indústria
@ofm.com.br,12018347,EASA EMPRESA AGRO PECUARIA LTDA,Industria de transformacao,Ativo,Indústria
@ofm.com.br,10771817,FAN - FACULDADE DE ADMINISTRACAO E NEGOCIOS LTDA,"Suporte técnico, manutenção e outros serviços em tecnologia da informação",Sem compra,Não indústria
@ofm.com.br,10771824,OFM SYSTEMS LTDA,"Suporte técnico, manutenção e outros serviços em tecnologia da informação",Sem compra,Não indústria
@ofm.com.br,24896696,LUMUS ADMINISTRADORA DE BENS E DIREITOS LTDA,Gestão e administração da propriedade imobiliária,Sem compra,Não indústria
@ofm.com.br,42062954,FAN TECH - ESCOLA DE ENSINO TECNICO LTDA,"Suporte técnico, manutenção e outros serviços em tecnologia da informação",Sem compra,Não indústria
@oi.com.br,24244022,MARCOS LUIZ DA SILVA SANTOS,Industria de transformacao,Sem compra,Indústria
@oi.com.br,09208277,M & R BARBOSA LTDA,Construcao,Sem compra,Indústria
@oi.com.br,11220287,K A SILVA DE OLIVEIRA PANIFICACAO,Industria de transformacao,Sem compra,Indústria
@oi.com.br,20165044,G R M CONSTRUCOES E LOCACOES LTDA,Construcao,Sem compra,Indústria
@oi.com.br,01559704,HIGINO LUNARDI,Atividades profissionais e tecnicas,Sem compra,Indústria
@oi.com.br,07975098,LISBOA & MOREIRA LTDA,Construcao,Sem compra,Indústria
@oi.com.br,08528257,JRA CONSTRUCOES LTDA,Construcao,Sem compra,Indústria
@oi.com.br,10760249,CICERO PEREIRA GAMA,Industria de transformacao,Sem compra,Indústria
@oi.com.br,11567090,MANOEL BEZERRA DE MEDEIROS NETO LTDA,Industria de transformacao,Sem compra,Indústria
@oi.com.br,11989477,ELETRON ALVES SERVICOS TECNICOS LTDA,Industria de transformacao,Sem compra,Indústria
@oi.com.br,14634818,G DA S SOUZA,Alojamento e alimentacao,Sem compra,Indústria
@oi.com.br,18702178,APA.COM LTDA,Informacao e comunicacao,Sem compra,Indústria
@oi.com.br,20674153,PRIME CLIMATIZACAO E REFRIGERACAO LTDA,Construcao,Sem compra,Indústria
@oi.com.br,23194307,RENIVALDO OLIVEIRA BARROS 77747747420,Comercio e reparacao de veiculos,Sem compra,Indústria
@oi.com.br,23987565,TATIANA BARBOSA DE CARVALHO 06502576427,Industria de transformacao,Sem compra,Indústria
@oi.com.br,28838883,ROJEFFERSON BARROS DE SANTANA 05932856467,Industria de transformacao,Sem compra,Indústria
@oi.com.br,36397111,SANTOS E NASCIMENTO LTDA,Industria extrativa,Sem compra,Indústria
@oi.com.br,02056044,PATRICIA DE SIQUEIRA CAVALCANTI,Comércio varejista de outros produtos não especificados anteriormente,Sem compra,Não indústria
@oi.com.br,07674816,CLINICA MEDICA BOM JESUS LTDA,Atividades de psicologia e psicanálise,Sem compra,Não indústria
@oi.com.br,08018024,CONSELHO ESCOLAR DA ESCOLA MUNICIPAL DE EDUCACAO BASICA MENINO JESUS DE BRAGA,Ensino fundamental,Sem compra,Não indústria
@oi.com.br,10333703,MIQUEIAS SILVA DE OLIVEIRA,Comércio a varejo de peças e acessórios novos para  motocicletas e motonetas,Sem compra,Não indústria
@oi.com.br,10657384,BEDA TRATORES LTDA,Comércio a varejo de peças e acessórios novos para veículos automotores,Sem compra,Não indústria
@oi.com.br,10851389,MARLEIDE BRITO DAS NEVES & CIA LTDA,Atividade odontológica,Sem compra,Não indústria
@oi.com.br,10918330,COMERCIAL BRAGA & CIA  LTDA,Comércio varejista especializado de equipamentos e suprimentos de informática,Sem compra,Não indústria
@oi.com.br,11170280,TROPICAL COMERCIO E REPRESENTACAO LTDA,Comércio varejista de gás liqüefeito de petróleo (GLP),Sem compra,Não indústria
@oi.com.br,11425498,J C DA SILVA,"Comércio varejista de mercadorias em geral, com predominância de produtos alimentícios - minimercados, mercearias e armazéns",Sem compra,Não indústria
@oi.com.br,11446488,R M RODRIGUES DOS SANTOS LTDA,Comércio varejista de combustíveis para veículos automotores,Sem compra,Não indústria
@oi.com.br,11914472,D M DA SILVA SANTOS FARMACIA,"Comércio varejista de produtos farmacêuticos, sem manipulação de fórmulas",Sem compra,Não indústria
@oi.com.br,12890771,P L RESTAURANTE LTDA,Restaurantes e similares,Sem compra,Não indústria
@oi.com.br,13472434,S A SILVA DE SENA FARMACIA,"Comércio varejista de produtos farmacêuticos, sem manipulação de fórmulas",Sem compra,Não indústria
@oi.com.br,13789949,ASSOCIACAO INDIGINA DA ALDEIA WASSU COCAL,Ensino de arte e cultura não especificado anteriormente,Sem compra,Não indústria
@oi.com.br,16571601,W S DOS SANTOS MOVEIS,Comércio varejista de móveis,Sem compra,Não indústria
@oi.com.br,18711289,GUSMAO & SILVA LTDA,Comércio varejista de tecidos,Sem compra,Não indústria
@oi.com.br,23458098,A E CAVALCANTE LINS CONSTRUCAO LTDA,Comércio varejista de materiais de construção em geral,Sem compra,Não indústria
@oi.com.br,25034408,ATACAREJO EXTRA ECONOMICO LTDA,"Comércio varejista de mercadorias em geral, com predominância de produtos alimentícios - minimercados, mercearias e armazéns",Sem compra,Não indústria
@oi.com.br,26409809,R L LINS COMERCIAL,"Comércio varejista de mercadorias em geral, com predominância de produtos alimentícios - minimercados, mercearias e armazéns",Sem compra,Não indústria
@oi.com.br,26535725,E S DE  FREITAS GAS,Comércio varejista de gás liqüefeito de petróleo (GLP),Sem compra,Não indústria
@oi.com.br,28442466,SANTOS DE FREITAS E CIA LTDA,Comércio varejista de combustíveis para veículos automotores,Sem compra,Não indústria
@oi.com.br,65569917,FABIANO MELO,Corretagem na compra e venda e avaliação de imóveis,Sem compra,Não indústria
@oi.com.br,70089867,LACOMEX INDUSTRIA COMERCIO E REPRESENTACOES LTDA - FALIDO,Comércio atacadista de bebidas não especificadas anteriormente,Sem compra,Não indústria
@oops.com.br,06345065,MARIA SALETE DOS SANTOS VIEIRA,Industria de transformacao,Sem compra,Indústria
@oops.com.br,08440323,VALTER ARAUJO DA ROCHA,Construcao,Sem compra,Indústria
@oops.com.br,08879857,G P MONTEIRO LTDA,Construcao,Sem compra,Indústria
@oops.com.br,10452879,AMA - ARTES EM ESQUADRIAS LTDA,Industria de transformacao,Sem compra,Indústria
@oops.com.br,09193820,AGROPECUARIA LAGOA DO MATO LTDA,Criação de bovinos para leite,Sem compra,Não indústria
@oops.com.br,09368276,DIAMANTE VIDROS E ACESSORIOS LTDA,Comércio varejista de vidros,Sem compra,Não indústria
@oops.com.br,11238529,CENTRO DE EDUCACAO INFANTIL EURIDES CORREIA DE SENA,Educação infantil - creche,Sem compra,Não indústria
@oops.com.br,11252948,FOCO REPRESENTACOES COMERCIAIS LTDA,"Representantes comerciais e agentes do comércio de têxteis, vestuário, calçados e artigos de viagem",Sem compra,Não indústria
@oops.com.br,35642768,UNIMED METROPOLITANA DO AGRESTE COOPERATIVA DE TRABALHO MEDICO,Planos de saúde,Sem compra,Não indústria
@oops.com.br,35728468,FERNANDES E FRANCA LTDA,Comercio varejista de artigos de armarinho,Sem compra,Não indústria
@oops.com.br,40927691,ERALDO LUIZ RODRIGUES LTDA,Comércio varejista de armas e munições,Sem compra,Não indústria
@orcoma.com.br,31586899,AUTO POSTO MANDACARU LTDA,Comércio varejista de combustíveis para veículos automotores,Sem compra,Não indústria
@orcoma.com.br,34184162,FORTE POSTO LTDA,Comércio varejista de combustíveis para veículos automotores,Sem compra,Não indústria
@orcoma.com.br,43472899,POSTO H. SENA DELMIRO I LTDA,Comércio varejista de combustíveis para veículos automotores,Sem compra,Não indústria
@orcoma.com.br,43473530,H. SENA PIRANHAS COMERCIO DE COMBUSTIVEIS LTDA,Comércio varejista de combustíveis para veículos automotores,Sem compra,Não indústria
@orcoma.com.br,43473879,AUTO POSTO NOVO CASADO LTDA,Comércio varejista de combustíveis para veículos automotores,Sem compra,Não indústria
@orcoma.com.br,45685725,AUTO POSTO NOSSA SRA DO ROSARIO LTDA,Comércio varejista de combustíveis para veículos automotores,Sem compra,Não indústria
@orcoma.com.br,49670239,MODELO LUBRIFICANTES DELMIRO LTDA,Comércio varejista de lubrificantes,Sem compra,Não indústria
@orcoma.com.br,49671180,MODELO LUBRIFICANTES OLHO D'AGUA DO CASADO LTDA,Comércio varejista de lubrificantes,Sem compra,Não indústria
@orcoma.com.br,49673045,MODELO LUBRIFICANTES PIRANHAS LTDA,Comércio varejista de lubrificantes,Sem compra,Não indústria
@orcoma.com.br,51047307,MODELO LUBRIFICANTES OLHO D'AGUA DO CASADO II LTDA,Comércio varejista de lubrificantes,Sem compra,Não indústria
@orcoma.com.br,54265271,RNC AL COMERCIO DE COMBUSTIVEIS E LUBRIFICANTES LTDA,Comércio varejista de combustíveis para veículos automotores,Sem compra,Não indústria
@origoenergia.com.br,58156475,JACARE DOS HOMENS AL 1740 LOCACAO DE EQUIPAMENTOS LTDA,"Aluguel de outras máquinas e equipamentos comerciais e industriais não especificados anteriormente, sem operador",Sem compra,Não indústria
@origoenergia.com.br,59421212,PAO DE ACUCAR 892 LOCACAO DE EQUIPAMENTOS LTDA,"Aluguel de outras máquinas e equipamentos comerciais e industriais não especificados anteriormente, sem operador",Sem compra,Não indústria
@origoenergia.com.br,60118185,DELMIRO GOUVEIA 1534 LOCACAO DE EQUIPAMENTOS LTDA,"Aluguel de outras máquinas e equipamentos comerciais e industriais não especificados anteriormente, sem operador",Sem compra,Não indústria
@origoenergia.com.br,60284301,ARAPIRACA AL 928 LOCACAO DE EQUIPAMENTOS LTDA,"Aluguel de outras máquinas e equipamentos comerciais e industriais não especificados anteriormente, sem operador",Sem compra,Não indústria
@origoenergia.com.br,64140054,GIRAU DO PONCIANO AL 2144 LOCACAO DE EQUIPAMENTOS LTDA,"Aluguel de outras máquinas e equipamentos comerciais e industriais não especificados anteriormente, sem operador",Sem compra,Não indústria
@oticadinizmaceio.com.br,35615868,MCZ LABORATORIO OPTICAL LTDA,Industria de transformacao,Sem compra,Indústria
@oticadinizmaceio.com.br,02717077,K S COMERCIO DE ARTIGOS DE OPTICA LTDA,Comércio varejista de artigos de óptica,Sem compra,Não indústria
@oticadinizmaceio.com.br,04663848,K & D ADMINISTRACAO E GESTAO DE EMPRESAS LTDA,Serviços combinados de escritório e apoio administrativo,Sem compra,Não indústria
@oticadinizmaceio.com.br,05559108,A G DINIZ,Comércio varejista de artigos de óptica,Sem compra,Não indústria
@oticadinizmaceio.com.br,28823972,F S A DINIZ OTICA LTDA,Comércio varejista de artigos de óptica,Sem compra,Não indústria
@oticadinizmaceio.com.br,31725384,K S A DINIZ OTICA LTDA,Comércio varejista de artigos de óptica,Sem compra,Não indústria
@oticadinizmaceio.com.br,31761165,A S A DINIZ OTICA & CIA LTDA,Comércio varejista de artigos de óptica,Sem compra,Não indústria
@oticadinizmaceio.com.br,35108534,SAD OTICA LTDA,Comércio varejista de artigos de óptica,Sem compra,Não indústria
@oticadinizmaceio.com.br,50197892,KS DINIZ OTICA LTDA,Comércio varejista de artigos de óptica,Sem compra,Não indústria
@outlook.com.br,39808835,SOLUCAO CONSTRUCOES E SERVICOS LTDA,Atividades profissionais e tecnicas,Ativo,Indústria
@outlook.com.br,18513216,MEGA INSTALACOES LTDA,Industria de transformacao,Ativo,Indústria
@outlook.com.br,48973289,ITAMAR AUTO CENTER LTDA,Comercio e reparacao de veiculos,Ativo,Indústria
@outlook.com.br,33313997,DENIO C DE CARVALHO,Industria de transformacao,Ativo,Indústria
@outlook.com.br,13813789,LATICINIO SERRA DO VENTO LTDA,Industria de transformacao,Sem compra,Indústria
@outlook.com.br,20963656,SOFT MANUTENCAO DE ELEVADORES LTDA,Construcao,Sem compra,Indústria
@outlook.com.br,29310493,LIBER CONSTRUTORA LTDA,Construcao,Sem compra,Indústria
@outlook.com.br,32267294,ZRS TERRAPLENAGEM E LOCACOES LTDA,Construcao,Sem compra,Indústria
@outlook.com.br,37953936,J P ENGENHARIA LTDA,Construcao,Sem compra,Indústria
@outlook.com.br,39788155,S CARVALHO ENGENHARIA LTDA,Construcao,Sem compra,Indústria
@outlook.com.br,43910534,J W COMERCIO E SERVICO LTDA,Industria de transformacao,Sem compra,Indústria
@outlook.com.br,46949964,AMORIM E SILVA LTDA,Industria de transformacao,Sem compra,Indústria
@outlook.com.br,48659694,CONCEITO ENGENHARIA E EMPREENDIMENTOS LTDA,Construcao,Sem compra,Indústria
@outlook.com.br,49229712,ULTRA CONSTRUTORA LTDA,Construcao,Sem compra,Indústria
@outlook.com.br,59085512,APICE MANUTENCAO DE ELEVADORES LTDA,Construcao,Sem compra,Indústria
@outlook.com.br,59556180,MINERACAO MONTE SINAI LTDA,Industria extrativa,Sem compra,Indústria
@outlook.com.br,61708568,"AXIS ENGENHARIA, CALDEIRARIA & MONTAGEM INDUSTRIAL LTDA",Industria de transformacao,Sem compra,Indústria
@outlook.com.br,12454036,DMA DE ALBUQUERQUE LOCACOES LTDA,Construcao,Sem compra,Indústria
@outlook.com.br,13517910,VIEIRA FORNECEDORA LTDA,Industria de transformacao,Sem compra,Indústria
@outlook.com.br,14430605,A N S L SANTOS,Industria de transformacao,Sem compra,Indústria
@outlook.com.br,19991423,DIRECAO CERTA LTDA,Industria de transformacao,Sem compra,Indústria
@outlook.com.br,20030202,AUTOMAIS EQUIPADORA LTDA,Comercio e reparacao de veiculos,Sem compra,Indústria
@outlook.com.br,21514836,F.N. FERREIRA SERVICOS,Construcao,Sem compra,Indústria
@outlook.com.br,23876488,C MARCELINO DE OLIVEIRA,Industria de transformacao,Sem compra,Indústria
@outlook.com.br,28094881,B & C ENGENHARIA LTDA.,Construcao,Sem compra,Indústria
@outlook.com.br,29158674,CENTRAL DO ACOUGUEIRO LTDA,Industria de transformacao,Sem compra,Indústria
@outlook.com.br,30818755,AMARO DOS SANTOS JUNIOR,Industria de transformacao,Sem compra,Indústria
@outlook.com.br,30943053,O J DA SILVA SERRALHARIA,Industria de transformacao,Sem compra,Indústria
@outlook.com.br,33298942,MARCOS MANOEL DA SILVA,Industria de transformacao,Sem compra,Indústria
@outlook.com.br,33885038,ERICA R DA S COSTA,Construcao,Sem compra,Indústria
@outlook.com.br,34434201,AUGUSTO PAULO DOS SANTOS 09802825433,Industria de transformacao,Sem compra,Indústria
@outlook.com.br,34949060,L F DA SILVA CONSTRUTORA,Construcao,Sem compra,Indústria
@outlook.com.br,35223065,SUPORTE ENGENHARIA LTDA,Atividades profissionais e tecnicas,Sem compra,Indústria
@outlook.com.br,35895151,YNGRID STEFANIE LINS TEIXEIRA,Industria de transformacao,Sem compra,Indústria
@outlook.com.br,36174335,VALDEMIR CORREIA DA SILVA,Construcao,Sem compra,Indústria
@outlook.com.br,37808705,CONSTRUTORA H M ENGENHARIA LTDA.,Construcao,Sem compra,Indústria
@outlook.com.br,41683016,CENTRAL MAQUINAS LTDA,Industria de transformacao,Sem compra,Indústria
@outlook.com.br,42230716,J V DOS SANTOS SILVA COMERCIO E SERVICOS,Industria de transformacao,Sem compra,Indústria
@outlook.com.br,42881133,G R DOMINGOS ENGENHARIA,Construcao,Sem compra,Indústria
@outlook.com.br,44598295,DF NEGOCIOS IMOBILIARIOS LTDA,Construcao,Sem compra,Indústria
@outlook.com.br,46453906,EQUIPAMETAL LTDA,Industria de transformacao,Sem compra,Indústria
@outlook.com.br,46734889,CELIA BEATRIZ LINS SOUZA PASSOS,Atividades profissionais e tecnicas,Sem compra,Indústria
@outlook.com.br,46900624,A SABOROSA DO CAMPO LTDA,Industria de transformacao,Sem compra,Indústria
@outlook.com.br,47897413,LEADER IN COMPANY LTDA,Atividades profissionais e tecnicas,Sem compra,Indústria
@outlook.com.br,47906606,C A F DOS SANTOS ENGENHARIA,Atividades profissionais e tecnicas,Sem compra,Indústria
@outlook.com.br,48340883,MD ENGENHARIA PREDIAL LTDA,Construcao,Sem compra,Indústria
@outlook.com.br,49722463,INDUSTRIA IDEAL LTDA,Industria de transformacao,Sem compra,Indústria
@outlook.com.br,51564911,LARISSA KELLY DOS SANTOS SILVA,Construcao,Sem compra,Indústria
@outlook.com.br,57790088,ELISIANE SILVA FERREIRA LTDA,Industria de transformacao,Sem compra,Indústria
@outlook.com.br,59806192,A S J IMPRESSOES E BRINDES LTDA,Industria de transformacao,Sem compra,Indústria
@outlook.com.br,05913384,J. MARTINS DE ARAUJO CEREAIS,Comércio atacadista de produtos alimentícios em geral,Sem compra,Não indústria
@outlook.com.br,10728044,ANDERSON OLIVEIRA DE SOUSA,"Comércio varejista de mercadorias em geral, com predominância de produtos alimentícios - minimercados, mercearias e armazéns",Sem compra,Não indústria
@outlook.com.br,11468169,GIVALDO SANTOS VITAL,Comércio varejista de materiais de construção em geral,Sem compra,Não indústria
@outlook.com.br,16577300,FAMILIA CORRETORA DE SEGUROS LTDA,"Corretores e agentes de seguros, de planos de previdência complementar e de saúde",Sem compra,Não indústria
@outlook.com.br,17918110,J B CARDOSO SERVICO DE TRANSPORTE LTDA,Serviços combinados de escritório e apoio administrativo,Sem compra,Não indústria
@outlook.com.br,20042072,G CARVALHO PINHEIRO ARQUITETURA LIMITADA,Serviços de arquitetura,Sem compra,Não indústria
@outlook.com.br,22416483,ESCOLA DE TEMPO INTEGRAL ARTE DE EDUCAR LTDA,Educação infantil - pré-escola,Sem compra,Não indústria
@outlook.com.br,23777416,AUTO POSTO PETROMETAL LTDA,Comércio varejista de combustíveis para veículos automotores,Sem compra,Não indústria
@outlook.com.br,26187234,GUSTAVO Q DA SILVA,Comércio a varejo de peças e acessórios novos para  motocicletas e motonetas,Sem compra,Não indústria
@outlook.com.br,28618948,NUTRI E VIDA DISTRIBUIDORA LTDA,Comércio atacadista especializado em outros produtos alimentícios não especificados anteriormente,Sem compra,Não indústria
@outlook.com.br,29603507,COMUNIDADE MARIA IMACULADA-CMAI,Atividades de centros de assistência psicossocial,Sem compra,Não indústria
@outlook.com.br,31482651,EQUIVIDA CLINICA VETERINARIA LTDA,Atividades veterinárias,Sem compra,Não indústria
@outlook.com.br,32951963,COOPERATIVA DOS PRODUTORES AGROPECUARIOS DO ESTADO DE ALAGOAS COOPAL,Atividades de apoio à agricultura não especificadas anteriormente,Sem compra,Não indústria
@outlook.com.br,33559066,BARBOSA E GAMA CONFECCOES LTDA,Comércio varejista de artigos do vestuário e acessórios,Sem compra,Não indústria
@outlook.com.br,43085940,MCZ DISTRIBUIDORA E COMERCIO DE ALIMENTOS LTDA,Comércio atacadista de carnes bovinas e suínas e derivados,Sem compra,Não indústria
@outlook.com.br,44122139,L F S MENDONCA,"Comércio varejista de mercadorias em geral, com predominância de produtos alimentícios - minimercados, mercearias e armazéns",Sem compra,Não indústria
@outlook.com.br,48558782,MAXI POSTO X LTDA,Comércio varejista de combustíveis para veículos automotores,Sem compra,Não indústria
@outlook.com.br,50007661,AJ MARKETING LTDA,"Atividades de intermediação e agenciamento de serviços e negócios em geral, exceto imobiliários",Sem compra,Não indústria
@outlook.com.br,52450500,GERALDO RIBEIRO DE LIMA  LTDA,Comércio varejista de gás liqüefeito de petróleo (GLP),Sem compra,Não indústria
@outlook.com.br,55759080,ATIVO TERCEIRIZACAO DE SERVICOS LTDA,"Serviços combinados para apoio a edifícios, exceto condomínios prediais",Sem compra,Não indústria
@outlook.com.br,58338527,MAXI POSTO XI LTDA,Comércio varejista de combustíveis para veículos automotores,Sem compra,Não indústria
@outlook.com.br,58368825,MAXI POSTO XIII LTDA,Comércio varejista de combustíveis para veículos automotores,Sem compra,Não indústria
@outlook.com.br,58389318,MLG TRANSPORTES LTDA,"Transporte rodoviário de carga, exceto produtos perigosos e mudanças, intermunicipal, interestadual e internacional",Sem compra,Não indústria
@outlook.com.br,58389462,MAXI POSTO XII LTDA,Comércio varejista de combustíveis para veículos automotores,Sem compra,Não indústria
@outlook.com.br,62808205,CLINICA INNOVACLINIC LTDA,Atividade médica ambulatorial restrita a consultas,Sem compra,Não indústria
@outlook.com.br,65329865,SEMCAL - MANUTENCOES DE CALDEIRAS LTDA,Industria de transformacao,Sem compra,Indústria
@patrimonecontabilidade.com,63276930,PRUMO CONSTRUCOES LTDA,Construcao,Sem compra,Indústria
@patrimonecontabilidade.com,12746865,J A N VILELA LTDA,Informacao e comunicacao,Sem compra,Indústria
@patrimonecontabilidade.com,52710574,QUALITY IN BOX LTDA,Industria de transformacao,Sem compra,Indústria
@patrimonecontabilidade.com,04969502,LOPES FOTOS E FILMAGENS LTDA,Comércio varejista de artigos fotográficos e para filmagem,Sem compra,Não indústria
@patrimonecontabilidade.com,56872903,ACCIOLY MOTORS LTDA,Comércio a varejo de motocicletas e motonetas novas,Sem compra,Não indústria
@patrimonecontabilidade.com,63505867,MRG ENTRETENIMENTO LTDA,"Atividades de intermediação e agenciamento de serviços e negócios em geral, exceto imobiliários",Sem compra,Não indústria
@patrimonecontabilidade.com,63723911,JH TRANSPORTES LTDA,"Transporte rodoviário de carga, exceto produtos perigosos e mudanças, municipal.",Sem compra,Não indústria
@patrimonecontabilidade.com,64170151,PATRIMONE CONTABILIDADE ESTRATEGICA LTDA,Atividades de contabilidade,Sem compra,Não indústria
@patrimonecontabilidade.com,65654206,ORFEO PIADINAS DISTRIBUIDORA LTDA,Industria de transformacao,Sem compra,Indústria
@patrimonecontabilidade.com,66151215,MBX NEGOCIOS IMOBILIARIOS LTDA,Corretagem na compra e venda e avaliação de imóveis,Sem compra,Não indústria
@patrimonecontabilidade.com,66332140,PRIME PHONE LTDA,Comércio varejista especializado de equipamentos de telefonia e comunicação,Sem compra,Não indústria
@pcontabilidade.com.br,58131029,TAIPA INCORPORACOES BOSSA SPE LTDA,Construcao,Sem compra,Indústria
@pcontabilidade.com.br,62213460,TAIPA INCORPORACOES BOSSA SPE LTDA SCP,Construcao,Sem compra,Indústria
@pcontabilidade.com.br,44653945,SELCAT CONSTRUCOES LTDA,Construcao,Sem compra,Indústria
@pcontabilidade.com.br,65268684,SCZ+D SCALZILLI & DIAS ADMINISTRACAO JUDICIAL LTDA.,Atividades auxiliares da justiça,Sem compra,Não indústria
@pcontabilidade.com.br,65553129,CASA NIQUIM LTDA.,Aluguel de imóveis próprios,Sem compra,Não indústria
@pcontabilidade.com.br,66754044,INDUSTRIA ALIMENTICIA COMIDA DE VERDADE LTDA,Industria de transformacao,Sem compra,Indústria
@pcontabilidade.com.br,67849061,TAIPA INCORPORACOES BOSSA WELLNESS SPE LTDA.,Construcao,Sem compra,Indústria
@pelemaceio.com.br,39440125,PELE DERMATOLOGIA 1 LTDA,Atividade médica ambulatorial com recursos para realização de procedimentos cirúrgicos,Sem compra,Não indústria
@pelemaceio.com.br,40091643,PELE FACE MACEIO LTDA,Atividade médica ambulatorial com recursos para realização de procedimentos cirúrgicos,Sem compra,Não indústria
@pelemaceio.com.br,43622987,A. CARDOSO DERMATOLOGIA LTDA,Atividade médica ambulatorial restrita a consultas,Sem compra,Não indústria
@pelemaceio.com.br,43622990,B. GUIMARAES DERMATOLOGIA LTDA,Atividade médica ambulatorial restrita a consultas,Sem compra,Não indústria
@pelemaceio.com.br,43622994,F. AMORIM DERMATOLOGIA LTDA,Atividade médica ambulatorial restrita a consultas,Sem compra,Não indústria
@pereseamorim.cnt.br,24987856,BRAZMARMORE INDUSTRIA E COMERCIO DE MARMORES E GRANITO LTDA,Industria de transformacao,Ativo,Indústria
@pereseamorim.cnt.br,11556132,TUDORS ENGENHARIA E CONSULTORIA LTDA,Construcao,Sem compra,Indústria
@pereseamorim.cnt.br,05906784,VALLOG TRANSPORTES E LOGISTICA LTDA,Transporte rodoviário de produtos perigosos,Sem compra,Não indústria
@pereseamorim.cnt.br,11792709,PRETORIAN CONTABILIDADE E GESTAO EMPRESARIAL LTDA,Atividades de contabilidade,Sem compra,Não indústria
@pereseamorim.cnt.br,24132408,P2 GESTAO FINANCEIRA LTDA,Outras atividades de serviços financeiros não especificadas anteriormente,Sem compra,Não indústria
@pluscont.com.br,07073572,CONENGE ENGENHARIA LTDA,Construcao,Ativo,Indústria
@pluscont.com.br,61226615,AMARANTE EMPREENDIMENTO IMOBILIARIO SPE LTDA,Construcao,Sem compra,Indústria
@pluscont.com.br,18985252,EMBAIXADOR II EMPREENDIMENTO IMOBILIARIO SPE LTDA,Construcao,Sem compra,Indústria
@pluscont.com.br,21747424,RESIDENCIAL ANTONIO NETO EMPREENDIMENTO IMOBILIARIO SPE LTDA,Construcao,Sem compra,Indústria
@pluscont.com.br,23318235,G4 PLUS EMPREENDIMENTOS E PARTICIPACOES SCP LTDA,Construcao,Sem compra,Indústria
@pluscont.com.br,23834537,CONSTRUTORA A3 LTDA SCP,Construcao,Sem compra,Indústria
@pluscont.com.br,24089761,IMPERIO DO FAROL SCP,Construcao,Sem compra,Indústria
@pluscont.com.br,53935211,SCP - RESIDENCIAL ALGARVE,Construcao,Sem compra,Indústria
@pluscont.com.br,54599235,OLIVEIRA & ARAUJO CONSTRUOES LTDA SCP,Construcao,Sem compra,Indústria
@pluscont.com.br,59876396,ENGENHARIA DE MATERIAIS LTDA RESIDENCIAL PARNAMIRIM II SCP,Construcao,Sem compra,Indústria
@pluscont.com.br,59921655,ENGENHARIA DE MATERIAIS LTDA SCP V,Construcao,Sem compra,Indústria
@pluscont.com.br,60821237,CONSORCIO ETHICA MOGNO - ESCOLA PUBLICA DE EDUCACAO BASICA NA CIDADE UNIVERSITARIA,Construcao,Sem compra,Indústria
@pluscont.com.br,61594390,EMPREENDIMENTO RESIDENCIAL VERDES CAMPOS- SCP,Construcao,Sem compra,Indústria
@pluscont.com.br,62271851,ENGENHARIA DE MATERIASI LTDA - IMPLEMETACAO DA LINHA 6 METRO DE SAO PAULO - SCP,Construcao,Sem compra,Indústria
@pluscont.com.br,63081084,EMPREENDIMENTO RESIDENCIAL SAO JOSE -SCP,Construcao,Sem compra,Indústria
@pluscont.com.br,18357790,CONENGE PROJETO 02 EMPREENDIMENTO IMOBILIARIO SPE LTDA,Construcao,Sem compra,Indústria
@pluscont.com.br,08611649,CONSTRUTORA OMEGA LTDA,Construcao,Sem compra,Indústria
@pluscont.com.br,27774449,DETALHE CONSTRUCOES E ENGENHARIA LTDA,Construcao,Sem compra,Indústria
@pluscont.com.br,51247516,MCZ COMUNICACAO VISUAL LTDA,Industria de transformacao,Sem compra,Indústria
@pluscont.com.br,53817158,BFL INCORPORACOES LTDA,Construcao,Sem compra,Indústria
@pluscont.com.br,54735680,J L DE ANDRADE CONSTRUTORA SPE LTDA,Construcao,Sem compra,Indústria
@pluscont.com.br,60328554,W L CONSTRUTORA LTDA,Construcao,Sem compra,Indústria
@pluscont.com.br,62581633,B & B EMPREENDIMENTOS IMOBILIARIOS LTDA.,Construcao,Sem compra,Indústria
@pluscont.com.br,45890042,CARDEAL CONSTRUTORA LTDA,Construcao,Sem compra,Indústria
@pluscont.com.br,46945359,VIP CONSTRUTORA LTDA,Construcao,Sem compra,Indústria
@pluscont.com.br,55740599,EDUARDO DE AQUINO E SILVA SERVICOS LTDA,Comercio e reparacao de veiculos,Sem compra,Indústria
@pluscont.com.br,04686247,QUANTICA FISIOTERAPIA E PILATES LTDA,Atividades de condicionamento físico,Sem compra,Não indústria
@pluscont.com.br,20963694,ILHA DA CROA EMPREENDIMENTOS IMOBILIARIOS LTDA,Loteamento de imóveis próprios,Sem compra,Não indústria
@pluscont.com.br,26370251,PROJETO IMOBILIARIO PORANGATU SPE LTDA,Loteamento de imóveis próprios,Sem compra,Não indústria
@pluscont.com.br,35830459,MAC CORRETAGEM LTDA,Corretagem na compra e venda e avaliação de imóveis,Sem compra,Não indústria
@pluscont.com.br,49710195,LB PARTICIPACOES E EMPREENDIMENTOS IMOBILIARIOS LTDA,Gestão e administração da propriedade imobiliária,Sem compra,Não indústria
@pluscont.com.br,52239102,PFL ENGENHARIA LTDA,Atividades profissionais e tecnicas,Sem compra,Indústria
@pluscont.com.br,54593915,ESPACO DA TECNOLOGIA LTDA,Consultoria em tecnologia da informação,Sem compra,Não indústria
@pluscont.com.br,61478837,TITARA ADMINISTRACAO DE IMOVEIS LTDA,Aluguel de imóveis próprios,Sem compra,Não indústria
@pluscont.com.br,62565433,TIPO M-LOG TRANSPORTADORA LTDA,"Transporte rodoviário de carga, exceto produtos perigosos e mudanças, municipal.",Sem compra,Não indústria
@podiumengenharia.com,50353891,PROJETO IMOBILIARIO ISLA SPE LTDA,Construcao,Ativo,Indústria
@podiumengenharia.com,09426272,PODIUM ENGENHARIA LTDA,Construcao,Ativo,Indústria
@podiumengenharia.com,45118786,PODIUM ENGENHARIA LTDA SCP 01,Construcao,Sem compra,Indústria
@podiumengenharia.com,45122192,PODIUM ENGENHARIA LTDA SCP 02,Construcao,Sem compra,Indústria
@podiumengenharia.com,45909798,PODIUM ENGENHARIA LTDA SCP 03,Construcao,Sem compra,Indústria
@podiumengenharia.com,49176059,PDM EMPREENDIMENTOS IMOBILIARIOS LTDA,Construcao,Sem compra,Indústria
@podiumengenharia.com,61342567,JRMF HOLDING LTDA,Gestão e administração da propriedade imobiliária,Sem compra,Não indústria
@pracontabil.com.br,04381819,UNIPLAST ALAGOAS LTDA,Industria de transformacao,Inativo,Indústria
@pracontabil.com.br,32324889,AVANTE ENGENHARIA LTDA,Construcao,Sem compra,Indústria
@pracontabil.com.br,25234007,EDNA RITA DO CARMO TAVARES,Industria de transformacao,Sem compra,Indústria
@pracontabil.com.br,27640781,JA FISCHER COSTA LTDA,Industria de transformacao,Sem compra,Indústria
@pracontabil.com.br,30130141,JOSE AISLAN GONCALVES DE BARROS 01334992436,Construcao,Sem compra,Indústria
@pracontabil.com.br,39809451,J AISLAN G DE BARROS LTDA,Construcao,Sem compra,Indústria
@pracontabil.com.br,39871257,VENCER ENGENHARIA COMERCIO E EMPREENDIMENTOS LTDA,Construcao,Sem compra,Indústria
@pracontabil.com.br,05941716,"SPT COMIMPEX - COMERCIO, IMPORTACAO E EXPORTACAO LTDA",Comércio por atacado de pneumáticos e câmaras-de-ar,Sem compra,Não indústria
@pracontabil.com.br,64424642,KAIRO TRADE COMPANY IMPORTACOES LTDA,Comércio atacadista de tecidos,Sem compra,Não indústria
@pretorian.net.br,47886861,ESTELAR INDUSTRIA DE ACO LTDA,Industria de transformacao,Ativo,Indústria
@pretorian.net.br,17754859,BEZERRA INDUSTRIA DE ACO E SERVICOS LTDA,Industria de transformacao,Ativo,Indústria
@pretorian.net.br,32620185,NEW SEA INDUSTRIA E COMERCIO DE PESCADOS LTDA,Industria de transformacao,Ativo,Indústria
@pretorian.net.br,04012882,ACQUAPOCOS - PERFURACAO DE POCOS DE AGUA LTDA,Construcao,Ativo,Indústria
@pretorian.net.br,02914577,COMERCIAL ALAGOANA DE FERRO LTDA.,Comércio atacadista de ferragens e ferramentas,Inativo,Não indústria
@pretorian.net.br,52576981,SPE TATUAMUNHA LTDA,Construcao,Sem compra,Indústria
@pretorian.net.br,61784937,OCEAN TATUAMUNHA SPE LTDA,Construcao,Sem compra,Indústria
@pretorian.net.br,63155158,INOVE DO TOQUE SPE LTDA,Construcao,Sem compra,Indústria
@pretorian.net.br,02415299,TPC TECNOLOGIA EM PROJETOS E CONSTRUCOES LTDA,Construcao,Sem compra,Indústria
@pretorian.net.br,46601107,PERES CONSULTORIA EM ENGENHARIA LTDA,Atividades profissionais e tecnicas,Sem compra,Indústria
@pretorian.net.br,50104214,LINK ENGENHARIA LTDA,Construcao,Sem compra,Indústria
@pretorian.net.br,50568867,INSPEN ENGENHARIA LTDA,Atividades profissionais e tecnicas,Sem compra,Indústria
@pretorian.net.br,50571986,LANNCO ENGENHARIA CONSULTIVA LTDA,Atividades profissionais e tecnicas,Sem compra,Indústria
@pretorian.net.br,54693060,AC INCORPORACOES E EMPREENDIMENTOS LTDA,Construcao,Sem compra,Indústria
@pretorian.net.br,58418873,CENTRINOX ACO LTDA,Industria de transformacao,Sem compra,Indústria
@pretorian.net.br,63175572,STB TELECOM LTDA,Informacao e comunicacao,Sem compra,Indústria
@pretorian.net.br,13505711,WRS SERVICOS ADMINISTRATIVOS LTDA,Serviços combinados de escritório e apoio administrativo,Sem compra,Não indústria
@pretorian.net.br,19034298,CREDENCIAL EVENTOS LTDA,Desenvolvimento e licenciamento de programas de computador customizáveis,Sem compra,Não indústria
@pretorian.net.br,23258605,PRETORIAN ASSESSORIA CONTABIL LTDA,Atividades de contabilidade,Sem compra,Não indústria
@pretorian.net.br,26223067,PX SERVICOS DE ESCRITORIO LTDA,Serviços combinados de escritório e apoio administrativo,Sem compra,Não indústria
@pretorian.net.br,27468124,W L DE SOUZA ATACADO LTDA,Comércio atacadista de produtos alimentícios em geral,Sem compra,Não indústria
@pretorian.net.br,39620753,"LIMA, PONTES E CIA LTDA",Casas de festas e eventos,Sem compra,Não indústria
@pretorian.net.br,41718690,RESTAURANTE SABOR NORDESTINO LTDA,Restaurantes e similares,Sem compra,Não indústria
@pretorian.net.br,45192768,BALI FRANQUIA LTDA,Gestão de ativos intangíveis não-financeiros,Sem compra,Não indústria
@pretorian.net.br,46866172,C C DE LIMA NASCIMENTO ATACADISTA LTDA,Comércio atacadista de produtos alimentícios em geral,Sem compra,Não indústria
@pretorian.net.br,47116604,UNIAO MB ADMINISTRACAO E PARTICIPACOES LTDA,Aluguel de imóveis próprios,Sem compra,Não indústria
@pretorian.net.br,50436415,PRETORIAN TREINAMENTOS E CONSULTORIA EMPRESARIAL LTDA,Atividades de consultoria e auditoria contábil e tributária,Sem compra,Não indústria
@pretorian.net.br,51991063,P H OLIVEIRA ALVES GOMES S/S LTDA,Atividades de contabilidade,Sem compra,Não indústria
@pretorian.net.br,53504755,MOET INVESTIMENTOS IMOBILIARIOS LTDA,Compra e venda de imóveis próprios,Sem compra,Não indústria
@pretorian.net.br,54947629,LPC LOCADORA E APOIO ADMINISTRATIVO LTDA,Locação de automóveis sem condutor,Sem compra,Não indústria
@pretorian.net.br,56041909,ARMAZEM E OPERADOR LOGISTICO SOUSA LTDA,Organização logística do transporte de carga,Sem compra,Não indústria
@pretorian.net.br,58041117,MICHAEL D S COSTA CHOCOLATES LTDA,"Comércio varejista de doces, balas, bombons e semelhantes",Sem compra,Não indústria
@pretorian.net.br,58134009,WR SOARES ALIMENTACAO LTDA,Restaurantes e similares,Sem compra,Não indústria
@pretorian.net.br,58322442,PET MILLY LTDA,Higiene e embelezamento de animais domésticos,Sem compra,Não indústria
@pretorian.net.br,58361675,JBRF BEAUTY LTDA,"Comércio varejista de cosméticos, produtos de perfumaria e de higiene pessoal",Sem compra,Não indústria
@pretorian.net.br,58972296,CODEBRAS LTDA,"Suporte técnico, manutenção e outros serviços em tecnologia da informação",Sem compra,Não indústria
@pretorian.net.br,59523042,PIMENTEL ANDRADE RESTAURANTE LTDA,Restaurantes e similares,Sem compra,Não indústria
@pretorian.net.br,59545083,VICTOR MEDEIROS RESTAURANTE LTDA,Restaurantes e similares,Sem compra,Não indústria
@pretorian.net.br,63231844,INSTITUTO CRIAR E RECREAR,Serviços de assistência social sem alojamento,Sem compra,Não indústria
@pretorian.net.br,65466972,SINGULAR DISTRIBUIDORA LTDA,Comércio atacadista de medicamentos e drogas de uso humano,Sem compra,Não indústria
@pretorian.net.br,65801006,JERSY STORE LTDA,Comércio varejista de artigos do vestuário e acessórios,Sem compra,Não indústria
@pretorian.net.br,66436472,GURU DAS MOTOS LTDA,Comércio a varejo de motocicletas e motonetas novas,Sem compra,Não indústria
@progressuscontabilidade.com.br,41914893,ANDINHO PINTURAS LTDA,Construcao,Sem compra,Indústria
@progressuscontabilidade.com.br,43679226,FIDELIS ENGENHARIA E CONSULTORIA LTDA,Construcao,Sem compra,Indústria
@progressuscontabilidade.com.br,62530994,MARCENARIA ALFA LTDA,Industria de transformacao,Sem compra,Indústria
@progressuscontabilidade.com.br,58378843,ACELERA VAQUINHA LTDA,"Atividades de intermediação e agenciamento de serviços e negócios em geral, exceto imobiliários",Sem compra,Não indústria
@progressuscontabilidade.com.br,58595280,SISTEMA ISOS SOLUCOES EDUCACIONAIS LTDA,Cursos preparatórios para concursos,Sem compra,Não indústria
@progressuscontabilidade.com.br,60854488,SISTEMA ISOS PRODUTOS EDUCACIONAIS LTDA,Comércio varejista de livros,Sem compra,Não indústria
@rapidoinfoshop.com.br,31635202,BREJO DOS BOIS IND. LTDA,Industria de transformacao,Ativo,Indústria
@rapidoinfoshop.com.br,01551620,RAPIDO INFOSHOP LTDA,Comércio atacadista de componentes eletrônicos e equipamentos de telefonia e comunicação,Sem compra,Não indústria
@rapidoinfoshop.com.br,31369612,RAPIDO LTDA,"Comércio atacadista de mercadorias em geral, sem predominância de alimentos ou de insumos agropecuários",Sem compra,Não indústria
@rapidoinfoshop.com.br,46990334,WARLLEY RODRIGO ALVES FLORENCIO LTDA,Representantes comerciais e agentes do comércio de mercadorias em geral não especializado,Sem compra,Não indústria
@rapidoinfoshop.com.br,47154777,GUSTAVO HENRIQUE DE LIMA SILVA LTDA,Representantes comerciais e agentes do comércio de mercadorias em geral não especializado,Sem compra,Não indústria
@rapidoinfoshop.com.br,47593016,SINEZIO CORREIA GONCALVES LTDA,Representantes comerciais e agentes do comércio de mercadorias em geral não especializado,Sem compra,Não indústria
@rapidoinfoshop.com.br,51859565,RAPIDO EDUCACIONAL LTDA,Outras atividades de ensino não especificadas anteriormente,Sem compra,Não indústria
@rclcontabilidade.com.br,21831925,MC3 INCORPORACOES IMOBILIARIA LTDA.,Construcao,Sem compra,Indústria
@rclcontabilidade.com.br,30997440,BEZERRA EMPREENDIMENTOS IMOBILIARIOS LTDA - SCP 03,Construcao,Sem compra,Indústria
@rclcontabilidade.com.br,30997497,SOLO INCORPORACOES - SCP 02,Construcao,Sem compra,Indústria
@rclcontabilidade.com.br,41156449,CONSTRUTORA MOTTA LTDA,Construcao,Sem compra,Indústria
@rclcontabilidade.com.br,44673971,FALCON EMPREENDIMENTOS LTDA,Construcao,Sem compra,Indústria
@rclcontabilidade.com.br,44956173,BELA VISTA 2 EMPREENDIMENTO IMOBILIARIO SPE LTDA,Construcao,Sem compra,Indústria
@rclcontabilidade.com.br,55285214,VILLA MONA PATACHO SPE LTDA,Construcao,Sem compra,Indústria
@rclcontabilidade.com.br,45701114,VALE EMPREENDIMENTOS SPE OASIS BEACH LTDA,Construcao,Sem compra,Indústria
@rclcontabilidade.com.br,21675250,"SILVA LOCACOES, PECAS E SERVICOS LTDA",Industria de transformacao,Sem compra,Indústria
@rclcontabilidade.com.br,09048721,FIXA SINALIZACAO E COMUNICACAO VISUAL LTDA,Outras atividades de serviços prestados principalmente às empresas não especificadas anteriormente,Sem compra,Não indústria
@rclcontabilidade.com.br,35516104,L.S.F.A COMERCIO ATACADISTA DE ALIMENTOS LTDA,"Comércio atacadista de mercadorias em geral, com predominância de produtos alimentícios",Sem compra,Não indústria
@rclcontabilidade.com.br,40777900,LAVANDERIA ALAGOANA LTDA,Lavanderias,Sem compra,Não indústria
@rclcontabilidade.com.br,53437220,LOPES ENDODONTIA LTDA,Atividade odontológica,Sem compra,Não indústria
@rclcontabilidade.com.br,55664223,ARTHUR FERREIRA IMOVEIS LTDA,Corretagem na compra e venda e avaliação de imóveis,Sem compra,Não indústria
@realcontabil-al.com.br,51321533,WATAL PATACHO ECO BOUTIQUE RESIDENCE SPE LTDA,Construcao,Ativo,Indústria
@realcontabil-al.com.br,57991098,CAVALCANTE & ROLIM DESIGN SPE LTDA,Construcao,Ativo,Indústria
@realcontabil-al.com.br,43633513,CAVALCANTE E ROLIM EMPREENDIMENTOS LTDA,Construcao,Ativo,Indústria
@realcontabil-al.com.br,12102741,PROJETEL - TELECOMUNICACOES E SERVICOS LTDA,Construcao,Ativo,Indústria
@realcontabil-al.com.br,49820373,PC INDUSTRIA E COMERCIO DE PRODUTOS DE LIMPEZA LTDA,Industria de transformacao,Ativo,Indústria
@realcontabil-al.com.br,32705707,PCHRISTIAN ESTETICA AUTOMOTIVA LTDA,Comercio e reparacao de veiculos,Ativo,Indústria
@realcontabil-al.com.br,45316850,THERMO MACEIO REFRIGERACAO LTDA,Comercio e reparacao de veiculos,Ativo,Indústria
@realcontabil-al.com.br,13009550,IRMAOS BRITTO REPRESENTACOES E COMERCIO LTDA,Atividades do Operador Portuário,Ativo,Não indústria
@realcontabil-al.com.br,17746833,G H S MARTINS SUPERMERCADO LTDA,"Comércio varejista de mercadorias em geral, com predominância de produtos alimentícios - supermercados",Ativo,Não indústria
@realcontabil-al.com.br,42986169,"C4 TRANSPORTE, LOGISTICA E ARMAZENAMENTO DE CARGAS LTDA","Transporte rodoviário de carga, exceto produtos perigosos e mudanças, intermunicipal, interestadual e internacional",Ativo,Não indústria
@realcontabil-al.com.br,17553860,V. C. ALMEIDA LTDA,Industria de transformacao,Inativo,Indústria
@realcontabil-al.com.br,24328106,MAURO AUGUSTO DA SILVA PROTEC LTDA,Treinamento em desenvolvimento profissional e gerencial,Inativo,Não indústria
@realcontabil-al.com.br,01333967,SOTELI - SERVICO E ORIENTACAO TECNICA EM ELETRICIDADE LTDA,Construcao,Sem compra,Indústria
@realcontabil-al.com.br,02460562,MILANO CONSTRUCOES LTDA,Construcao,Sem compra,Indústria
@realcontabil-al.com.br,08346179,CONSTRUTORA E IMOBILIARIA OURO VERDE LTDA,Construcao,Sem compra,Indústria
@realcontabil-al.com.br,16673031,ARAFORROS PLASTICOS DO BRASIL LTDA,Industria de transformacao,Sem compra,Indústria
@realcontabil-al.com.br,60094797,TATUAMUNHA ECO BOUTIQUE RESIDENCE SPE LTDA,Construcao,Sem compra,Indústria
@realcontabil-al.com.br,05593567,DF CONSTRUTORA LTDA,Construcao,Sem compra,Indústria
@realcontabil-al.com.br,06943488,UNINVEST CONSTRUCOES E INCORPORACOES LTDA,Construcao,Sem compra,Indústria
@realcontabil-al.com.br,13139164,AO QUADRADO SOLUCOES LTDA,Industria de transformacao,Sem compra,Indústria
@realcontabil-al.com.br,22939096,SANTANA CONSTRUCOES E SANEAMENTO LTDA,Construcao,Sem compra,Indústria
@realcontabil-al.com.br,24657919,CRUZ E ARAUJO ENGENHARIA LTDA,Construcao,Sem compra,Indústria
@realcontabil-al.com.br,28581644,C V A BARROS SERVICOS DE MANUTENCAO DE MAQUINAS LTDA,Industria de transformacao,Sem compra,Indústria
@realcontabil-al.com.br,29138502,DJ SERVICOS E ENGENHARIA LTDA,Construcao,Sem compra,Indústria
@realcontabil-al.com.br,29969644,E V B DA SILVA FABRICACAO DE PRODUTOS PARA CONSTRUCAO LTDA,Industria de transformacao,Sem compra,Indústria
@realcontabil-al.com.br,30159112,CONSTRUTORA DUAS IRMAS LTDA,Construcao,Sem compra,Indústria
@realcontabil-al.com.br,45821336,ECCO EMPREENDIMENTOS IMOBILIARIO LTDA,Atividades profissionais e tecnicas,Sem compra,Indústria
@realcontabil-al.com.br,47897674,NATTURE RESIDENCE SPE LTDA,Atividades profissionais e tecnicas,Sem compra,Indústria
@realcontabil-al.com.br,47960251,AH2 ENGENHARIA LTDA,Construcao,Sem compra,Indústria
@realcontabil-al.com.br,54002441,CONCREACO LOCACOES E CONSTRUCOES LTDA,Construcao,Sem compra,Indústria
@realcontabil-al.com.br,60098929,NUTRITORRES INDUSTRIA E COMERCIO LTDA,Industria de transformacao,Sem compra,Indústria
@realcontabil-al.com.br,60145698,WE EMPREENDIMENTOS SPE LTDA,Construcao,Sem compra,Indústria
@realcontabil-al.com.br,63296086,CONSTRUTORA MADEIRAO LTDA,Construcao,Sem compra,Indústria
@realcontabil-al.com.br,31462879,ATIVA SOLUCOES INTELIGENTES LTDA,Industria de transformacao,Sem compra,Indústria
@realcontabil-al.com.br,31788486,LUCAS JOSE BAHIA VILELA ARAUJO,Atividades profissionais e tecnicas,Sem compra,Indústria
@realcontabil-al.com.br,35067710,LUCAS DE LIMA BARROS,Atividades profissionais e tecnicas,Sem compra,Indústria
@realcontabil-al.com.br,35678461,CONSTRUTORA DF LTDA,Construcao,Sem compra,Indústria
@realcontabil-al.com.br,36500728,T S DE ALMEIDA LTDA,Comercio e reparacao de veiculos,Sem compra,Indústria
@realcontabil-al.com.br,38287690,R N F ENGENHARIA LTDA,Atividades profissionais e tecnicas,Sem compra,Indústria
@realcontabil-al.com.br,53997384,PL MERCADORIAS LTDA.,Alojamento e alimentacao,Sem compra,Indústria
@realcontabil-al.com.br,62541399,SHOPWITHINSIDE LTDA,Industria de transformacao,Sem compra,Indústria
@realcontabil-al.com.br,04518680,NEOGLOBAL INDUSTRIA IMPORTACAO E EXPORTACAO LTDA.,Industria de transformacao,Sem compra,Indústria
@realcontabil-al.com.br,04416451,D & J EMPREENDIMENTOS COMERCIAIS LTDA,"Comércio varejista de mercadorias em geral, com predominância de produtos alimentícios - minimercados, mercearias e armazéns",Sem compra,Não indústria
@realcontabil-al.com.br,04618552,J D CONSTRUCOES LTDA,Comércio varejista de materiais de construção não especificados anteriormente,Sem compra,Não indústria
@realcontabil-al.com.br,04846258,LEOCADIO PINHEIRO NETO & CIA LTDA.,Comércio atacadista de materiais de construção em geral,Sem compra,Não indústria
@realcontabil-al.com.br,04946625,CENTRAL DOS PARAFUSOS LTDA,Comércio varejista de ferragens e ferramentas,Sem compra,Não indústria
@realcontabil-al.com.br,05310563,POSTO BARRA 1 LTDA,Comércio varejista de combustíveis para veículos automotores,Sem compra,Não indústria
@realcontabil-al.com.br,05900895,AUTO POSTO VIA NORTE LTDA,Comércio varejista de combustíveis para veículos automotores,Sem compra,Não indústria
@realcontabil-al.com.br,07302916,D L COMERCIO LTDA,Comércio varejista de materiais de construção não especificados anteriormente,Sem compra,Não indústria
@realcontabil-al.com.br,07630356,MASTER COM.DISTRIBUIDORA LTDA,Comércio atacadista de alimentos para animais,Sem compra,Não indústria
@realcontabil-al.com.br,07722800,M E DOS SANTOS RAMALHO MAQUINAS E EQUIPAMENTOS PARA ESCRITORIO LTDA,Comércio atacadista de máquinas e equipamentos para uso comercial; partes e peças,Sem compra,Não indústria
@realcontabil-al.com.br,08042394,NORDESTE DISTRIBUIDORA DE ALIMENTOS LTDA,Comércio atacadista de produtos alimentícios em geral,Sem compra,Não indústria
@realcontabil-al.com.br,08422461,CASA DO PANIFICADOR INDUSTRIA E COMERCIO LTDA,Comércio atacadista de máquinas e equipamentos para uso comercial; partes e peças,Sem compra,Não indústria
@realcontabil-al.com.br,08434983,TARGUZ COMERCIO LTDA,Comércio atacadista de produtos alimentícios em geral,Sem compra,Não indústria
@realcontabil-al.com.br,08822517,TRANSPORTADORA CHAVES & CIA LTDA,"Transporte rodoviário de carga, exceto produtos perigosos e mudanças, intermunicipal, interestadual e internacional",Sem compra,Não indústria
@realcontabil-al.com.br,10440666,ANA LUCIA DA ROCHA WANDERLEY LTDA,"Lanchonetes, casas de chá, de sucos e similares",Sem compra,Não indústria
@realcontabil-al.com.br,10629124,MERCADINHO BOAS COMPRAS LTDA,"Comércio varejista de mercadorias em geral, com predominância de produtos alimentícios - minimercados, mercearias e armazéns",Sem compra,Não indústria
@realcontabil-al.com.br,11177671,CARVALHO E IRMA LTDA,Ensino fundamental,Sem compra,Não indústria
@realcontabil-al.com.br,11396893,TOP DISTRIBUIDORA DE ALIMENTOS LTDA,Comércio atacadista de alimentos para animais,Sem compra,Não indústria
@realcontabil-al.com.br,11485800,MERCADINHO MULTICOMPRAS LTDA,"Comércio varejista de mercadorias em geral, com predominância de produtos alimentícios - minimercados, mercearias e armazéns",Sem compra,Não indústria
@realcontabil-al.com.br,11818164,DPX PETROLEO LTDA.,Comércio atacadista de Máquinas e equipamentos para uso industrial; partes e peças,Sem compra,Não indústria
@realcontabil-al.com.br,11913993,COMERCIAL BOA VISTA LTDA,Comércio varejista de medicamentos veterinários,Sem compra,Não indústria
@realcontabil-al.com.br,12392650,IMOBILIARIA DENA LTDA,Aluguel de imóveis próprios,Sem compra,Não indústria
@realcontabil-al.com.br,12685749,NEPOMUCENO & BARROS LTDA.,Comércio varejista de materiais de construção em geral,Sem compra,Não indústria
@realcontabil-al.com.br,13185193,TOTAL ALIMENTOS E BEBIDAS EM GERAL LTDA,Comércio varejista de produtos alimentícios em geral ou especializado em produtos alimentícios não especificados anteriormente,Sem compra,Não indústria
@realcontabil-al.com.br,15080900,NUTRIFT COMERCIO DE SUPLEMENTOS ALIMENTARES LTDA,Comércio varejista de produtos alimentícios em geral ou especializado em produtos alimentícios não especificados anteriormente,Sem compra,Não indústria
@realcontabil-al.com.br,16416279,PLANNING REAL LTDA,Atividades de contabilidade,Sem compra,Não indústria
@realcontabil-al.com.br,18552675,A A B C COBRANCAS EXTRAJUDICIAIS LTDA,Atividades de cobranças e informações cadastrais,Sem compra,Não indústria
@realcontabil-al.com.br,19200927,SMC COMERCIAL LTDA,Comércio atacadista de materiais de construção em geral,Sem compra,Não indústria
@realcontabil-al.com.br,20207492,AUTO POSTO MODELO LTDA,Comércio varejista de combustíveis para veículos automotores,Sem compra,Não indústria
@realcontabil-al.com.br,20248737,GRUTA BEBIDAS LTDA,Comércio varejista de bebidas,Sem compra,Não indústria
@realcontabil-al.com.br,20702955,DISTRIBUIDORA LNS LTDA,Comércio atacadista de cosméticos e produtos de perfumaria,Sem compra,Não indústria
@realcontabil-al.com.br,20775180,GIL COMERCIO ATACADISTA DE PRODUTOS LTDA,Comércio atacadista de outros equipamentos e artigos de uso pessoal e doméstico não especificados anteriormente,Sem compra,Não indústria
@realcontabil-al.com.br,20992859,HPM BRASIL COMERCIAL LTDA,Comércio atacadista de equipamentos elétricos de uso pessoal e doméstico,Sem compra,Não indústria
@realcontabil-al.com.br,21110463,VITA ALIMENTOS DISTRIBUIDORA LTDA,Comércio atacadista de produtos alimentícios em geral,Sem compra,Não indústria
@realcontabil-al.com.br,21217628,L J D S BARBOSA ATACADO DE ALIMENTOS LTDA,Comércio atacadista de produtos alimentícios em geral,Sem compra,Não indústria
@realcontabil-al.com.br,21417362,CONVENIENCIA MODELO LTDA,Comércio varejista de mercadorias em lojas de conveniência,Sem compra,Não indústria
@realcontabil-al.com.br,21820024,RIBEIRO BUSINESS LTDA,Corretagem na compra e venda e avaliação de imóveis,Sem compra,Não indústria
@realcontabil-al.com.br,22351437,TEMAKERIA MODELO COMERCIO DE ALIMENTOS LTDA,Restaurantes e similares,Sem compra,Não indústria
@realcontabil-al.com.br,22491026,HOTEL CANGACO EMPREENDIMENTOS TURISTICOS LTDA,Hotéis,Sem compra,Não indústria
@realcontabil-al.com.br,22499820,A J DE MEDEIROS TORRES COSMETICOS LTDA,"Comércio varejista de cosméticos, produtos de perfumaria e de higiene pessoal",Sem compra,Não indústria
@realcontabil-al.com.br,22831684,BAR E RESTAURANTE POTIGUAR LTDA,Restaurantes e similares,Sem compra,Não indústria
@realcontabil-al.com.br,22896283,FPJ GESTORA DE BENS LTDA,Compra e venda de imóveis próprios,Sem compra,Não indústria
@realcontabil-al.com.br,23253954,JOSE DAMIAO DA SILVA GOES LTDA,Comércio varejista de livros,Sem compra,Não indústria
@realcontabil-al.com.br,23357733,DISTRIBUIDORA DE ALIMENTOS ESPERANCA LTDA,Comércio atacadista de produtos alimentícios em geral,Sem compra,Não indústria
@realcontabil-al.com.br,23380286,VK DISTRIBUIDOR LTDA,"Comércio atacadista de produtos de higiene, limpeza e conservação domiciliar",Sem compra,Não indústria
@realcontabil-al.com.br,24720140,MASCARENHAS & CHAVES LTDA,"Comércio atacadista de frutas, verduras, raízes, tubérculos, hortaliças e legumes frescos",Sem compra,Não indústria
@realcontabil-al.com.br,25183131,INSTITUTO DE FISIOTERAPIA DE ARAPIRACA LTDA,Atividades de fisioterapia,Sem compra,Não indústria
@realcontabil-al.com.br,25531722,MASTER FRIO COMERCIO ATACADISTA DE EQUIPAMENTOS LTDA,Comércio atacadista de equipamentos elétricos de uso pessoal e doméstico,Sem compra,Não indústria
@realcontabil-al.com.br,26501271,C A A C DA SILVA LTDA,Comércio varejista de produtos alimentícios em geral ou especializado em produtos alimentícios não especificados anteriormente,Sem compra,Não indústria
@realcontabil-al.com.br,26510213,MASCARENHAS E CHAVES ALUGUEIS DE IMOVEIS LTDA,Aluguel de imóveis próprios,Sem compra,Não indústria
@realcontabil-al.com.br,26591106,A G CALISTO VAREJISTA LTDA,Comércio varejista de produtos alimentícios em geral ou especializado em produtos alimentícios não especificados anteriormente,Sem compra,Não indústria
@realcontabil-al.com.br,28188077,HIPER DISTRIBUIDORA DE BEBIDAS LTDA,Comércio atacadista de produtos alimentícios em geral,Sem compra,Não indústria
@realcontabil-al.com.br,28260175,A P DE SOUZA COSTA LTDA,Comércio atacadista de aves vivas e ovos,Sem compra,Não indústria
@realcontabil-al.com.br,28517887,ALBEMA DISTRIBUIDORA DE ALIMENTOS LTDA,Comércio atacadista de produtos alimentícios em geral,Sem compra,Não indústria
@realcontabil-al.com.br,28983399,ATACADO E DISTRIBUICAO DE ALIMENTOS E FRIOS LTDA,Comércio atacadista de produtos alimentícios em geral,Sem compra,Não indústria
@realcontabil-al.com.br,29209042,GLOBAL COMERCIO DE PRODUTOS DE LIMPEZA LTDA,Comércio varejista de produtos saneantes domissanitários,Sem compra,Não indústria
@realcontabil-al.com.br,29448809,B1 COMERCIO DE MANUFATURADOS LTDA. - EM RECUPERACAO JUDICIAL,"Transporte rodoviário de carga, exceto produtos perigosos e mudanças, intermunicipal, interestadual e internacional",Sem compra,Não indústria
@realcontabil-al.com.br,29478478,MASTER REFRIGERACAO LTDA,Comércio atacadista de máquinas e equipamentos para uso comercial; partes e peças,Sem compra,Não indústria
@realcontabil-al.com.br,29856594,FELICIDADE EMPREENDIMENTOS COMERCIAIS LTDA,Comércio varejista de combustíveis para veículos automotores,Sem compra,Não indústria
@realcontabil-al.com.br,29925394,RAFAELLA CRISTHINE CALHEIROS SARAIVA DE BRITO LTDA,"Cabeleireiros, manicure e pedicure",Sem compra,Não indústria
@realcontabil-al.com.br,30193919,ALL MEDIC COMERCIO DE MATERIAIS MEDICOS LTDA,"Comércio atacadista de instrumentos e materiais para uso médico, cirúrgico, hospitalar e de laboratórios",Sem compra,Não indústria
@realcontabil-al.com.br,30283338,POWER EMPREENDIMENTOS LTDA,Gestão e administração da propriedade imobiliária,Sem compra,Não indústria
@realcontabil-al.com.br,30402568,LEITE E ALBUQUERQUE AUTOPECAS LTDA,Comércio a varejo de peças e acessórios novos para veículos automotores,Sem compra,Não indústria
@realcontabil-al.com.br,31652601,EXTRA COMERCIO EXTERIOR LTDA,"Comércio atacadista de bolsas, malas e artigos de viagem",Sem compra,Não indústria
@realcontabil-al.com.br,31687060,BR TRADING LTDA,Comércio atacadista de produtos alimentícios em geral,Sem compra,Não indústria
@realcontabil-al.com.br,32162979,TOP SANDUBARIA LTDA,"Lanchonetes, casas de chá, de sucos e similares",Sem compra,Não indústria
@realcontabil-al.com.br,33103740,J S PRODUTOS AGROPECUARIOS LTDA,Comércio varejista de medicamentos veterinários,Sem compra,Não indústria
@realcontabil-al.com.br,33942612,A V COMERCIO DE BEBIDAS LTDA,Comércio varejista de bebidas,Sem compra,Não indústria
@realcontabil-al.com.br,34620387,ZOLLFLEX IMPORTACAO E EXPORTACAO LTDA,"Comércio atacadista de artigos do vestuário e acessórios, exceto profissionais e de segurança",Sem compra,Não indústria
@realcontabil-al.com.br,34696394,C V F ALMEIDA VAREJISTA LTDA,Comércio varejista de produtos alimentícios em geral ou especializado em produtos alimentícios não especificados anteriormente,Sem compra,Não indústria
@realcontabil-al.com.br,37977371,TAIPEI IMPORTACAO E EXPORTACAO LTDA,"Comércio atacadista de mercadorias em geral, sem predominância de alimentos ou de insumos agropecuários",Sem compra,Não indústria
@realcontabil-al.com.br,39679393,ALVES E GAMA LTDA,"Comércio a varejo de automóveis, camionetas e utilitários usados",Sem compra,Não indústria
@realcontabil-al.com.br,40934655,MEGA CENTER LTDA,Comercio varejista de artigos de armarinho,Sem compra,Não indústria
@realcontabil-al.com.br,41051573,COSTA DISTRIBUIDORA DE ALIMENTOS LTDA,Comércio atacadista de produtos alimentícios em geral,Sem compra,Não indústria
@realcontabil-al.com.br,42356506,ACCIAIOLI RESTAURANTES LTDA,Restaurantes e similares,Sem compra,Não indústria
@realcontabil-al.com.br,42689981,KTS SECURITIZADORA S/A,Securitização de créditos,Sem compra,Não indústria
@realcontabil-al.com.br,42763782,"C4 XPRESS TRANSPORTE, LOGISTICA E ARMAZENAMENTO DE CARGAS LTDA","Transporte rodoviário de carga, exceto produtos perigosos e mudanças, intermunicipal, interestadual e internacional",Sem compra,Não indústria
@realcontabil-al.com.br,43229974,J W DE ARAUJO PINHEIRO LTDA,Comércio varejista de materiais de construção em geral,Sem compra,Não indústria
@realcontabil-al.com.br,43728100,BC MED HOSPITALAR LTDA,Comércio atacadista de medicamentos e drogas de uso humano,Sem compra,Não indústria
@realcontabil-al.com.br,43858938,RF MOBILIDADE EM TRANSITO LTDA,"Atividades de intermediação e agenciamento de serviços e negócios em geral, exceto imobiliários",Sem compra,Não indústria
@realcontabil-al.com.br,43886012,EB DISTRIBUICAO E REPRESENTACOES LTDA,Comércio varejista de produtos saneantes domissanitários,Sem compra,Não indústria
@realcontabil-al.com.br,44247860,BOMFIM DISTRIBUIDORA DE MATERIAL DE CONSTRUCAO LTDA,Comércio atacadista de materiais de construção em geral,Sem compra,Não indústria
@realcontabil-al.com.br,44489158,REALIZA DESENVOLVIMENTO PEDAGOGICO E TREINAMENTO DE PESSOAS LTDA,Treinamento em desenvolvimento profissional e gerencial,Sem compra,Não indústria
@realcontabil-al.com.br,44544729,TOPLED ILUMINACAO AUTOMOTIVA MACEIO LTDA,Comércio por atacado de peças e acessórios novos para veículos automotores,Sem compra,Não indústria
@realcontabil-al.com.br,44736687,TMS ATACAREJO LTDA,Comércio atacadista de produtos alimentícios em geral,Sem compra,Não indústria
@realcontabil-al.com.br,45060117,LV REPRESENTACAO E CORRETAGEM LTDA,"Representantes comerciais e agentes do comércio de combustíveis, minerais, produtos siderúrgicos e químicos",Sem compra,Não indústria
@realcontabil-al.com.br,45687051,AR TRADING IMPORTACAO E EXPORTACAO LTDA,Serviços combinados de escritório e apoio administrativo,Sem compra,Não indústria
@realcontabil-al.com.br,45919021,PET PREMIUM LTDA,Comércio varejista de animais vivos e de artigos e alimentos para animais de estimação,Sem compra,Não indústria
@realcontabil-al.com.br,46386609,J P DE GOES MAIA ARAUJO  LTDA,Comércio atacadista de artigos de escritório e de papelaria,Sem compra,Não indústria
@realcontabil-al.com.br,47430727,ALMEIDA E SOUZA AUTO PECAS LTDA,Comércio a varejo de peças e acessórios novos para veículos automotores,Sem compra,Não indústria
@realcontabil-al.com.br,47545838,ASSOCIACAO BENEFICENTE HOSPITAL SAGRADO CORACAO DE JESUS,Atividades de apoio à gestão de saúde,Sem compra,Não indústria
@realcontabil-al.com.br,48511328,J V ATACADAO LTDA,"Comércio varejista de mercadorias em geral, com predominância de produtos alimentícios - supermercados",Sem compra,Não indústria
@realcontabil-al.com.br,49795540,PRESTO BUFFET LTDA,Restaurantes e similares,Sem compra,Não indústria
@realcontabil-al.com.br,50308562,AQUARELA PAPELARIA LTDA,Comércio varejista de artigos de papelaria,Sem compra,Não indústria
@realcontabil-al.com.br,51501630,MONTECRISTO NEGOCIOS INTERNACIONAIS LTDA,"Atividades de intermediação e agenciamento de serviços e negócios em geral, exceto imobiliários",Sem compra,Não indústria
@realcontabil-al.com.br,52283591,"GT COMERCIAL, IMPORTACAO E EXPORTACAO LTDA","Comércio atacadista de bolsas, malas e artigos de viagem",Sem compra,Não indústria
@realcontabil-al.com.br,52384818,DHM COMERCIO E DEPARTAMENTOS GERAIS LTDA,"Comércio atacadista de mercadorias em geral, sem predominância de alimentos ou de insumos agropecuários",Sem compra,Não indústria
@realcontabil-al.com.br,52428466,DIVINO CAR LTDA,"Comércio a varejo de automóveis, camionetas e utilitários usados",Sem compra,Não indústria
@realcontabil-al.com.br,52646094,JAJA PRODUCOES LTDA,Produção musical,Sem compra,Não indústria
@realcontabil-al.com.br,52798570,OCEAN COMPANHIA DE COMERCIO LTDA,"Comércio atacadista de artigos de cama, mesa e banho",Sem compra,Não indústria
@realcontabil-al.com.br,53088777,AMARELINHA PAPELARIA BRINQUEDOS E PRESENTES LTDA,Comércio varejista especializado de equipamentos e suprimentos de informática,Sem compra,Não indústria
@realcontabil-al.com.br,53194173,MINASUL COMPANHIA GERAL DE PRODUTOS LTDA,Comércio por atacado de peças e acessórios novos para veículos automotores,Sem compra,Não indústria
@realcontabil-al.com.br,53387695,META SERVICOS AUTOMOTIVOS LTDA,Comércio a varejo de peças e acessórios novos para veículos automotores,Sem compra,Não indústria
@realcontabil-al.com.br,53536831,JLX COMERCIO DE PRODUTOS DIVERSOS E DISTRIBUICAO LTDA,Comércio atacadista de calçados,Sem compra,Não indústria
@realcontabil-al.com.br,53537482,YRD BRASIL COMERCIO E DISTRIBUICAO DE PRODUTOS LTDA,Comércio atacadista de bebidas com atividade de fracionamento e acondicionamento associada,Sem compra,Não indústria
@realcontabil-al.com.br,53537484,DINAMUS BRASIL COMERCIAL DE PRODUTOS EM GERAL LTDA,Comércio por atacado de peças e acessórios novos para veículos automotores,Sem compra,Não indústria
@realcontabil-al.com.br,53538983,CS-COMEX COMERCIO E DISTRIBUICAO LTDA,"Comércio atacadista de artigos do vestuário e acessórios, exceto profissionais e de segurança",Sem compra,Não indústria
@realcontabil-al.com.br,54320032,MARIA FERNANDA DOS SANTOS SILVA LTDA,Comércio varejista de móveis,Sem compra,Não indústria
@realcontabil-al.com.br,54340961,NOSSA COMPRA COMERCIO LTDA,"Comércio varejista de mercadorias em geral, com predominância de produtos alimentícios - supermercados",Sem compra,Não indústria
@realcontabil-al.com.br,54368322,ALFA KIDS LTDA,Educação infantil - creche,Sem compra,Não indústria
@realcontabil-al.com.br,54370901,ROCHA E LEITE LTDA,Treinamento em desenvolvimento profissional e gerencial,Sem compra,Não indústria
@realcontabil-al.com.br,54405138,CONVENIENCIA VIA NORTE LTDA,Comércio varejista de mercadorias em lojas de conveniência,Sem compra,Não indústria
@realcontabil-al.com.br,54409045,WWB COMERCIO E IMPORTACAO LTDA,Comércio atacadista de material elétrico,Sem compra,Não indústria
@realcontabil-al.com.br,54501153,J S VALE VERDE LTDA,Promoção de vendas,Sem compra,Não indústria
@realcontabil-al.com.br,54531826,LOKAL EMPREENDIMENTOS ADMINISTRADORA DE BENS LTDA,Gestão e administração da propriedade imobiliária,Sem compra,Não indústria
@realcontabil-al.com.br,54578686,VIRTHO COMERCIO E DISTRIBUICAO DE PRODUTOS EM GERAL LTDA,Comércio atacadista de equipamentos de informática,Sem compra,Não indústria
@realcontabil-al.com.br,54649738,MCZ PARMA LTDA,Restaurantes e similares,Sem compra,Não indústria
@realcontabil-al.com.br,55512348,CONTARI CONTABIL LTDA,Atividades de contabilidade,Sem compra,Não indústria
@realcontabil-al.com.br,55777893,"C4T TRANSPORTE, LOGISTICA E ARMAZENAMENTO DE CARGAS LTDA","Transporte rodoviário de carga, exceto produtos perigosos e mudanças, intermunicipal, interestadual e internacional",Sem compra,Não indústria
@realcontabil-al.com.br,55823638,SOMUS LTDA,Corretagem na compra e venda e avaliação de imóveis,Sem compra,Não indústria
@realcontabil-al.com.br,55844938,ADVANCE EMPREENDIMENTOS E PARTICIPACOES IMOBILIARIAS LTDA,Aluguel de imóveis próprios,Sem compra,Não indústria
@realcontabil-al.com.br,56067180,VNZ COMERCIO GERAL DE PRODUTOS LTDA,"Comércio atacadista de mercadorias em geral, sem predominância de alimentos ou de insumos agropecuários",Sem compra,Não indústria
@realcontabil-al.com.br,56419157,RPS REPRESENTACOES LTDA,"Representantes comerciais e agentes do comércio de medicamentos, cosméticos e produtos de perfumaria",Sem compra,Não indústria
@realcontabil-al.com.br,56873173,RSASSI COMERCIO DE VARIEDADES LTDA,"Comércio atacadista de mercadorias em geral, sem predominância de alimentos ou de insumos agropecuários",Sem compra,Não indústria
@realcontabil-al.com.br,56922860,PRIME-LOG ARMAZENS LOGISTICOS LTDA,Armazéns gerais - emissão de warrant,Sem compra,Não indústria
@realcontabil-al.com.br,56940351,MAXMI COMERCIO DE PRODUTOS E VARIEDADES LTDA,"Comércio atacadista de artigos do vestuário e acessórios, exceto profissionais e de segurança",Sem compra,Não indústria
@realcontabil-al.com.br,56947041,M8 COMERCIAL E DISTRIBUICAO DE PRODUTOS EM GERAL LTDA,Comércio atacadista de outros equipamentos e artigos de uso pessoal e doméstico não especificados anteriormente,Sem compra,Não indústria
@realcontabil-al.com.br,56961266,FECAHI COMERCIO E DISTRIBUICAO GLOBAL LTDA,Comércio por atacado de peças e acessórios novos para veículos automotores,Sem compra,Não indústria
@realcontabil-al.com.br,57410999,SOMAROY DISTRIBUICAO LTDA,Comércio atacadista de tecidos,Sem compra,Não indústria
@realcontabil-al.com.br,57411129,LEODOR COMERCIAL DE TECIDOS E CONFECCOES LTDA,Comércio atacadista de tecidos,Sem compra,Não indústria
@realcontabil-al.com.br,57443151,S S CAMPANA LTDA,"Representantes comerciais e agentes do comércio de medicamentos, cosméticos e produtos de perfumaria",Sem compra,Não indústria
@realcontabil-al.com.br,57624883,CDF COMERCIO DE PRODUTOS DE HIGIENE LTDA,"Comércio varejista de cosméticos, produtos de perfumaria e de higiene pessoal",Sem compra,Não indústria
@realcontabil-al.com.br,58591986,J M COMERCIO DE COMBUSTIVEIS LTDA,Comércio varejista de combustíveis para veículos automotores,Sem compra,Não indústria
@realcontabil-al.com.br,58937100,RAMLETRIC DISTRIBUIDORA LTDA,Comércio atacadista de material elétrico,Sem compra,Não indústria
@realcontabil-al.com.br,59061652,MARIA EDJANE DA COSTA CORREIA LTDA,Hotéis,Sem compra,Não indústria
@realcontabil-al.com.br,59524899,JNINTELLIGENCE SERVICOS LTDA,Consultoria em tecnologia da informação,Sem compra,Não indústria
@realcontabil-al.com.br,59705044,PERFUMARIA ARAPIRACA LTDA,"Comércio varejista de cosméticos, produtos de perfumaria e de higiene pessoal",Sem compra,Não indústria
@realcontabil-al.com.br,59897724,EXTRIAN COMERCIO E DISTRIBUICAO LTDA,"Comércio atacadista de artigos do vestuário e acessórios, exceto profissionais e de segurança",Sem compra,Não indústria
@realcontabil-al.com.br,59897761,TRIAZA TEXTIL LTDA,"Comércio atacadista de artigos de cama, mesa e banho",Sem compra,Não indústria
@realcontabil-al.com.br,59897783,PYRAMO DISTRIBUIDORA DE PRODUTOS TEXTEIS GERAL LTDA,"Comércio atacadista de artigos de cama, mesa e banho",Sem compra,Não indústria
@realcontabil-al.com.br,59901625,SPLENOR COMERCIAL ATACADISTA LTDA,Comércio atacadista de tecidos,Sem compra,Não indústria
@realcontabil-al.com.br,59906662,NUVANTI TECIDOS LTDA,Comércio atacadista de tecidos,Sem compra,Não indústria
@realcontabil-al.com.br,60005737,AGTEX IMPORTACOES LTDA,"Comércio atacadista de artigos do vestuário e acessórios, exceto profissionais e de segurança",Sem compra,Não indústria
@realcontabil-al.com.br,60111442,TFX COMERCIAL IMPORTADORA LTDA,Comércio atacadista de tecidos,Sem compra,Não indústria
@realcontabil-al.com.br,60339167,ALBA COMERCIO E DISTRIBUICAO LTDA,Comércio atacadista de tecidos,Sem compra,Não indústria
@realcontabil-al.com.br,60499554,MONDEGO COMERCIO E DISTRIBUICAO LTDA,Comércio atacadista de artigos de armarinho,Sem compra,Não indústria
@realcontabil-al.com.br,61116335,SABORES DO EMPORIO LTDA,Restaurantes e similares,Sem compra,Não indústria
@realcontabil-al.com.br,61244219,LINUS MACEIO LTDA,Comércio varejista de artigos do vestuário e acessórios,Sem compra,Não indústria
@realcontabil-al.com.br,61285195,J S F TERCEIRIZACOES LTDA,"Atividades de intermediação e agenciamento de serviços e negócios em geral, exceto imobiliários",Sem compra,Não indústria
@realcontabil-al.com.br,61503908,NELBER JATOBA IMOVEIS LTDA,Corretagem na compra e venda e avaliação de imóveis,Sem compra,Não indústria
@realcontabil-al.com.br,61549645,BOMBOM EXPRESS LTDA,"Comércio varejista de doces, balas, bombons e semelhantes",Sem compra,Não indústria
@realcontabil-al.com.br,61698071,COMERCIAL DIAS HORTIFRUTI LTDA,Comércio atacadista de produtos alimentícios em geral,Sem compra,Não indústria
@realcontabil-al.com.br,61865389,CONNECTIVE SOLUCOES EM COMERCIO EXTERIOR LTDA,"Atividades de consultoria em gestão empresarial, exceto consultoria técnica específica",Sem compra,Não indústria
@realcontabil-al.com.br,62076154,CLINICA DE VALORIZACAO DA VIDA LTDA,Atividades de psicologia e psicanálise,Sem compra,Não indústria
@realcontabil-al.com.br,62132065,SL INFINITY IMPORTACAO E EXPORTACAO LTDA,"Comércio atacadista de bolsas, malas e artigos de viagem",Sem compra,Não indústria
@realcontabil-al.com.br,62247363,LXR DISTRIBUIDORA LTDA,"Comércio atacadista de álcool carburante, biodiesel, gasolina e demais derivados de petróleo, exceto lubrificantes, não realizado por transportador re",Sem compra,Não indústria
@realcontabil-al.com.br,62401834,HANZOLL IMPORTACAO E EXPORTACAO LTDA,"Comércio atacadista de artigos do vestuário e acessórios, exceto profissionais e de segurança",Sem compra,Não indústria
@realcontabil-al.com.br,62867103,OXENTE LAVANDERIA MACEIO LTDA,Lavanderias,Sem compra,Não indústria
@realcontabil-al.com.br,62884126,LEMAKE IMPORTACAO E EXPORTACAO LTDA,"Comércio atacadista de artigos do vestuário e acessórios, exceto profissionais e de segurança",Sem compra,Não indústria
@realcontabil-al.com.br,62886854,VALMONT COMERCIO E DISTRIBUICAO LTDA,"Comércio atacadista de artigos de cama, mesa e banho",Sem compra,Não indústria
@realcontabil-al.com.br,62983063,S. A. LIMA COMERCIO DE SUPLEMENTOS LTDA,"Comércio varejista de mercadorias em geral, com predominância de produtos alimentícios - minimercados, mercearias e armazéns",Sem compra,Não indústria
@realcontabil-al.com.br,63236266,IZABELLA COOKIES LTDA,"Lanchonetes, casas de chá, de sucos e similares",Sem compra,Não indústria
@realcontabil-al.com.br,63264199,AMAR LTDA,Promoção de vendas,Sem compra,Não indústria
@realcontabil-al.com.br,63325865,MAVIE REPRESENTACOES LTDA,"Representantes comerciais e agentes do comércio de madeira, material de construção e ferragens",Sem compra,Não indústria
@realcontabil-al.com.br,63546821,BMC COMERCIO LTDA,"Comércio varejista de cosméticos, produtos de perfumaria e de higiene pessoal",Sem compra,Não indústria
@realcontabil-al.com.br,63586278,RX REPRESENTACOES LTDA,"Representantes comerciais e agentes do comércio de medicamentos, cosméticos e produtos de perfumaria",Sem compra,Não indústria
@realcontabil-al.com.br,63594765,ECO SYSTEM SOLUTIONS LTDA,"Aluguel de máquinas e equipamentos para construção sem operador, exceto andaimes",Sem compra,Não indústria
@realcontabil-al.com.br,64404013,MACLEAN LINS EXTRACAO LTDA,Industria extrativa,Sem compra,Indústria
@realcontabil-al.com.br,64692768,GOMIVA IMPORTACAO E EXPORTACAO LTDA,"Comércio atacadista de artigos do vestuário e acessórios, exceto profissionais e de segurança",Sem compra,Não indústria
@realcontabil-al.com.br,64728428,KM PNEUS COMERCIO E SERVICOS LTDA,Comercio e reparacao de veiculos,Sem compra,Indústria
@realcontabil-al.com.br,64782435,GATEBRIDGE SETTLE LTDA,Desenvolvimento de programas de computador sob encomenda,Sem compra,Não indústria
@realcontabil-al.com.br,64795342,SONAZA IMPORTACAO E EXPORTACAO LTDA,"Comércio atacadista de artigos do vestuário e acessórios, exceto profissionais e de segurança",Sem compra,Não indústria
@realcontabil-al.com.br,65471362,PADRONI EXPRESS LTDA,Restaurantes e similares,Sem compra,Não indústria
@realcontabil-al.com.br,65888602,GLOBAL TERCEIRIZACOES LTDA,"Atividades de intermediação e agenciamento de serviços e negócios em geral, exceto imobiliários",Sem compra,Não indústria
@realcontabil-al.com.br,65944700,LVB CORRETORA LTDA,"Representantes comerciais e agentes do comércio de combustíveis, minerais, produtos siderúrgicos e químicos",Sem compra,Não indústria
@realcontabil-al.com.br,66035633,PIZZOW LTDA,Restaurantes e similares,Sem compra,Não indústria
@realcontabil-al.com.br,66438610,PLANNING ALAGOAS LTDA,Atividades de contabilidade,Sem compra,Não indústria
@realcontabil-al.com.br,66798111,MTF PROMOCAO DE VENDAS LTDA,Promoção de vendas,Sem compra,Não indústria
@realcontabil-al.com.br,66900730,POWER SOLUCOES E EMPREENDIMENTOS LTDA,Gestão e administração da propriedade imobiliária,Sem compra,Não indústria
@realcontabil-al.com.br,67044472,P C A INDUSTRIA LTDA,Industria de transformacao,Sem compra,Indústria
@realcontabil-al.com.br,67215607,LONG TEXTIL LTDA,Comércio atacadista de tecidos,Sem compra,Não indústria
@redeaccioly.com.br,47783382,VERAO FRIOS LTDA,Industria de transformacao,Sem compra,Indústria
@redeaccioly.com.br,04757705,CYCOSA AUTOMOVEIS LTDA,"Comércio a varejo de automóveis, camionetas e utilitários novos",Sem compra,Não indústria
@redeaccioly.com.br,48928548,CYCOSA MOTORS LTDA,"Comércio a varejo de automóveis, camionetas e utilitários novos",Sem compra,Não indústria
@redeaccioly.com.br,64152596,CYCOSA AUTO CHINA LTDA,"Comércio a varejo de automóveis, camionetas e utilitários novos",Sem compra,Não indústria
@redeaccioly.com.br,67248170,GALBA ACCIOLY CONSTRUCAO E INCORPORACAO LTDA,Construcao,Sem compra,Indústria
@redealagoas.com.br,19306933,COSTA COMERCIO DE VEICULOS LTDA,"Comércio a varejo de automóveis, camionetas e utilitários novos",Ativo,Não indústria
@redealagoas.com.br,03930531,ROSA MOTORS LTDA,"Comércio a varejo de automóveis, camionetas e utilitários novos",Sem compra,Não indústria
@redealagoas.com.br,08461170,POSTO ATLANTIC CONFIANCA LTDA,Comércio varejista de combustíveis para veículos automotores,Sem compra,Não indústria
@redealagoas.com.br,12392171,MAVEL VEICULOS LTDA,"Comércio a varejo de automóveis, camionetas e utilitários novos",Sem compra,Não indústria
@redealagoas.com.br,12396339,DISTRIBUIDORA DE VEICULOS CONFIANCA LIMITADA,Comércio varejista de combustíveis para veículos automotores,Sem compra,Não indústria
@redealagoas.com.br,19915700,CYCOSA IMPORT COMERCIO DE AUTOMOVEIS LTDA,"Comércio a varejo de automóveis, camionetas e utilitários novos",Sem compra,Não indústria
@redealagoas.com.br,23065557,RODRIGUES COMERCIO VAREJISTA DE AUTOMOVEIS LTDA,"Comércio a varejo de automóveis, camionetas e utilitários novos",Sem compra,Não indústria
@redealagoas.com.br,26173523,HOTEIS CONFIANCA LTDA,Hotéis,Sem compra,Não indústria
@redealagoas.com.br,29830512,ADCONT ASSESSORIA CONTABIL LTDA,Atividades de contabilidade,Sem compra,Não indústria
@replast.ind.br,01334368,ULTRAPLAST IND.E COM.DE SACOLAS PLASTICAS LTDA,Industria de transformacao,Ativo,Indústria
@replast.ind.br,08840340,REPLAST INDUSTRIA E COMERCIO LTDA,Industria de transformacao,Ativo,Indústria
@replast.ind.br,24166316,IPLAC INDUSTRIA PLASTICA CAETES LTDA,Industria de transformacao,Ativo,Indústria
@replast.ind.br,19485388,ULTRA SERVICOS DE TRANSPORTES LTDA,"Transporte rodoviário de carga, exceto produtos perigosos e mudanças, intermunicipal, interestadual e internacional",Ativo,Não indústria
@replast.ind.br,43639775,AUTO POSTO ULTRA LTDA,Comércio varejista de combustíveis para veículos automotores,Ativo,Não indústria
@rfcontabilidade.com.br,63432565,PIRANHAS 01 SPE EMPREENDIMENTO IMOBILIARIO LTDA,Construcao,Sem compra,Indústria
@rfcontabilidade.com.br,64272150,BARCELOS INCORPORACAO E INVESTIMENTOS SPE LTDA,Construcao,Sem compra,Indústria
@rfcontabilidade.com.br,60887948,SAO MIGUEL LOTEADORA SPE LTDA,Construcao,Sem compra,Indústria
@rfcontabilidade.com.br,14432763,INTERLIGACAO ELETRICA GARANHUNS S/A,Eletricidade e gas,Sem compra,Indústria
@rfcontabilidade.com.br,07717166,RF CONTABILIDADE - GESTAO E CONSULTORIA LTDA,Atividades de contabilidade,Sem compra,Não indústria
@rfcontabilidade.com.br,64857670,ESCOVARIA MACEIO - UNIDADE JATIUCA LTDA,"Cabeleireiros, manicure e pedicure",Sem compra,Não indústria
@rfcontabilidade.com.br,65906386,LAGOA SUL INCORPORACOES SPE LTDA,Construcao,Sem compra,Indústria
@rfcontabilidade.com.br,67644819,RESERVA TEKOHA SPE LTDA,Compra e venda de imóveis próprios,Sem compra,Não indústria
@rhcontabil.com.br,17399960,CORBOTI TECNOLOGIA LTDA,Industria de transformacao,Sem compra,Indústria
@rhcontabil.com.br,57458695,ASSOCIACAO DE CATADORES DE MATERIAS RECICLAVEIS E REUTILIZAVEIS DE BRANQUINHA,"Agua, esgoto e residuos",Sem compra,Indústria
@rhcontabil.com.br,15478297,INFRA NORDESTE LTDA,Industria de transformacao,Sem compra,Indústria
@rhcontabil.com.br,41836060,GAVAMA CONSTRUCOES LTDA,Construcao,Sem compra,Indústria
@rhcontabil.com.br,02958789,F S D CONSTRUCOES & ENGENHARIA LTDA,Construcao,Sem compra,Indústria
@rhcontabil.com.br,13411163,PETROSALL BRASIL LTDA,Industria de transformacao,Sem compra,Indústria
@rhcontabil.com.br,18041636,LABOR COMERCIO DE PRODUTOS EM GERAL LTDA,Comércio varejista de produtos alimentícios em geral ou especializado em produtos alimentícios não especificados anteriormente,Sem compra,Não indústria
@rhcontabil.com.br,24391087,BUDEGA DO ZITO RESTAURANTE LTDA,Restaurantes e similares,Sem compra,Não indústria
@rhcontabil.com.br,27774189,R D  EMPREENDIMENTOS IMOBILIARIOS LTDA,Gestão e administração da propriedade imobiliária,Sem compra,Não indústria
@rhcontabil.com.br,54948158,RH SERVICOS DE CONTABILIDADE LTDA,Atividades de contabilidade,Sem compra,Não indústria
@rhcontabil.com.br,55320870,VELOC MAQUINAS E TRANSPORTE LTDA,Locação de automóveis sem condutor,Sem compra,Não indústria
@rhcontabil.com.br,58388287,ABBA PARTICIPACOES LTDA,"Atividades de intermediação e agenciamento de serviços e negócios em geral, exceto imobiliários",Sem compra,Não indústria
@rhcontabil.com.br,59006268,GOLDEN STONES COMERCIO IMPORTACOES E EXPORTACOES LTDA,"Comércio atacadista de couros, lãs, peles e outros subprodutos não-comestíveis de origem animal",Sem compra,Não indústria
@rhcontabil.com.br,62312022,TORK TRANSPORTE E LOCACOES LTDA,Locação de automóveis sem condutor,Sem compra,Não indústria
@rodoap.com.br,16416270,SMC LTDA,Industria de transformacao,Sem compra,Indústria
@rodoap.com.br,54885220,S R M COSTA,Industria de transformacao,Sem compra,Indústria
@rodoap.com.br,03582106,RODOAL IMPLEMENTOS RODOVIARIOS LTDA,"Outras atividades profissionais, científicas e técnicas não especificadas anteriormente",Sem compra,Não indústria
@rodoap.com.br,09505484,H I MECANIZACAO E TRANSPORTE LTDA,"Atividades de intermediação e agenciamento de serviços e negócios em geral, exceto imobiliários",Sem compra,Não indústria
@rodoap.com.br,30329782,RODOAP AGRICOLA LTDA,Cultivo de cana-de-açúcar,Sem compra,Não indústria
@rodoap.com.br,57010331,RODOAP MAQUINAS E EQUIPAMENTOS LTDA,"Comércio atacadista de máquinas, equipamentos para terraplenagem, mineração e construção; partes e peças",Sem compra,Não indústria
@rodoap.com.br,59540933,RODOAGRO LTDA,Cultivo de cana-de-açúcar,Sem compra,Não indústria
@rodoap.com.br,63775470,RODOMAQUINAS LTDA,"Comércio atacadista de máquinas, equipamentos para terraplenagem, mineração e construção; partes e peças",Sem compra,Não indústria
@rodrigonascimento.cnt.br,50405341,MABI SOLUCOES AMBIENTAIS E ENGENHARIA LTDA,Construcao,Sem compra,Indústria
@rodrigonascimento.cnt.br,59049333,BIOTA INDUSTRIA DE BIOTECNOLOGIA LTDA,Industria de transformacao,Sem compra,Indústria
@rodrigonascimento.cnt.br,30403848,PREVENERGY ENGENHARIA LTDA,Construcao,Sem compra,Indústria
@rodrigonascimento.cnt.br,37257635,IGOR F DANTAS SILVA,Atividades profissionais e tecnicas,Sem compra,Indústria
@rodrigonascimento.cnt.br,40940232,JG ARMACAO LTDA,Industria de transformacao,Sem compra,Indústria
@rodrigonascimento.cnt.br,44626904,VILLA SATU INCORPORACOES SPE LTDA,Construcao,Sem compra,Indústria
@rodrigonascimento.cnt.br,46254671,FS CONSTRUCOES LTDA,Construcao,Sem compra,Indústria
@rodrigonascimento.cnt.br,46536411,ECHOSS SISTEMAS AMBIENTAIS LTDA,"Agua, esgoto e residuos",Sem compra,Indústria
@rodrigonascimento.cnt.br,47345139,JVM ENGENHARIA LTDA,Atividades profissionais e tecnicas,Sem compra,Indústria
@rodrigonascimento.cnt.br,69974632,ARARAS CONSTRUCOES LTDA,Construcao,Sem compra,Indústria
@rodrigonascimento.cnt.br,46745293,NORTNOVA LTDA,"Aluguel de outras máquinas e equipamentos comerciais e industriais não especificados anteriormente, sem operador",Sem compra,Não indústria
@rodrigonascimento.cnt.br,60746965,AGORADOC SAUDE E TECNOLOGIA LTDA,Atividades de teleatendimento,Sem compra,Não indústria
@rodrigonascimento.cnt.br,61255798,RETTROSCAVE TERRAPLANAGEM LTDA,Construcao,Sem compra,Indústria
@rodrigonascimento.cnt.br,61344553,GREGORIO AGROPECUARIA LTDA,Compra e venda de imóveis próprios,Sem compra,Não indústria
@rscontabilizando.cnt.br,56006215,BRV+ INVESTIMENTOS IMOBILIARIOS LTDA,Construcao,Sem compra,Indústria
@rscontabilizando.cnt.br,50835580,TBS TERRAPLANAGENS LTDA,Construcao,Sem compra,Indústria
@rscontabilizando.cnt.br,51364924,B. S. DE FARIAS CONSTRUTORA LTDA,Construcao,Sem compra,Indústria
@rscontabilizando.cnt.br,36203960,JHULIA VISE VALERIANO MORAIS LTDA,Industria de transformacao,Sem compra,Indústria
@rscontabilizando.cnt.br,49905440,KEW VEICULOS LTDA,"Comércio a varejo de automóveis, camionetas e utilitários usados",Sem compra,Não indústria
@rscontabilizando.cnt.br,50685752,JCP PROJETOS EDUCACIONAIS E CONSULTORIA LTDA,"Atividades de consultoria em gestão empresarial, exceto consultoria técnica específica",Sem compra,Não indústria
@rscontabilizando.cnt.br,51569506,AUTOMOCAR VEICULOS LTDA,"Comércio a varejo de automóveis, camionetas e utilitários usados",Sem compra,Não indústria
@rscontabilizando.cnt.br,52796449,SOLUCOES MOTORS LTDA,Preparação de documentos e serviços especializados de apoio administrativo não especificados anteriormente,Sem compra,Não indústria
@rscontabilizando.cnt.br,54138876,R.E.S. GOES IMOVEIS LTDA,Corretagem na compra e venda e avaliação de imóveis,Sem compra,Não indústria
@rscontabilizando.cnt.br,54561529,FS SANTOS COMERCIO LTDA,"Comércio varejista de mercadorias em geral, com predominância de produtos alimentícios - minimercados, mercearias e armazéns",Sem compra,Não indústria
@rscontabilizando.cnt.br,54922001,GT VEICULOS ARAPIRACA LTDA,"Comércio a varejo de automóveis, camionetas e utilitários usados",Sem compra,Não indústria
@rscontabilizando.cnt.br,55009739,R S SANTOS VEICULOS LTDA,"Comércio a varejo de automóveis, camionetas e utilitários usados",Sem compra,Não indústria
@rscontabilizando.cnt.br,55195830,IDEAL CAR LTDA,"Comércio a varejo de automóveis, camionetas e utilitários usados",Sem compra,Não indústria
@rscontabilizando.cnt.br,56962502,NORCEL - NORDESTE REPRESENTACOES E CONSULTORIA LTDA,"Representantes comerciais e agentes do comércio de jornais, revistas e outras publicações",Sem compra,Não indústria
@rscontabilizando.cnt.br,59348762,FR SERVICOS DA INFORMATICA LTDA,"Suporte técnico, manutenção e outros serviços em tecnologia da informação",Sem compra,Não indústria
@rscontabilizando.cnt.br,59427806,RD DAMACENO NUTRICIONISTA LTDA,Atividades de profissionais da nutrição,Sem compra,Não indústria
@rscontabilizando.cnt.br,59699846,EMERY STORE LTDA,Comércio varejista de artigos do vestuário e acessórios,Sem compra,Não indústria
@sancoengenharia.com.br,01393074,SANCO ENGENHARIA LTDA,Construcao,Ativo,Indústria
@sancoengenharia.com.br,36010065,SANCO ENGENHARIA - SCP VILAS DO MUNDAU,Construcao,Sem compra,Indústria
@sancoengenharia.com.br,36515334,SANCO ENGENHARIA EIRELI- SCP RESID. VISTA BELA II,Construcao,Sem compra,Indústria
@sancoengenharia.com.br,36753211,SANCO ENGENHARIA EIRELI- SCP REVITALIZACAO URBANA CLIMA BOM,Construcao,Sem compra,Indústria
@sancoengenharia.com.br,39424597,SANCO ENGENHARIA - SCP NOVO BAIRRO,Construcao,Sem compra,Indústria
@sancoengenharia.com.br,46196815,SANCO ENGENHARIA EIRELI- SCP RESERVA AYSU,Construcao,Sem compra,Indústria
@sancoengenharia.com.br,47456585,SANCO ENGENHARIA - SCP CONSORCIO METROPOLITANO,Construcao,Sem compra,Indústria
@sancoengenharia.com.br,51056476,SOLIDA ENGENHARIA LTDA- SCP CASAS GARANHUNS,Construcao,Sem compra,Indústria
@sancoengenharia.com.br,54477911,CONSORCIO PMCMV MACEIO,Construcao,Sem compra,Indústria
@sancoengenharia.com.br,56943044,SANCO ENGENHARIA LTDA - SCP COMUNIDADE DO S,Construcao,Sem compra,Indústria
@sancoengenharia.com.br,56943721,SANCO ENGENHARIA LTDA - SCP PMCMV PENEDO,Construcao,Sem compra,Indústria
@sancoengenharia.com.br,57641277,SANCO ENGENHARIA LTDA - PMCMV PALMEIRA DOS INDIOS SCP,Construcao,Sem compra,Indústria
@sancoengenharia.com.br,58374421,JATIUCA EMPREENDIMENTO IMOBILIARIO SPE LTDA,Construcao,Sem compra,Indústria
@sancoengenharia.com.br,62464130,SANCO ENGENHARIA LTDA- SCP PMCMV RESIDENCIAL VIVER,Construcao,Sem compra,Indústria
@sancoengenharia.com.br,63462181,SANCO ENGENHARIA LTDA- ENGENHO DO MEIO SCP,Construcao,Sem compra,Indústria
@sccontabilidadeal.com.br,13050883,F M L DA SILVA REFRIGERACAO E CLIMATIZACAO DE AMBIENTES,Construcao,Sem compra,Indústria
@sccontabilidadeal.com.br,50099079,S ALOISIO G DOS SANTOS,Industria de transformacao,Sem compra,Indústria
@sccontabilidadeal.com.br,50276850,C DOS SANTOS AUTOMACAO E MANUTENCAO,Industria de transformacao,Sem compra,Indústria
@sccontabilidadeal.com.br,51573700,PORTOES E CIA LTDA,Industria de transformacao,Sem compra,Indústria
@sccontabilidadeal.com.br,52109800,JW CONSTRUTORA LTDA,Construcao,Sem compra,Indústria
@sccontabilidadeal.com.br,55312157,MIX MANUTENCAO E TREINAMENTOS LTDA,Industria de transformacao,Sem compra,Indústria
@sccontabilidadeal.com.br,55910535,EDUARDO OLIVEIRA DUARTE CLIMATIZACAO E EXAUSTAO DE AMBIENTES E MANUTENCAO,Construcao,Sem compra,Indústria
@sccontabilidadeal.com.br,56305052,EBS CALDEIRARIA E VASOS DE PRESSAO LTDA,Industria de transformacao,Sem compra,Indústria
@sccontabilidadeal.com.br,28491253,A DE LYRA CARVALHO VEIGA OPTICA LTDA,Comércio varejista de artigos de óptica,Sem compra,Não indústria
@sccontabilidadeal.com.br,52713361,GEOTERRA SERVICOS LTDA,"Serviços de cartografia, topografia e geodésia",Sem compra,Não indústria
@sccontabilidadeal.com.br,58549252,SUPERMERCADO AVENIDA CENTER LTDA,"Comércio varejista de mercadorias em geral, com predominância de produtos alimentícios - supermercados",Sem compra,Não indústria
@sereducacional.com,04986320,SER EDUCACIONAL S.A.,Educação superior - graduação e pós-graduação,Sem compra,Não indústria
@sereducacional.com,07166553,CENTRO DE EDUCACAO PROFISSIONAL BJ LTDA,Educação profissional de nível técnico,Sem compra,Não indústria
@sereducacional.com,08866479,SERMED - MEDICINA HUMANA & VETERINARIA LTDA,Atividades de fisioterapia,Sem compra,Não indústria
@sereducacional.com,11166100,CENTRO DE EDUCACAO CONTINUADA MAURICIO DE NASSAU LTDA,Educação superior - pós-graduação e extensão,Sem compra,Não indústria
@sereducacional.com,18111084,PET SHOP KERO KOLO LTDA,Comércio varejista de medicamentos veterinários,Sem compra,Não indústria
@sereducacional.com,27918589,HOSPITAL VETERINARIO DOK LTDA,Atividades veterinárias,Sem compra,Não indústria
@shoppingcontabil.com.br,05913401,ACENDER ENGENHARIA LTDA EM RECUPERACAO JUDICIAL,Atividades profissionais e tecnicas,Ativo,Indústria
@shoppingcontabil.com.br,08789800,CAD SOLUCOES EM ENGENHARIA LTDA,Construcao,Ativo,Indústria
@shoppingcontabil.com.br,09358384,ALEPLAST COMERCIO DE PRODUTOS DESCARTAVEIS LTDA,Comércio varejista de outros produtos não especificados anteriormente,Ativo,Não indústria
@shoppingcontabil.com.br,28978618,IRMAOS COSTAS LTDA,Comércio varejista de produtos alimentícios em geral ou especializado em produtos alimentícios não especificados anteriormente,Ativo,Não indústria
@shoppingcontabil.com.br,40954597,F M SERVICOS LTDA,Serviços combinados de escritório e apoio administrativo,Ativo,Não indústria
@shoppingcontabil.com.br,11139332,PREMIUM HOSPITALITY LTDA,Hotéis,Inativo,Não indústria
@shoppingcontabil.com.br,20555023,A B LOCACAO DE VEICULOS LTDA,Comercio e reparacao de veiculos,Sem compra,Indústria
@shoppingcontabil.com.br,01315754,GRAMFIX COMERCIO LTDA,"Comércio atacadista de produtos de higiene, limpeza e conservação domiciliar",Sem compra,Não indústria
@shoppingcontabil.com.br,03096787,WCM COMERCIO DE ALIMENTOS LTDA,Restaurantes e similares,Sem compra,Não indústria
@shoppingcontabil.com.br,03696048,MADEIRA CENTER LTDA,Comércio varejista de materiais de construção em geral,Sem compra,Não indústria
@shoppingcontabil.com.br,05607850,PB SERVICOS LTDA,Locação de automóveis sem condutor,Sem compra,Não indústria
@shoppingcontabil.com.br,07415351,SHOPPING CONTABIL S/S LTDA,Atividades de contabilidade,Sem compra,Não indústria
@shoppingcontabil.com.br,08718955,AILTON BARBOSA LIRA & CIA LTDA,Comercio varejista de artigos de armarinho,Sem compra,Não indústria
@shoppingcontabil.com.br,12501029,VALDOMILTON & CIA LTDA,"Comércio varejista de mercadorias em geral, com predominância de produtos alimentícios - minimercados, mercearias e armazéns",Sem compra,Não indústria
@shoppingcontabil.com.br,17464294,BMH DISTRIBUICAO E LOGISTICA LTDA,Comércio atacadista de produtos alimentícios em geral,Sem compra,Não indústria
@shoppingcontabil.com.br,18767124,K L S COMERCIO DE EQUIPAMENTOS DE INFORMATICA LTDA,Comércio varejista especializado de equipamentos e suprimentos de informática,Sem compra,Não indústria
@shoppingcontabil.com.br,21263797,J C M ALUGUEIS DE IMOVEIS LTDA,Aluguel de imóveis próprios,Sem compra,Não indústria
@shoppingcontabil.com.br,26689902,DISTRIMEDIC DISTRIBUIDORA DE PRODUTOS FARMACEUTICOS LTDA,Comércio atacadista de medicamentos e drogas de uso humano,Sem compra,Não indústria
@shoppingcontabil.com.br,27059038,IMOBILITA IMOBILIARIA EMPREENDIMENTOS E PARTICIPACOES LTDA,Compra e venda de imóveis próprios,Sem compra,Não indústria
@shoppingcontabil.com.br,29295287,ALBUQUERQUE DISTRIBUIDORA DE ALIMENTOS LTDA,Comércio atacadista de embalagens,Sem compra,Não indústria
@shoppingcontabil.com.br,30862487,CENTRO OFTALMOLOGICO FOCUS LTDA,"Atividades de atendimento hospitalar, exceto pronto-socorro e unidades para atendimento a urgências",Sem compra,Não indústria
@shoppingcontabil.com.br,35722347,ALBUQUERQUE E VITAL LOCACAO DE VEICULOS LTDA,Agências de viagens,Sem compra,Não indústria
@shoppingcontabil.com.br,35722974,SUPRIFITAS LTDA,Comércio varejista especializado de equipamentos e suprimentos de informática,Sem compra,Não indústria
@shoppingcontabil.com.br,45722070,VALDEANO E CIA LTDA,"Comércio varejista de mercadorias em geral, com predominância de produtos alimentícios - minimercados, mercearias e armazéns",Sem compra,Não indústria
@shoppingcontabil.com.br,48646909,AGROPECUARIA VALE DO INAJA LTDA,Aluguel de imóveis próprios,Sem compra,Não indústria
@shoppingcontabil.com.br,54845186,ALIANCA DISTRIBUICAO IMPORT E EXPORTACAO DE ALIMENTOS LTDA,"Comércio atacadista de produtos de higiene, limpeza e conservação domiciliar",Sem compra,Não indústria
@shoppingcontabil.com.br,57740676,DISTRIBUIDORA DE ALIMENTOS AMIGAO LTDA,Comércio atacadista de produtos alimentícios em geral,Sem compra,Não indústria
@shoppingcontabil.com.br,61279658,BRL AVIATION LTDA,Outras atividades de serviços prestados principalmente às empresas não especificadas anteriormente,Sem compra,Não indústria
@shoppingcontabil.com.br,63215972,META PARTICIPACOES LTDA,Aluguel de imóveis próprios,Sem compra,Não indústria
@shoppingcontabil.com.br,63310367,TMC LOGISTICA LTDA,"Transporte rodoviário de carga, exceto produtos perigosos e mudanças, intermunicipal, interestadual e internacional",Sem compra,Não indústria
@shoppingcontabil.com.br,64869223,APA PARTICIPACOES LTDA,Aluguel de imóveis próprios,Sem compra,Não indústria
@superig.com.br,13384644,RESIDENCIAL NOVO JARDIM SPE LTDA,Construcao,Sem compra,Indústria
@superig.com.br,15640215,EMPREENDIMENTO IMOBILIARIO INFINITY COAST SPE LTDA - EM RECUPERACAO JUDICIAL,Construcao,Sem compra,Indústria
@superig.com.br,15640226,EMPREENDIMENTO IMOBILIARIO IB GATTO SPE LTDA - EM RECUPERACAO JUDICIAL,Construcao,Sem compra,Indústria
@superig.com.br,15640269,EMPREENDIMENTO IMOBILIARIO SAINT LOUIS SPE LTDA - EM RECUPERACAO JUDICIAL,Construcao,Sem compra,Indústria
@superig.com.br,18843075,EMPREENDIMENTOS IMOBILIARIOS GUAXUMA PARK SPE LTDA,Construcao,Sem compra,Indústria
@superig.com.br,04101517,SHUPS INDUSTRIA E COMERCIO DE CONGELADOS LTDA,Industria de transformacao,Sem compra,Indústria
@superig.com.br,13543151,UNICARGO IMPLEMENTOS RODOVIARIOS LTDA,Industria de transformacao,Sem compra,Indústria
@superig.com.br,08880902,JC RETIFICA PECAS E SERVICOS LTDA,Industria de transformacao,Sem compra,Indústria
@superig.com.br,09144115,D N CANDIDO LOCACOES E CONSTRUCOES,Atividades administrativas e servicos,Sem compra,Indústria
@superig.com.br,35553627,LARCON CONSTRUCOES LTDA,Construcao,Sem compra,Indústria
@superig.com.br,08893456,TRIPLEX EMPREENDIMENTOS E PARTICIPACOES LTDA,Compra e venda de imóveis próprios,Sem compra,Não indústria
@superig.com.br,13277560,MICHAELLO COMERCIO DISTRIBUICAO E REPRESENTACOES LTDA,"Aluguel de máquinas e equipamentos para construção sem operador, exceto andaimes",Sem compra,Não indústria
@taboadanegocios.com,49770750,DUO LOCACAO E ADMINISTRACAO LTDA,Construcao,Ativo,Indústria
@taboadanegocios.com,41516702,ANGATU EMPREENDIMENTO IMOBILIARIO SPE LTDA,Construcao,Inativo,Indústria
@taboadanegocios.com,46648264,BOUTIQUE EMPREENDIMENTO IMOBILIARIOS SPE LTDA,Construcao,Sem compra,Indústria
@taboadanegocios.com,53031122,SCP VILLA SAPE,Construcao,Sem compra,Indústria
@taboadanegocios.com,23191821,DUO CRISTAIS COMERCIO DE ACESSORIOS LTDA,Comércio varejista de artigos de relojoaria,Sem compra,Não indústria
@taticacontabil.com.br,18843320,QUINTINO E FIGUEIRA CONSULTORIA E SERVICOS DE ENGENHARIA LTDA,Atividades profissionais e tecnicas,Sem compra,Indústria
@taticacontabil.com.br,22892165,BANDOLI E COX COMERCIO DE ARTIGOS DO VESTUARIO LTDA,Industria de transformacao,Sem compra,Indústria
@taticacontabil.com.br,01109097,GENESIS ADMINISTRADORA DE IMOVEIS LTDA,"Atividades de consultoria em gestão empresarial, exceto consultoria técnica específica",Sem compra,Não indústria
@taticacontabil.com.br,18561986,BETTAS CURSOS PARA CONCURSOS E TREINAMENTOS LTDA,Treinamento em desenvolvimento profissional e gerencial,Sem compra,Não indústria
@taticacontabil.com.br,19218550,BARROS E TENORIO RESTAURANTE LTDA,Restaurantes e similares,Sem compra,Não indústria
@taticacontabil.com.br,19251436,LEONARDO COX PEIXOTO  LTDA,Design de interiores,Sem compra,Não indústria
@taticacontabilidade.com,45882038,PROJETO IMOBILIARIO ITA HOTI SPE LTDA.,Construcao,Ativo,Indústria
@taticacontabilidade.com,01352783,R. LINS ENGENHARIA LTDA,Construcao,Inativo,Indústria
@taticacontabilidade.com,06993961,AMARAL E BRAGA COMERCIO DE CONFECCOES LTDA,Industria de transformacao,Inativo,Indústria
@taticacontabilidade.com,05916422,VIVENDI EMPREENDIMENTOS LTDA.,Construcao,Sem compra,Indústria
@taticacontabilidade.com,14024216,VSA EMPREENDIMENTO IMOBILIARIO SPE LTDA,Construcao,Sem compra,Indústria
@taticacontabilidade.com,15330181,VM EMPREENDIMENTO IMOBILIARIO SPE LTDA,Construcao,Sem compra,Indústria
@taticacontabilidade.com,20443541,ALAMEDA EMPREENDIMENTO IMOBILIARIO SPE LTDA,Construcao,Sem compra,Indústria
@taticacontabilidade.com,41005127,"VDIP EMPREENDIMENTOS IMOBILIARIOS, CONTRUCOES E NEGOCIOS LTDA SCP",Construcao,Sem compra,Indústria
@taticacontabilidade.com,50199643,MACEDO E COX LTDA,Construcao,Sem compra,Indústria
@taticacontabilidade.com,16731443,OLIVAN B. DE LIMA,Construcao,Sem compra,Indústria
@taticacontabilidade.com,18326502,EXECUT CONSTRUCOES LTDA,Construcao,Sem compra,Indústria
@taticacontabilidade.com,04068582,RGA ENGENHARIA LTDA,Construcao,Sem compra,Indústria
@taticacontabilidade.com,18067927,DF PIMENTEL LTDA,Industria de transformacao,Sem compra,Indústria
@taticacontabilidade.com,20644890,EDSON R SIMOES CAVALCANTI CONSTRUCOES,Atividades profissionais e tecnicas,Sem compra,Indústria
@taticacontabilidade.com,30789557,ELN DE FRANCA COSTA,Atividades profissionais e tecnicas,Sem compra,Indústria
@taticacontabilidade.com,33836027,BLACK BROWNIE BB LTDA,Industria de transformacao,Sem compra,Indústria
@taticacontabilidade.com,09617945,CENTRO DE NATACAO DE ALAGOAS LTDA,Atividades de condicionamento físico,Sem compra,Não indústria
@taticacontabilidade.com,09635759,COOPERATIVA DOS NEUROCIRURGIOES DO ESTADO DE ALAGOAS LTDA,Outras atividades de atenção à saúde humana não especificadas anteriormente,Sem compra,Não indústria
@taticacontabilidade.com,10822479,IET-EMPREENDIMENTOS TURISTICOS LTDA,Hotéis,Sem compra,Não indústria
@taticacontabilidade.com,10929397,NEUROAL NEUROCIRURGIOES ASSOCIADOS DE ALAGOAS S/S LTDA,Atividade médica ambulatorial com recursos para realização de exames complementares,Sem compra,Não indústria
@taticacontabilidade.com,11339480,RESIDENCIA CURSOS LTDA,Educação superior - graduação,Sem compra,Não indústria
@taticacontabilidade.com,17823190,PONTALINHO PARTICIPACOES LTDA,Serviços combinados de escritório e apoio administrativo,Sem compra,Não indústria
@taticacontabilidade.com,20228988,INSTITUTO NOVA EDUCACAO ALAGOAS LTDA,Educação infantil - pré-escola,Sem compra,Não indústria
@taticacontabilidade.com,20708261,MUNDAU SERVICOS MEDICOS LTDA,Atividade médica ambulatorial com recursos para realização de procedimentos cirúrgicos,Sem compra,Não indústria
@taticacontabilidade.com,20728683,VALE DO IGUAPE LTDA,Gestão e administração da propriedade imobiliária,Sem compra,Não indústria
@taticacontabilidade.com,24262445,AFETO CLINICA DE FERTILIDADE E MEDICINA FETAL LTDA,Atividade médica ambulatorial com recursos para realização de exames complementares,Sem compra,Não indústria
@taticacontabilidade.com,24847986,THEOTONIO E ROCHA SERVICOS MEDICOS LTDA,Atividade médica ambulatorial com recursos para realização de exames complementares,Sem compra,Não indústria
@taticacontabilidade.com,25298840,CAVALCANTE E CAVALCANTE CLINICA DE PSICOLOGIA E EMPRESARIAL LTDA,Atividades de psicologia e psicanálise,Sem compra,Não indústria
@taticacontabilidade.com,26287558,RITA CONCILIA DO NASCIMENTO G. XAVIER,Atividade médica ambulatorial com recursos para realização de procedimentos cirúrgicos,Sem compra,Não indústria
@taticacontabilidade.com,26850585,RM3 PARTICIPACOES LTDA,Aluguel de imóveis próprios,Sem compra,Não indústria
@taticacontabilidade.com,27390852,VITA CLINICA DE PSICOLOGIA LTDA,Atividades de psicologia e psicanálise,Sem compra,Não indústria
@taticacontabilidade.com,27942287,INSTITUTO BRUNO MONTENEGRO LTDA,Atividade médica ambulatorial restrita a consultas,Sem compra,Não indústria
@taticacontabilidade.com,28354133,INSTITUTO DO CEREBRO E DA COLUNA LTDA,Atividade médica ambulatorial com recursos para realização de exames complementares,Sem compra,Não indústria
@taticacontabilidade.com,29069286,PET CURIOSO CLINICA E PET SHOP LTDA,Atividades veterinárias,Sem compra,Não indústria
@taticacontabilidade.com,31421418,GO FAMILY FERIAS INTELIGENTES LTDA,Serviços de reservas e outros serviços de turismo não especificados anteriormente,Sem compra,Não indústria
@taticacontabilidade.com,31885761,CASADO E LUCENA SERVICOS DE ESTETICA LTDA,"Cabeleireiros, manicure e pedicure",Sem compra,Não indústria
@taticacontabilidade.com,32097769,MILKLE PESSOA & CO. LTDA,Atividade odontológica,Sem compra,Não indústria
@taticacontabilidade.com,32541481,M F SERVICOS DE APOIO A GESTAO LTDA,Atividades de apoio à gestão de saúde,Sem compra,Não indústria
@taticacontabilidade.com,32888488,BUCO MAXILO ALAGOAS LTDA,Atividade odontológica,Sem compra,Não indústria
@taticacontabilidade.com,33704464,LUDOVICO E SILVA SERVICOS DE INTERMEDIACAO E NEGOCIOS EM GERAL LTDA,"Atividades de intermediação e agenciamento de serviços e negócios em geral, exceto imobiliários",Sem compra,Não indústria
@taticacontabilidade.com,34513802,MARIO DA SILVA LIMA FILHO LTDA,Hotéis,Sem compra,Não indústria
@taticacontabilidade.com,34862554,F.AZ EDUCACAO E GESTAO DE NEGOCIOS LTDA,Treinamento em desenvolvimento profissional e gerencial,Sem compra,Não indústria
@taticacontabilidade.com,35565902,LA LINGE COMERCIO E REPRESENTACOES LTDA,Outras atividades de serviços prestados principalmente às empresas não especificadas anteriormente,Sem compra,Não indústria
@taticacontabilidade.com,35670065,FIREMAN & PORTO REPRESENTACAO COMERCIAL E CONSULTORIA LTDA,"Representantes comerciais e agentes do comércio de medicamentos, cosméticos e produtos de perfumaria",Sem compra,Não indústria
@taticacontabilidade.com,37743575,ALENCAR E RAMOS SERVICOS MEDICOS LTDA,Atividade médica ambulatorial com recursos para realização de exames complementares,Sem compra,Não indústria
@taticacontabilidade.com,37743640,M F SERVICOS MEDICOS LTDA,Atividade médica ambulatorial com recursos para realização de exames complementares,Sem compra,Não indústria
@taticacontabilidade.com,38292700,JOAO DE MEDEIROS BASTOS NETO LTDA,Atividade médica ambulatorial com recursos para realização de procedimentos cirúrgicos,Sem compra,Não indústria
@taticacontabilidade.com,38658843,DESCCO CONSULTORIA LTDA,"Atividades de consultoria em gestão empresarial, exceto consultoria técnica específica",Sem compra,Não indústria
@taticacontabilidade.com,38949758,LHF ALIMENTOS SAUDAVEIS LTDA,"Lanchonetes, casas de chá, de sucos e similares",Sem compra,Não indústria
@taticacontabilidade.com,39244103,NEURO EXPERTS LTDA,Atividade médica ambulatorial com recursos para realização de procedimentos cirúrgicos,Sem compra,Não indústria
@taticacontabilidade.com,39876169,SANTA HELENA AGROPECUARIA LTDA,Criação de bovinos para corte,Sem compra,Não indústria
@taticacontabilidade.com,39984352,G P G P PARTICIPACOES LTDA,Compra e venda de imóveis próprios,Sem compra,Não indústria
@taticacontabilidade.com,40562510,OLIVEIRA BARROS REPRESENTACOES LTDA,Promoção de vendas,Sem compra,Não indústria
@taticacontabilidade.com,40892626,ANDERSON JOSE GUSMAO GONCALO LTDA,Representantes comerciais e agentes do comércio de mercadorias em geral não especializado,Sem compra,Não indústria
@taticacontabilidade.com,41368460,MOBILITY LTDA,"Serviços de lavagem, lubrificação e polimento de veículos automotores",Sem compra,Não indústria
@taticacontabilidade.com,42527087,POUSADA ALAGOANA LTDA,Hotéis,Sem compra,Não indústria
@taticacontabilidade.com,43677696,"COX, ALENCAR & VIANA COMERCIO DE MOVEIS E REPRESENTACOES LTDA",Comércio varejista de móveis,Sem compra,Não indústria
@taticacontabilidade.com,45979684,"LM COMERCIO DE CALCADOS, BOLSAS E ACESSORIOS LTDA",Comércio varejista de calçados,Sem compra,Não indústria
@taticacontabilidade.com,49285564,WANDERLUST HOTEL LTDA,Hotéis,Sem compra,Não indústria
@taticacontabilidade.com,50337992,ME ANDRADE CENTRO DE BELEZA LTDA,Atividades de estética e outros serviços de cuidados com a beleza,Sem compra,Não indústria
@taticacontabilidade.com,50607246,VIRTUAL SOLUTIONS AND CONSULTING LTDA,Consultoria em tecnologia da informação,Sem compra,Não indústria
@taticacontabilidade.com,50937824,HOLANDA COMERCIO DE VESTUARIO E CALCADOS LTDA,Comércio varejista de artigos do vestuário e acessórios,Sem compra,Não indústria
@taticacontabilidade.com,51380703,"SURFSKATE COMERCIO DE ROUPAS, CALCADOS E ACESSORIOS LTDA",Comércio varejista de calçados,Sem compra,Não indústria
@taticacontabilidade.com,51654493,BERI NATURAL LTDA,Restaurantes e similares,Sem compra,Não indústria
@taticacontabilidade.com,52667316,SANITAS CLINICA MEDICA E EDUCACAO EM SAUDE LTDA,Atividade médica ambulatorial restrita a consultas,Sem compra,Não indústria
@taticacontabilidade.com,53365261,CHRISTYNE R. L. CAVALCANTE LTDA,Treinamento em desenvolvimento profissional e gerencial,Sem compra,Não indústria
@taticacontabilidade.com,54265250,CBSF LTDA,Atividade médica ambulatorial com recursos para realização de procedimentos cirúrgicos,Sem compra,Não indústria
@taticacontabilidade.com,54282213,CLINICA VANESSA MARTINS LTDA,Atividade médica ambulatorial restrita a consultas,Sem compra,Não indústria
@taticacontabilidade.com,55775715,LOPES CARVALHO OPERACOES AGROINDUSTRIAIS LTDA,Serviços de agronomia e de consultoria às atividades agrícolas e pecuárias,Sem compra,Não indústria
@taticacontabilidade.com,56876551,PESSOA E CAVALCANTI CIRURGIA PLASTICA LTDA,Atividade médica ambulatorial com recursos para realização de procedimentos cirúrgicos,Sem compra,Não indústria
@taticacontabilidade.com,57179288,PRISCILA CORREIA MEDICINA ESTETICA LTDA,Atividade médica ambulatorial com recursos para realização de procedimentos cirúrgicos,Sem compra,Não indústria
@taticacontabilidade.com,57552042,P&M SERVICOS LTDA.,Atividades de apoio à pesca em água salgada,Sem compra,Não indústria
@taticacontabilidade.com,63509075,JJ NEURO LTDA,Atividade médica ambulatorial com recursos para realização de procedimentos cirúrgicos,Sem compra,Não indústria
@taticacontabilidade.com,64197943,REVEN SERVICOS LTDA.,Atividades de apoio à gestão de saúde,Sem compra,Não indústria
@taticacontabilidade.com,64766083,B&D BALI PV LTDA.,Comércio varejista de produtos alimentícios em geral ou especializado em produtos alimentícios não especificados anteriormente,Sem compra,Não indústria
@taticacontabilidade.com,64766214,B&D BALI PARQUE LTDA.,Comércio varejista de produtos alimentícios em geral ou especializado em produtos alimentícios não especificados anteriormente,Sem compra,Não indústria
@taticacontabilidade.com,64777681,A&M BALI JT LTDA.,Comércio varejista de produtos alimentícios em geral ou especializado em produtos alimentícios não especificados anteriormente,Sem compra,Não indústria
@taticacontabilidade.com,66432018,MED MELO LTDA.,Atividade médica ambulatorial com recursos para realização de procedimentos cirúrgicos,Sem compra,Não indústria
@taticacontabilidade.com,66547275,JRFA INVESTIMENTOS LTDA.,Compra e venda de imóveis próprios,Sem compra,Não indústria
@taticacontabilidade.com,66934941,JBRF STORE LTDA.,"Comércio varejista de cosméticos, produtos de perfumaria e de higiene pessoal",Sem compra,Não indústria
@taticacontabilidade.com,67286598,METRO QUADRADO ARQUITETURA LTDA.,Serviços de arquitetura,Sem compra,Não indústria
@taticacontabilidade.com,67565380,AM IMOVEIS LTDA.,Corretagem na compra e venda e avaliação de imóveis,Sem compra,Não indústria
@telesil.com.br,57179215,CONDOMINIO RESERVA DO CAJUEIRO EMPREENDIMENTO IMOBILIARIO SPE LTDA,Construcao,Ativo,Indústria
@telesil.com.br,59279481,CONDOMINIO N. PEDROSA EMPREENDIMENTO IMOBILIARIO SPE LTDA,Construcao,Ativo,Indústria
@telesil.com.br,60481718,RESIDENCIAL C. ALBUQUERQUE EMPREENDIMENTO IMOBILIARIO SPE LTDA,Construcao,Ativo,Indústria
@telesil.com.br,01637593,ENORD ENGENHARIA LTDA,Construcao,Ativo,Indústria
@telesil.com.br,42418771,BOX STUDIO EMPREENDIMENTO IMOBILIARIO SPE LTDA,Construcao,Ativo,Indústria
@telesil.com.br,54360360,CONSORCIO CMEIS 12 UNIDADES,Construcao,Ativo,Indústria
@telesil.com.br,54409926,CONSORCIO PMCMV MARECHAL,Construcao,Ativo,Indústria
@telesil.com.br,54430907,SITGES EMPREENDIMENTO IMOBILIARIO SPE LTDA,Construcao,Ativo,Indústria
@telesil.com.br,54475254,CONSORCIO MERCADOS BENEDITO BENTES E JACINTNHO,Construcao,Ativo,Indústria
@telesil.com.br,55611386,CONDOMINIO RESERVA DO PRATA EMPREENDIMENTO IMOBILIARIO SPE LTDA,Construcao,Ativo,Indústria
@telesil.com.br,56263534,CONDOMINIO RESERVA DO BOSQUE EMPREENDIMENTO IMOBILIARIO SPE LTDA,Construcao,Ativo,Indústria
@telesil.com.br,57706135,CONDOMINIO RESERVA ALDEPRIME EMPREENDIMENTO IMOBILIARIO SPE LTDA,Construcao,Ativo,Indústria
@telesil.com.br,63647593,CONSORCIO NOVA SEDE ALE/AL,Construcao,Ativo,Indústria
@telesil.com.br,17352647,TELESIL PROJETO 01 EMPREENDIMENTO IMOBILIARIO SPE LTDA,Construcao,Ativo,Indústria
@telesil.com.br,54434073,GRAND PALAZZO EMPREENDIMENTO IMOBILIARIO SPE LTDA,Construcao,Ativo,Indústria
@telesil.com.br,54416214,SUNRISE EMPREENDIMENTO IMOBILIARIO SPE LTDA,Construcao,Sem compra,Indústria
@telesil.com.br,55737304,TELESIL ENGENHARIA LTDA - SCP 21,Construcao,Sem compra,Indústria
@telesil.com.br,55785358,CONDOMINIO PRAIA DOS CORAIS EMPREENDIMENTO IMOBILIARIO SPE LTDA,Construcao,Sem compra,Indústria
@telesil.com.br,57704213,RESIDENCIAL J. LAGES 832 EMPREENDIMENTO IMOBILIARIO SPE LTDA,Construcao,Sem compra,Indústria
@telesil.com.br,57704359,GUADALUPE EMPREENDIMENTO IMOBILIARIO SPE LTDA,Construcao,Sem compra,Indústria
@telesil.com.br,57873975,AGMB ENGENHARIA E CONSULTORIA LTDA,Atividades profissionais e tecnicas,Sem compra,Indústria
@telesil.com.br,57877108,GGMB ENGENHARIA LTDA,Atividades profissionais e tecnicas,Sem compra,Indústria
@telesil.com.br,57904556,CONSORCIO LAGOA DO OURO,Construcao,Sem compra,Indústria
@telesil.com.br,57978622,CONDOMINIO M. CAMPELO EMPREENDIMENTO IMOBILIARIO SPE LTDA,Construcao,Sem compra,Indústria
@telesil.com.br,57984314,TELESIL INCORPORACOES LTDA,Construcao,Sem compra,Indústria
@telesil.com.br,58578648,CONSORCIO CRECHES PERNAMBUCO/2024,Construcao,Sem compra,Indústria
@telesil.com.br,59510378,EDIFICIO PROFESSOR GIVALDO RIOS EMPREENDIMENTO IMOBILIARIO SPE LTDA,Construcao,Sem compra,Indústria
@telesil.com.br,60481003,CONDOMINIO MANAL EMPREENDIMENTO IMOBILIARIO SPE LTDA,Construcao,Sem compra,Indústria
@telesil.com.br,60481543,CONDOMINIO G. LEAO EMPREENDIMENTO IMOBILIARIO SPE LTDA,Construcao,Sem compra,Indústria
@telesil.com.br,60481844,CONDOMINIO A. VASCONCELOS EMPREENDIMENTO IMOBILIARIO SPE LTDA,Construcao,Sem compra,Indústria
@telesil.com.br,60481880,GRAND DIAMOND EMPREENDIMENTO IMOBILIARIO SPE LTDA,Construcao,Sem compra,Indústria
@telesil.com.br,61035212,TELESIL ENGENHARIA LTDA - SCP 22,Construcao,Sem compra,Indústria
@telesil.com.br,61358836,CONDOMINIO 56 A. M. MOTA EMPREENDIMENTO IMOBILIARIO SPE LTDA,Construcao,Sem compra,Indústria
@telesil.com.br,61944594,IMPERIAL EMPREENDIMENTO IMOBILIARIO SPE LTDA,Construcao,Sem compra,Indústria
@telesil.com.br,62070292,102 J MELO EMPREENDIMENTO IMOBILIARIO SPE LTDA,Construcao,Sem compra,Indústria
@telesil.com.br,62070447,CONDOMINIO CONCEBER EMPREENDIMENTO IMOBILIARIO SPE LTDA,Construcao,Sem compra,Indústria
@telesil.com.br,62094655,TELESIL ENGENHARIA LTDA - SCP 23,Construcao,Sem compra,Indústria
@telesil.com.br,63693017,CONSORCIO CONSTRUTOR CENTRO ADMINISTRATIVO DE MACEIO SPE LTDA,Construcao,Sem compra,Indústria
@telesil.com.br,63815850,TELESIL ENGENHARIA LTDA - SCP 25,Construcao,Sem compra,Indústria
@telesil.com.br,64089497,TELESIL ENGENHARIA LTDA - SCP 24,Construcao,Sem compra,Indústria
@telesil.com.br,60288434,GFMB PARTICIPACOES LTDA,Serviços combinados de escritório e apoio administrativo,Sem compra,Não indústria
@telesil.com.br,64784552,SITGES II EMPREENDIMENTO IMOBILIARIO SPE LTDA,Construcao,Sem compra,Indústria
@telesil.com.br,65978993,CONSORCIO AERODROMOS ALAGOAS,Construcao,Sem compra,Indústria
@telesil.com.br,67006971,GRUTA FENIX EMPREENDIMENTO IMOBILIARIO SPE LTDA,Construcao,Sem compra,Indústria
@telesil.com.br,67243930,ENORD ENGENHARIA LTDA - SCP 26,Construcao,Sem compra,Indústria
@telesilengenharia.com.br,11992870,R.B. FORTEMIX CONCRETO LTDA,Construcao,Ativo,Indústria
@telesilengenharia.com.br,23388447,ENTREMARES EMPREENDIMENTO IMOBILIARIO SPE LTDA,Construcao,Inativo,Indústria
@telesilengenharia.com.br,24967264,ALVORADA ENGENHARIA LTDA,Construcao,Sem compra,Indústria
@telesilengenharia.com.br,31406287,TELESIL ENGENHARIA LTDA - SCP 10,Construcao,Sem compra,Indústria
@telesilengenharia.com.br,32266648,TELESIL ENGENHARIA LTDA - SCP 11,Construcao,Sem compra,Indústria
@telesilengenharia.com.br,32679358,TELESIL ENGENHARIA LTDA - SCP 12,Construcao,Sem compra,Indústria
@telesilengenharia.com.br,36408642,TELESIL ENGENHARIA LTDA - SCP 13,Construcao,Sem compra,Indústria
@telesilengenharia.com.br,37688717,TELESIL ENGENHARIA LTDA - SCP 14,Construcao,Sem compra,Indústria
@telesilengenharia.com.br,38613594,DET EMPREENDIMENTO IMOBILIARIO SPE LTDA,Construcao,Sem compra,Indústria
@telesilengenharia.com.br,42594981,TELESIL ENGENHARIA LTDA - SCP 16,Construcao,Sem compra,Indústria
@telesilengenharia.com.br,42652991,TELESIL ENGENHARIA LTDA - SCP 15,Construcao,Sem compra,Indústria
@telesilengenharia.com.br,43073018,ENTREMARES EMPREENDIMENTO IMOBILIARIO SPE LTDA - SCP 01,Construcao,Sem compra,Indústria
@telesilengenharia.com.br,43291907,BOX STUDIO EMPREENDIMENTO IMOBILIARIO SPE LTDA - SCP 01,Construcao,Sem compra,Indústria
@telesilengenharia.com.br,47519449,TELESIL ENGENHARIA LTDA - SCP 17,Construcao,Sem compra,Indústria
@telesilengenharia.com.br,48979337,TELESIL ENGENHARIA LTDA - SCP 18,Construcao,Sem compra,Indústria
@telesilengenharia.com.br,50008748,TELESIL ENGENHARIA LTDA - SCP 19,Construcao,Sem compra,Indústria
@telesilengenharia.com.br,51452667,TELESIL ENGENHARIA LTDA - SCP 20,Construcao,Sem compra,Indústria
@telesilengenharia.com.br,18292270,MENDONCA BREDA GESTAO DE PATRIMONIO E PARTICIPACOES LTDA,Gestão e administração da propriedade imobiliária,Sem compra,Não indústria
@tropicalishotel.com.br,08797962,"LG INVESTIMENTOS, ADMINISTRACAO E SERVICOS LTDA",Hotéis,Sem compra,Não indústria
@tropicalishotel.com.br,11195881,TERRA INVESTIMENTOS LTDA,Hotéis,Sem compra,Não indústria
@tropicalishotel.com.br,14787754,A 3 CAPITAL EMPREENDIMENTO HOTELEIRO LTDA,Gestão e administração da propriedade imobiliária,Sem compra,Não indústria
@tropicalishotel.com.br,20464910,GLG ADMINISTRACAO E PARTICIPACOES LTDA,Gestão e administração da propriedade imobiliária,Sem compra,Não indústria
@tropicalishotel.com.br,31743507,PRISMA INVESTIMENTOS LTDA,Restaurantes e similares,Sem compra,Não indústria
@tropicalishotel.com.br,33265094,MAIS EMPREENDIMENTOS HOTELEIROS LTDA,Hotéis,Sem compra,Não indústria
@tropicalishotel.com.br,33265657,ETAI EMPREENDIMENTOS HOTELEIROS LTDA,Hotéis,Sem compra,Não indústria
@uchoaconstrucoes.com.br,09276767,UCHOA CONSTRUCOES LTDA,Construcao,Ativo,Indústria
@uchoaconstrucoes.com.br,48012237,EDIFICIO GENOVA SPE LTDA,Construcao,Ativo,Indústria
@uchoaconstrucoes.com.br,51588980,UCHOA EMPREENDIMENTOS IMOBILIARIOS LTDA,Construcao,Ativo,Indústria
@uchoaconstrucoes.com.br,46738527,RESIDENCIAL PEDRO TEIXEIRA DUARTE I - SCP 01,Construcao,Sem compra,Indústria
@uchoaconstrucoes.com.br,46739125,RESIDENCIAL PEDRO TEIXEIRA DUARTE II - SCP 02,Construcao,Sem compra,Indústria
@uchoaconstrucoes.com.br,48012775,UCHOA SPE 05 LTDA,Construcao,Sem compra,Indústria
@uchoaconstrucoes.com.br,48012903,UCHOA SPE 06 LTDA,Construcao,Sem compra,Indústria
@uchoaconstrucoes.com.br,48412564,ALVOR PANORAMIC RESIDENCE SPE LTDA,Construcao,Sem compra,Indústria
@uchoaconstrucoes.com.br,48412626,EDIFICIO RIVAGE SPE LTDA,Construcao,Sem compra,Indústria
@uchoaconstrucoes.com.br,49546077,UCHOA SPE 12 LTDA,Construcao,Sem compra,Indústria
@uchoaconstrucoes.com.br,57370083,AREIA RANCHO SM - SCP,Industria extrativa,Sem compra,Indústria
@uchoaconstrucoes.com.br,58736467,AREIA RANCHO SM SPE LTDA,Industria extrativa,Sem compra,Indústria
@uchoaempreendimentos.com.br,48012351,UCHOA SPE 08 LTDA,Construcao,Sem compra,Indústria
@uchoaempreendimentos.com.br,48027590,UCHOA SPE 09 LTDA,Construcao,Sem compra,Indústria
@uchoaempreendimentos.com.br,48049390,FLOW AMELIA ROSA SPE LTDA,Construcao,Sem compra,Indústria
@uchoaempreendimentos.com.br,53736035,UCHOA SPE 13 LTDA,Construcao,Sem compra,Indústria
@uchoaempreendimentos.com.br,53736090,UCHOA SPE 14 LTDA,Construcao,Sem compra,Indústria
@uchoaempreendimentos.com.br,53799211,FLOW PRAIA DO FRANCES SPE LTDA,Construcao,Sem compra,Indústria
@uchoaempreendimentos.com.br,67515810,UCHOA SPE 15 LTDA,Construcao,Sem compra,Indústria
@upcontabil.cnt.br,33949703,PONTA DA ASA INCORPORACAO SPE LTDA,Construcao,Sem compra,Indústria
@upcontabil.cnt.br,36451845,"OPERENG, SOLUCOES AMBIENTAIS LTDA",Atividades profissionais e tecnicas,Sem compra,Indústria
@upcontabil.cnt.br,48413674,ACCIOLY & BARBOSA INCORPORACOES LTDA,Construcao,Sem compra,Indústria
@upcontabil.cnt.br,56078676,DOMINGOS DE OLIVEIRA ENGENHARIA LTDA,Atividades profissionais e tecnicas,Sem compra,Indústria
@upcontabil.cnt.br,58874984,CT ENGENHARIA LTDA,Atividades profissionais e tecnicas,Sem compra,Indústria
@upcontabil.cnt.br,62962341,AC MELO CONSTRUCOES LTDA,Construcao,Sem compra,Indústria
@upcontabil.cnt.br,01747418,MULTIMARKETING CONSULTORIA LTDA,Corretagem na compra e venda e avaliação de imóveis,Sem compra,Não indústria
@upcontabil.cnt.br,15726754,SEVEN EXPORT & IMPORT LTDA,"Comércio atacadista de mercadorias em geral, sem predominância de alimentos ou de insumos agropecuários",Sem compra,Não indústria
@upcontabil.cnt.br,19442816,BORGES E AMORIM NUTRICIONISTAS ASSOCIADAS S/S LTDA,Atividades de profissionais da nutrição,Sem compra,Não indústria
@upcontabil.cnt.br,24522330,NOVAR PROMOTORA DE VENDAS E SERVICOS LTDA,"Atividades de intermediação e agenciamento de serviços e negócios em geral, exceto imobiliários",Sem compra,Não indústria
@upcontabil.cnt.br,31961127,VERSI E PALLICARE SERVICOS MEDICOS LTDA,Atividade médica ambulatorial restrita a consultas,Sem compra,Não indústria
@upcontabil.cnt.br,32734405,OLABABY IMPORTACAO E EXPORTACAO LTDA,"Comércio atacadista de mercadorias em geral, sem predominância de alimentos ou de insumos agropecuários",Sem compra,Não indústria
@upcontabil.cnt.br,60661542,OKLAHOMA IMPORTACAO E EXPORTACAO LTDA,Comércio atacadista de fios e fibras beneficiados,Sem compra,Não indústria
@upcontabil.cnt.br,60661812,NEW MEXICO EXPORTACAO E IMPORTACAO LTDA,Comércio atacadista de fios e fibras beneficiados,Sem compra,Não indústria
@upcontabil.cnt.br,60662226,CAPO RIZZUTO IMPORTACAO E EXPORTACAO LTDA,Comércio atacadista de artigos de armarinho,Sem compra,Não indústria
@upcontabil.cnt.br,60668544,KANSAS IMPORTACAO E EXPORTACAO LTDA,Comércio atacadista de tecidos,Sem compra,Não indústria
@upcontabil.cnt.br,61382377,MC IMPORTACAO E EXPORTACAO LTDA,"Comércio atacadista de mercadorias em geral, sem predominância de alimentos ou de insumos agropecuários",Sem compra,Não indústria
@upcontabil.cnt.br,62834289,FERRARA CAPITAL LTDA,Outras atividades auxiliares dos serviços financeiros não especificadas anteriormente,Sem compra,Não indústria
@upcontabil.cnt.br,65928220,MTA AGENCIAMENTO DE SERVICOS LTDA,"Atividades de intermediação e agenciamento de serviços e negócios em geral, exceto imobiliários",Sem compra,Não indústria
@urbisperucaba.com.br,18746528,PERUCABA INDUSTRIA E COMERCIO LTDA,Construcao,Ativo,Indústria
@urbisperucaba.com.br,61057621,JLN AGROPECUARIA LTDA,Criação de bovinos para corte,Ativo,Não indústria
@urbisperucaba.com.br,13138108,URBIS PERUCABA EMPREENDIMENTOS IMOBILIARIOS LTDA,Construcao,Inativo,Indústria
@urbisperucaba.com.br,21825321,JARDINS PERUCABA II EMPREENDIMENTOS IMOBILIARIOS LTDA,Construcao,Inativo,Indústria
@urbisperucaba.com.br,19704921,JARDINS PERUCABA EMPREENDIMENTOS IMOBILIARIOS LTDA,Construcao,Sem compra,Indústria
@usinacaete.com,18053794,COMPANHIA ENERGETICA DE SAO MIGUEL DOS CAMPOS,Eletricidade e gas,Ativo,Indústria
@usinacaete.com,45486101,SHOPPING DA VILA SCP,Construcao,Sem compra,Indústria
@usinacaete.com,04871704,VARRELA PECUARIA LTDA,Criação de bovinos para corte,Sem compra,Não indústria
@usinacaete.com,10831642,VILA DA PEDRA EMPREENDIMENTOS IMOBILIARIOS LTDA.,Compra e venda de imóveis próprios,Sem compra,Não indústria
@usinacaete.com,12949277,RADIO PIONEIRA DE DELMIRO GOUVEIA LTDA,Atividades de rádio,Sem compra,Não indústria
@usinacaete.com,14717353,CLF CONSULTORIA LTDA,Serviços combinados de escritório e apoio administrativo,Sem compra,Não indústria
@usinacaete.com,31936906,A L CONSULTORIA AGRICOLAS E PECUARIAS LTDA,Serviços de agronomia e de consultoria às atividades agrícolas e pecuárias,Sem compra,Não indústria
@usinacaete.com,49404995,FUNDACAO MUSEU REGIONAL DELMIRO GOUVEIA,Atividades de museus e de exploração de lugares e prédios históricos e atrações similares,Sem compra,Não indústria
@usinacaete.com,54378291,VILA SHOP LTDA.,Comércio varejista de artigos do vestuário e acessórios,Sem compra,Não indústria
@usinacaete.com,57932086,POSTO CAETE LTDA,Comércio varejista de combustíveis para veículos automotores,Sem compra,Não indústria
@usinacaete.com,58156546,NS EMPREENDIMENTOS IMOBILIARIOS LTDA.,Compra e venda de imóveis próprios,Sem compra,Não indústria
@usinacaete.com,58607629,OLF CONSULTORIA LTDA,Serviços combinados de escritório e apoio administrativo,Sem compra,Não indústria
@vcmail.com.br,12302204,VINICIUS CANSANCAO & CIA LTDA,Comércio varejista de combustíveis para veículos automotores,Sem compra,Não indústria
@vcmail.com.br,12370441,EQUIPE AGRO PECUARIA LIMITADA,Aluguel de imóveis próprios,Sem compra,Não indústria
@vcmail.com.br,39741331,CONVENIENCIA CARANGO EXPRESS LTDA,Comércio varejista de mercadorias em lojas de conveniência,Sem compra,Não indústria
@vcmail.com.br,54772524,MARAVILHA EMPREENDIMENTO IMOBILIARIO SPE LTDA.,Compra e venda de imóveis próprios,Sem compra,Não indústria
@vcmail.com.br,61786186,EQUIPE EMPREENDIMENTOS AGROPECUARIOS LTDA,Criação de bovinos para corte,Sem compra,Não indústria
@vectorfidc.com.br,08028665,VECTOR CONSULTORIA E ASSESSORIA EMPRESARIAL LTDA,"Tratamento de dados, provedores de serviços de aplicação e serviços de hospedagem na internet",Sem compra,Não indústria
@vectorfidc.com.br,18067869,CICLO COBRANCAS EXTRAJUDICIAIS LTDA,Atividades de cobranças e informações cadastrais,Sem compra,Não indústria
@vectorfidc.com.br,50429512,MAV CONSULTORIA LTDA,Serviços de arquitetura,Sem compra,Não indústria
@vectorfidc.com.br,52409435,PILAR INVESTIMENTOS E NEGOCIOS SPE LTDA,Compra e venda de imóveis próprios,Sem compra,Não indústria
@vectorfidc.com.br,64629080,VECTOR SECURITIZADORA DE CREDITOS S/A,Securitização de créditos,Sem compra,Não indústria
@veloxmail.com.br,43103238,INDUSTRIA DE BEBIDAS PIACAVA GUASSU LTDA.,Industria de transformacao,Ativo,Indústria
@veloxmail.com.br,11421889,MIXFARMA COMERCIAL LTDA,Comércio atacadista de medicamentos e drogas de uso humano,Ativo,Não indústria
@veloxmail.com.br,15081543,SANTA FE EMPREENDIMENTOS IMOBILIARIOS E PARTICIPACOES LTDA,Aluguel de imóveis próprios,Ativo,Não indústria
@veloxmail.com.br,89135073,FUSOPAR PARAFUSOS LTDA,Industria de transformacao,Sem compra,Indústria
@veloxmail.com.br,01722720,FRANCA PECAS E SERVICOS LTDA,Comércio a varejo de peças e acessórios novos para veículos automotores,Sem compra,Não indústria
@veloxmail.com.br,05873961,DACUNHA - DISTRIBUICAO E LOGISTICA LTDA,Comércio atacadista de medicamentos e drogas de uso humano,Sem compra,Não indústria
@veloxmail.com.br,05901625,JARFRY TRANSPORTES E SERVICOS LTDA,"Transporte rodoviário de carga, exceto produtos perigosos e mudanças, intermunicipal, interestadual e internacional",Sem compra,Não indústria
@veloxmail.com.br,12901830,F A FEITOSA & CIA LTDA.,Comércio varejista de artigos de joalheria,Sem compra,Não indústria
@veloxmail.com.br,14840826,MWH CONSULTORES E ASSOCIADOS S/S LTDA,"Atividades de intermediação e agenciamento de serviços e negócios em geral, exceto imobiliários",Sem compra,Não indústria
@veloxmail.com.br,15184165,W2S LOCACAO DE VEICULOS LTDA,Locação de automóveis sem condutor,Sem compra,Não indústria
@vistecon.com.br,01665841,"MOURA, FRANCA & CIA LTDA",Ensino fundamental,Ativo,Não indústria
@vistecon.com.br,43752470,ENSINO FUNDAMENTAL EDUCAR LTDA,Ensino fundamental,Ativo,Não indústria
@vistecon.com.br,09278938,SALLES SERVICOS POSTAIS LTDA,Transporte e armazenagem,Sem compra,Indústria
@vistecon.com.br,28818595,FABIO JUNIOR VIEIRA DE LIMA LTDA,Atividades profissionais e tecnicas,Sem compra,Indústria
@vistecon.com.br,30807888,ATMOS ENGENHARIA LTDA,Construcao,Sem compra,Indústria
@vistecon.com.br,08881914,PRESERVAL-PRESTACAO DE SERVICOS VALENCA LTDA,Transporte e armazenagem,Sem compra,Indústria
@vistecon.com.br,02206018,SUNDAY TEAM EMPREENDIMENTOS DE ENSINO LTDA,Ensino de idiomas,Sem compra,Não indústria
@vistecon.com.br,07190873,VISTECON CONTABILIDADE S/S,Atividades de contabilidade,Sem compra,Não indústria
@vistecon.com.br,08624082,ACAPULCO EMPREENDIMENTO TURISTICO LTDA,Motéis,Sem compra,Não indústria
@vistecon.com.br,09340001,HOTEL VERDE MAR LTDA,"Atividades de consultoria em gestão empresarial, exceto consultoria técnica específica",Sem compra,Não indústria
@vistecon.com.br,10721604,VILLAS TOUR VIAGENS E TURISMO LTDA,Agências de viagens,Sem compra,Não indústria
@vistecon.com.br,11396180,CLINICA MEDICA REEQUILIBRIO LTDA,Atividades de acupuntura,Sem compra,Não indústria
@vistecon.com.br,11397331,ESPACO EDUCAR ENSINO INFANTIL LTDA,Educação infantil - pré-escola,Sem compra,Não indústria
@vistecon.com.br,14562434,R&C SERVICOS MEDICOS LTDA,Atividades de atenção ambulatorial não especificadas anteriormente,Sem compra,Não indústria
@vistecon.com.br,19218852,CRECHE ESCOLA EDUCAR LTDA,Educação infantil - creche,Sem compra,Não indústria
@vistecon.com.br,20838395,BENFICA AGROPECUARIA LTDA,Criação de bovinos para corte,Sem compra,Não indústria
@vistecon.com.br,23048740,MENDES E MENDES IMOVEIS LTDA,Corretagem na compra e venda e avaliação de imóveis,Sem compra,Não indústria
@vistecon.com.br,23291811,TREIS PRODUCOES CINEMATOGRAFICAS LTDA,Produção de filmes para publicidade,Sem compra,Não indústria
@vistecon.com.br,26326838,"CENTRO DE DIAGNOSTICO, IMAGEM E TRATAMENTO - CDIT LTDA","Serviços de diagnóstico por imagem sem uso de radiação ionizante, exceto ressonância magnética",Sem compra,Não indústria
@vistecon.com.br,29578221,DEVAZ CORRETORA DE SEGUROS LTDA,"Corretores e agentes de seguros, de planos de previdência complementar e de saúde",Sem compra,Não indústria
@vistecon.com.br,31572547,SOLUCOES ORGANIZACIONAIS LTDA,"Atividades de consultoria em gestão empresarial, exceto consultoria técnica específica",Sem compra,Não indústria
@vistecon.com.br,31999625,"MOTA, AMARAL & FILHOS LTDA",Hotéis,Sem compra,Não indústria
@vistecon.com.br,35636034,DISTAK AGENCIA DE VIAGENS E TURISMO LTDA,Agências de viagens,Sem compra,Não indústria
@vistecon.com.br,35775896,SEBASTIAO CORREIA DA ROCHA LTDA,Atividade médica ambulatorial com recursos para realização de exames complementares,Sem compra,Não indústria
@vistecon.com.br,37760695,VETLAB CENTRO DE DIAGNOSTICO VETERINARIO LTDA,Atividades veterinárias,Sem compra,Não indústria
@vistecon.com.br,39649940,EDATEC TECNOLOGIA LTDA,Reparação e manutenção de equipamentos de comunicação,Sem compra,Não indústria
@vistecon.com.br,48580713,MARIANA CAROLINA DOS SANTOS ALVES  LTDA,Atividade médica ambulatorial com recursos para realização de exames complementares,Sem compra,Não indústria
@vistecon.com.br,51640166,PL ASSESSORIA EMPRESARIAL AGROINDUSTRIAL LTDA,"Atividades de consultoria em gestão empresarial, exceto consultoria técnica específica",Sem compra,Não indústria
@vistecon.com.br,53575256,FABRICIA D OMENA  LTDA,Comércio varejista de animais vivos e de artigos e alimentos para animais de estimação,Sem compra,Não indústria
@vistecon.com.br,53597184,L D DE OMENA  LTDA,Comércio varejista de animais vivos e de artigos e alimentos para animais de estimação,Sem compra,Não indústria
@vistecon.com.br,54227513,FABRICIO SIQUEIRA DE MIRANDA  LTDA,Outras atividades de serviços financeiros não especificadas anteriormente,Sem compra,Não indústria
@vistecon.com.br,55662077,T M DE BARROS  LTDA,Ensino de idiomas,Sem compra,Não indústria
@vistecon.com.br,60274450,H2 SERVICE E SOLUCOES LTDA,Limpeza em prédios e em domicílios,Sem compra,Não indústria
@vistecon.com.br,63024705,INSTITUTO DE ODONTOLOGIA INTEGRADA LTDA,Atividade odontológica,Sem compra,Não indústria
@vistecon.com.br,64111931,JVL AGROPECUARIA LTDA,Criação de bovinos para corte,Sem compra,Não indústria
@vistecon.com.br,70014832,J A J MOTEIS LTDA,Motéis,Sem compra,Não indústria
@xxx.com,17257736,VITORIA CONSTRUTORA E TERRAPLANAGEM LTDA,Construcao,Sem compra,Indústria
@xxx.com,41186677,PELYKANO CONSTRUTORA E INCORPORADORA LTDA,Construcao,Sem compra,Indústria
@xxx.com,42430100,J P A DA SILVA LTDA,Construcao,Sem compra,Indústria
@xxx.com,48944997,K G D SANTOS,Construcao,Sem compra,Indústria
@xxx.com,19715468,MARIANA MENEZES DA SILVA,"Transporte rodoviário coletivo de passageiros, com itinerário fixo, intermunicipal, exceto em região metropolitana",Sem compra,Não indústria
@xxx.com,28451907,R M DOS SANTOS MADEIREIRA LTDA,Comércio varejista de madeira e artefatos,Sem compra,Não indústria
@xxx.com,34331377,RODOLFO VIEIRA RODRIGUES,"Comércio atacadista de cigarros, cigarrilhas e charutos",Sem compra,Não indústria
@xxx.com,41353948,COMERCIAL DE ALIMENTOS E BEBIDAS ARCO-IRIS LTDA,"Comércio atacadista de cerveja, chope e refrigerante",Sem compra,Não indústria
@xxx.com,44808156,JWL COMERCIO DE ALIMENTOS LTDA,"Comércio varejista de mercadorias em geral, com predominância de produtos alimentícios - minimercados, mercearias e armazéns",Sem compra,Não indústria
@xxx.com,48908593,J M DA S SOUSA  LTDA,"Comércio varejista de mercadorias em geral, com predominância de produtos alimentícios - minimercados, mercearias e armazéns",Sem compra,Não indústria
@xxx.com,54209210,S DOS S FERRAZ  LTDA,Comércio varejista de bebidas,Sem compra,Não indústria
@xxx.com,55405595,A S TRANSPORTES E CIA LTDA,"Transporte rodoviário coletivo de passageiros, sob regime de fretamento, intermunicipal, interestadual e internacional",Sem compra,Não indústria
@xxx.com,58939070,E F DA S ROQUE LTDA,"Bares e outros estabelecimentos especializados em servir bebidas, sem entretenimento",Sem compra,Não indústria
@zerooitodoiscontabil.com.br,51622056,ACTUS INVESTIMENTOS LTDA,Atividades profissionais e tecnicas,Sem compra,Indústria
@zerooitodoiscontabil.com.br,57108666,ASSOCIACAO RC GERACAO DE ENERGIA,Eletricidade e gas,Sem compra,Indústria
@zerooitodoiscontabil.com.br,51334279,MCZ ILUMINACAO AUTOMOTIVA LTDA,Comercio e reparacao de veiculos,Sem compra,Indústria
@zerooitodoiscontabil.com.br,48561748,IMS CONSTRUCOES LTDA,Construcao,Sem compra,Indústria
@zerooitodoiscontabil.com.br,56195359,PREMIER AUTO SERVICE LTDA,Comercio e reparacao de veiculos,Sem compra,Indústria
@zerooitodoiscontabil.com.br,58556395,D2 ENGENHARIA E REFORMAS LTDA,Construcao,Sem compra,Indústria
@zerooitodoiscontabil.com.br,03793565,SISTEMA COSTA DOURADA DE RADIOFUSAO LTDA,Atividades de rádio,Sem compra,Não indústria
@zerooitodoiscontabil.com.br,12621645,RADIO CORREIO LTDA,Atividades de rádio,Sem compra,Não indústria
@zerooitodoiscontabil.com.br,38415890,AGROPECUARIA ANGELIM LTDA,Criação de bovinos para corte,Sem compra,Não indústria
@zerooitodoiscontabil.com.br,42123295,INN TRADING BRASIL LTDA,"Comércio atacadista de defensivos agrícolas, adubos, fertilizantes e corretivos do solo",Sem compra,Não indústria
@zerooitodoiscontabil.com.br,42912828,MEDICAL PRIORITY LTDA,Atividade médica ambulatorial restrita a consultas,Sem compra,Não indústria
@zerooitodoiscontabil.com.br,46362892,CDS REPRESENTACOES LTDA,Representantes comerciais e agentes do comércio de mercadorias em geral não especializado,Sem compra,Não indústria
@zerooitodoiscontabil.com.br,46872533,CATB AGROPECUARIA LTDA,Criação de bovinos para corte,Sem compra,Não indústria
@zerooitodoiscontabil.com.br,47999458,F FARIAS EMPREENDIMENTOS LTDA,Compra e venda de imóveis próprios,Sem compra,Não indústria
@zerooitodoiscontabil.com.br,49437946,JGF ADMINISTRACAO E TERCEIRIZACAO LTDA,Limpeza em prédios e em domicílios,Sem compra,Não indústria
@zerooitodoiscontabil.com.br,49709584,SERVICOS EDUCACIONAIS BASICOS LTDA,"Atividades de apoio à educação, exceto caixas escolares",Sem compra,Não indústria
@zerooitodoiscontabil.com.br,51590261,EFFETIVA GESTAO DE COBRANCAS LTDA,Atividades de cobranças e informações cadastrais,Sem compra,Não indústria
@zerooitodoiscontabil.com.br,56973227,E-MERGE TECNOLOGIA DA INFORMACAO LTDA,Desenvolvimento de programas de computador sob encomenda,Sem compra,Não indústria
@zerooitodoiscontabil.com.br,57417771,JGF SERVICOS GERAIS MACEIO LTDA,"Serviços combinados para apoio a edifícios, exceto condomínios prediais",Sem compra,Não indústria
@zerooitodoiscontabil.com.br,57417886,JGF TERCERIZACAO LTDA,"Serviços combinados para apoio a edifícios, exceto condomínios prediais",Sem compra,Não indústria
@zerooitodoiscontabil.com.br,62650885,LUDOVICO EMPREENDIMENTOS LTDA,"Comércio a varejo de automóveis, camionetas e utilitários usados",Sem compra,Não indústria
@zerooitodoiscontabil.com.br,64478802,CENTRO EDUCACIONAL OMEGA LTDA,Ensino fundamental,Sem compra,Não indústria
@zerooitodoiscontabil.com.br,67110674,AGROPECUARIA FAZENDA PEDRA D AGUA LTDA,Criação de bovinos para leite,Sem compra,Não indústria
@zestinc.com.br,37982892,ZEST INCORPORADORA E PARTICIPACOES LTDA,Construcao,Sem compra,Indústria
@zestinc.com.br,51367383,TULUM EMPREENDIMENTOS IMOBILIARIOS SPE LTDA,Construcao,Sem compra,Indústria
@zestinc.com.br,52478376,LAVENIR EMPREENDIMENTO IMOBILIARIO SPE LTDA,Construcao,Sem compra,Indústria
@zestinc.com.br,60624047,ALTOMAR EMPREENDIMENTO IMOBILIARIO SPE LTDA,Construcao,Sem compra,Indústria
@zestinc.com.br,60673226,MAIR EMPREENDIMENTO IMOBILIARIO SPE LTDA,Construcao,Sem compra,Indústria
@zestinc.com.br,61734694,LASAI EMPREENDIMENTO IMOBILIARIO SPE LTDA,Construcao,Sem compra,Indústria
@zestinc.com.br,62756272,MAREE EMPREENDIMENTO IMOBILIARIO SPE LTDA,Construcao,Sem compra,Indústria
@zestinc.com.br,63264316,ICONYC EMPREENDIMENTO IMOBILIARIO SPE LTDA,Construcao,Sem compra,Indústria
@zestinc.com.br,65737531,AURA EMPREENDIMENTO IMOBILIARIO SPE LTDA,Construcao,Sem compra,Indústria
