score_momento,cnpj_basico,cnpj,razao_social,na_base_mestre,STATUS_RELACIONAMENTO_REAL,Porte,CNAE PRIMARIO,tipo_sinal,descricao,papel,qualificacao,qualificacao_desc,municipio,bairro,area_total,unidade_medida,data_evento,data_publicacao,idade_dias,peso,validade_dias,cno,fonte
4.96,61966631,61966631000154,MIRAJ PATACHO EMPREENDIMENTO IMOBILIARIO SPE LTDA,True,Sem relacionamento,DEMAIS,Incorporacao de empreendimentos imobiliarios,obra_nova,"MIRAJ PATACHO EMPREENDIMENTO IMOBILIARIO SPE LTDA — Porto De Pedras, 8.831 m2 (dono da obra, responsável)",responsável,0057,Dono da obra,PORTO DE PEDRAS,PATACHO,8831.25,m2,2026-09-24,2026-09-24,1,5.0,120,900306926375,CNO / Receita Federal
4.75,51482387,51482387000109,PROJETO IMOBILIARIO RECORD 27 SPE LTDA,True,Sem relacionamento,DEMAIS,Incorporacao de empreendimentos imobiliarios,obra_nova,"CASA MAR ARTEFACTO — Porto De Pedras, 138.000 m2 (proprietário do imóvel, responsável)",responsável,0070,Proprietário do imóvel,PORTO DE PEDRAS,LAGES,138000.41,m2,2026-09-19,2026-09-19,6,5.0,120,900306152070,CNO / Receita Federal
4.62,21575654,21575654000113,J.W. MARTINS ASSESSORIA EMPRESARIAL LTDA,False,,,,obra_nova,"J.W. MARTINS - BRISAS DE MARAGOGI — Maragogi, 11.562 m2 (proprietário do imóvel, responsável)",responsável,0070,Proprietário do imóvel,MARAGOGI,PEROBA,11561.66,m2,2026-09-16,2026-09-23,9,5.0,120,900306693177,CNO / Receita Federal
4.54,64272150,64272150000137,BARCELOS INCORPORACAO E INVESTIMENTOS SPE LTDA,True,Sem relacionamento,DEMAIS,Incorporacao de empreendimentos imobiliarios,obra_nova,"BARCELOS INCORPORACAO E INVESTIMENTOS SPE LTDA — Marechal Deodoro, 31.198 m2 (proprietário do imóvel, responsável)",responsável,0070,Proprietário do imóvel,MARECHAL DEODORO,POVOADO MALHADAS,31198.28,m2,2026-09-14,2026-09-14,11,5.0,120,900305184076,CNO / Receita Federal
4.38,12227641,12227641000162,(sem nome no CNO) CNPJ 12227641000162,False,,,,obra_nova,"DELTA SERVICOS GERAIS LTDA — Belém, 18.800 Outra (pessoa jurídica construtora, vínculo)",vínculo,0053,Pessoa jurídica construtora,BELÉM,CENTRO,18800.0,Outra,2026-09-10,2026-09-11,15,5.0,120,900304802878,CNO / Receita Federal
4.38,24509006,24509006000157,DELTA SERVICOS GERAIS LTDA,True,Sem relacionamento,PEQUENO PORTE,Construcao de edificios,obra_nova,"DELTA SERVICOS GERAIS LTDA — Belém, 18.800 Outra (pessoa jurídica construtora, responsável)",responsável,0053,Pessoa jurídica construtora,BELÉM,CENTRO,18800.0,Outra,2026-09-10,2026-09-11,15,5.0,120,900304802878,CNO / Receita Federal
4.0,59886495,59886495000140,UP STUDIOS EMPREENDIMENTO IMOBILIARIO SPE LTDA.,False,,,,obra_nova,"EDIFÍCIO UP! STUDIOS — Maceió, 7.487 m2 (dono da obra, responsável)",responsável,0057,Dono da obra,MACEIÓ,JATIUCA,7487.28,m2,2026-09-01,2026-09-01,24,5.0,120,900303153872,CNO / Receita Federal
4.0,55685383,55685383000170,ARCADIS SERVICOS E CONSULTORIA LTDA,True,Sem relacionamento,PEQUENO PORTE,Construcao de edificios,obra_nova,"ARCADIS SERVICOS E CONSULTORIA LTDA — Ouro Branco, 13.898 m2 (pessoa jurídica construtora, responsável)",responsável,0053,Pessoa jurídica construtora,OURO BRANCO,Zona Rural,13898.4,m2,2026-09-01,2026-09-09,24,5.0,120,900304440678,CNO / Receita Federal
4.0,05841115,05841115000122,CONSTRUSAT ENGENHARIA LTDA,True,Sem relacionamento,DEMAIS,Construcao de edificios,obra_nova,"CONSTRUSAT ENGENHARIA LTDA — Craíbas, 19.500 Outra (pessoa jurídica construtora, responsável)",responsável,0053,Pessoa jurídica construtora,CRAÍBAS,CENTRO,19500.0,Outra,2026-09-01,2026-09-21,24,5.0,120,900306250577,CNO / Receita Federal
4.0,58075489,58075489000140,FORTALLECE EMPREENDIMENTO IMOBILIARIO SPE LTDA.,True,Sem relacionamento,DEMAIS,Incorporacao de empreendimentos imobiliarios,obra_nova,"EDIFÍCIO DUO DESIGN — Maceió, 10.039 m2 (proprietário do imóvel, responsável)",responsável,0070,Proprietário do imóvel,MACEIÓ,PONTA DA TERRA,10038.86,m2,2026-09-01,2026-09-18,24,5.0,120,900306099778,CNO / Receita Federal
4.0,12258141,12258141000198,(sem nome no CNO) CNPJ 12258141000198,False,,,,obra_nova,"ARCADIS SERVICOS E CONSULTORIA LTDA — Ouro Branco, 13.898 m2 (pessoa jurídica construtora, vínculo)",vínculo,0053,Pessoa jurídica construtora,OURO BRANCO,Zona Rural,13898.4,m2,2026-09-01,2026-09-09,24,5.0,120,900304440678,CNO / Receita Federal
4.0,08439549,08439549000199,(sem nome no CNO) CNPJ 08439549000199,False,,,,obra_nova,"CONSTRUSAT ENGENHARIA LTDA — Craíbas, 19.500 Outra (pessoa jurídica construtora, vínculo)",vínculo,0053,Pessoa jurídica construtora,CRAÍBAS,CENTRO,19500.0,Outra,2026-09-01,2026-09-21,24,5.0,120,900306250577,CNO / Receita Federal
3.96,57179215,57179215000139,CONDOMINIO RESERVA DO CAJUEIRO EMPREENDIMENTO IMOBILIARIO SPE LTDA,True,Somente SESI,DEMAIS,Incorporacao de empreendimentos imobiliarios,obra_nova,"CONDOMINIO RESERVA DO CAJUEIRO EMPREENDIMENTO IMOBILIARIO SPE LTDA — Marechal Deodoro, 21.474 m2 (dono da obra, responsável)",responsável,0057,Dono da obra,MARECHAL DEODORO,POVOADO TAPERAGUÁ,21474.44,m2,2026-08-31,2026-08-31,25,5.0,120,900302934179,CNO / Receita Federal
3.77,43773181,43773181000100,MOREIRA NOBRE ENGENHARIA LTDA,True,Somente SESI,MICRO EMPRESA,Construcao de edificios,obra_nova,"MOREIRA NOBRE ENGENHARIA LTDA — Barra De São Miguel, 1.041 m2 (pessoa jurídica construtora, responsável)",responsável,0053,Pessoa jurídica construtora,BARRA DE SÃO MIGUEL,PRAIA BONITA,1041.4,m2,2026-09-18,2026-09-18,7,4.0,120,900306061672,CNO / Receita Federal
3.77,58011882,58011882000170,(sem nome no CNO) CNPJ 58011882000170,False,,,,obra_nova,"MOREIRA NOBRE ENGENHARIA LTDA — Barra De São Miguel, 1.041 m2 (pessoa jurídica construtora, vínculo)",vínculo,0053,Pessoa jurídica construtora,BARRA DE SÃO MIGUEL,PRAIA BONITA,1041.4,m2,2026-09-18,2026-09-18,7,4.0,120,900306061672,CNO / Receita Federal
3.47,12264628,12264628000183,(sem nome no CNO) CNPJ 12264628000183,False,,,,obra_nova,"CL2 CONSTRUCOES LTDA — Campo Alegre, 1.500 m2 (pessoa jurídica construtora, vínculo)",vínculo,0053,Pessoa jurídica construtora,CAMPO ALEGRE,SAO FRANCISCO,1499.72,m2,2026-09-09,2026-09-22,16,4.0,120,900306584775,CNO / Receita Federal
3.47,29210567,29210567000174,CL2 CONSTRUCOES LTDA,True,Sem relacionamento,MICRO EMPRESA,Construcao de edificios,obra_nova,"CL2 CONSTRUCOES LTDA — Campo Alegre, 1.500 m2 (pessoa jurídica construtora, responsável)",responsável,0053,Pessoa jurídica construtora,CAMPO ALEGRE,SAO FRANCISCO,1499.72,m2,2026-09-09,2026-09-22,16,4.0,120,900306584775,CNO / Receita Federal
3.42,12225546,12225546000120,(sem nome no CNO) CNPJ 12225546000120,False,,,,obra_nova,"DUPLA INCORPORACOES & CONSTRUCOES LTDA — Piranhas, 250.000 Outra (pessoa jurídica construtora, vínculo)",vínculo,0053,Pessoa jurídica construtora,PIRANHAS,centro,250000.0,Outra,2026-08-18,2026-09-02,38,5.0,120,900303459377,CNO / Receita Federal
3.42,35412200,35412200000136,DUPLA INCORPORACOES & CONSTRUCOES LTDA,False,,,,obra_nova,"DUPLA INCORPORACOES & CONSTRUCOES LTDA — Piranhas, 250.000 Outra (pessoa jurídica construtora, responsável)",responsável,0053,Pessoa jurídica construtora,PIRANHAS,centro,250000.0,Outra,2026-08-18,2026-09-02,38,5.0,120,900303459377,CNO / Receita Federal
3.2,12333761,12333761000144,(sem nome no CNO) CNPJ 12333761000144,False,,,,obra_nova,"45 CASAS MAR VERMELHO — Mar Vermelho, 2.136 m2 (pessoa jurídica construtora, vínculo)",vínculo,0053,Pessoa jurídica construtora,MAR VERMELHO,CENTRO,2135.7,m2,2026-09-01,2026-09-18,24,4.0,120,900305951671,CNO / Receita Federal
3.2,04287461,04287461000148,UNICON CONSTRUCOES LTDA,True,Somente SENAI,DEMAIS,Construcao de edificios,obra_nova,"45 CASAS MAR VERMELHO — Mar Vermelho, 2.136 m2 (pessoa jurídica construtora, responsável)",responsável,0053,Pessoa jurídica construtora,MAR VERMELHO,CENTRO,2135.7,m2,2026-09-01,2026-09-18,24,4.0,120,900305951671,CNO / Receita Federal
3.2,60142273,60142273000100,CONSORCIO CEIS ARAPIRACA,True,Sem relacionamento,DEMAIS,Construcao de edificios,obra_nova,"CONSORCIO RIACHO PIAUI CEIS — Arapiraca, 1.440 m2 (consórcio, responsável)",responsável,0109,Consórcio,ARAPIRACA,SAO LUIZ,1440.0,m2,2026-09-01,2026-09-18,24,4.0,120,900305983971,CNO / Receita Federal
3.2,04287461,04287461000148,UNICON CONSTRUCOES LTDA,True,Somente SENAI,DEMAIS,Construcao de edificios,obra_nova,"25 UH POÇO DAS TRINCHEIRAS — Poço Das Trincheiras, 1.188 m2 (pessoa jurídica construtora, responsável)",responsável,0053,Pessoa jurídica construtora,POÇO DAS TRINCHEIRAS,ZONA URBANA,1187.5,m2,2026-09-01,2026-09-21,24,4.0,120,900306354071,CNO / Receita Federal
3.2,04287461,04287461000148,UNICON CONSTRUCOES LTDA,True,Somente SENAI,DEMAIS,Construcao de edificios,obra_nova,"25 UH DOIS RIACHOS — Dois Riachos, 1.188 m2 (pessoa jurídica construtora, responsável)",responsável,0053,Pessoa jurídica construtora,DOIS RIACHOS,ZONA RURAL,1187.5,m2,2026-09-01,2026-09-21,24,4.0,120,900306237874,CNO / Receita Federal
3.2,12198693,12198693000158,(sem nome no CNO) CNPJ 12198693000158,False,,,,obra_nova,"CRECHE ZELIA BARBOSA CEIS — Arapiraca, 1.440 m2 (consórcio, vínculo)",vínculo,0109,Consórcio,ARAPIRACA,ZELIA BARBOSA ROCHA,1440.0,m2,2026-09-01,2026-09-08,24,4.0,120,900304216476,CNO / Receita Federal
3.2,12198693,12198693000158,(sem nome no CNO) CNPJ 12198693000158,False,,,,obra_nova,"CRECHE VILA SAO JOSE CEIS — Arapiraca, 1.440 m2 (consórcio, vínculo)",vínculo,0109,Consórcio,ARAPIRACA,VILA SÃO JOSE,1440.0,m2,2026-09-01,2026-09-08,24,4.0,120,900304219977,CNO / Receita Federal
3.2,12250916,12250916000189,(sem nome no CNO) CNPJ 12250916000189,False,,,,obra_nova,"50 UH SANTANA DO IPANEMA — Santana Do Ipanema, 2.375 m2 (pessoa jurídica construtora, vínculo)",vínculo,0053,Pessoa jurídica construtora,SANTANA DO IPANEMA,ZONA RURAL,2375.0,m2,2026-09-01,2026-09-21,24,4.0,120,900306356474,CNO / Receita Federal
3.2,60142273,60142273000100,CONSORCIO CEIS ARAPIRACA,True,Sem relacionamento,DEMAIS,Construcao de edificios,obra_nova,"CRECHE ZELIA BARBOSA CEIS — Arapiraca, 1.440 m2 (consórcio, responsável)",responsável,0109,Consórcio,ARAPIRACA,ZELIA BARBOSA ROCHA,1440.0,m2,2026-09-01,2026-09-08,24,4.0,120,900304216476,CNO / Receita Federal
3.2,10198262,10198262000166,GAMMA SOLUCOES LTDA,True,Sem relacionamento,DEMAIS,Instalacao e manutencao eletrica,obra_nova,"GAMMA SOLUCOES LTDA — Joaquim Gomes, 2.056 m2 (pessoa jurídica construtora, responsável)",responsável,0053,Pessoa jurídica construtora,JOAQUIM GOMES,BOA VISTA,2056.29,m2,2026-09-01,2026-09-08,24,4.0,120,900304186870,CNO / Receita Federal
3.2,00394544,00394544004253,(sem nome no CNO) CNPJ 00394544004253,False,,,,obra_nova,"GAMMA SOLUCOES LTDA — Joaquim Gomes, 2.056 m2 (pessoa jurídica construtora, vínculo)",vínculo,0053,Pessoa jurídica construtora,JOAQUIM GOMES,BOA VISTA,2056.29,m2,2026-09-01,2026-09-08,24,4.0,120,900304186870,CNO / Receita Federal
3.2,12259040,12259040000131,(sem nome no CNO) CNPJ 12259040000131,False,,,,obra_nova,"25 UH POÇO DAS TRINCHEIRAS — Poço Das Trincheiras, 1.188 m2 (pessoa jurídica construtora, vínculo)",vínculo,0053,Pessoa jurídica construtora,POÇO DAS TRINCHEIRAS,ZONA URBANA,1187.5,m2,2026-09-01,2026-09-21,24,4.0,120,900306354071,CNO / Receita Federal
3.2,04287461,04287461000148,UNICON CONSTRUCOES LTDA,True,Somente SENAI,DEMAIS,Construcao de edificios,obra_nova,"50 UH SANTANA DO IPANEMA — Santana Do Ipanema, 2.375 m2 (pessoa jurídica construtora, responsável)",responsável,0053,Pessoa jurídica construtora,SANTANA DO IPANEMA,ZONA RURAL,2375.0,m2,2026-09-01,2026-09-21,24,4.0,120,900306356474,CNO / Receita Federal
3.2,12198693,12198693000158,(sem nome no CNO) CNPJ 12198693000158,False,,,,obra_nova,"CONSORCIO RIACHO PIAUI CEIS — Arapiraca, 1.440 m2 (consórcio, vínculo)",vínculo,0109,Consórcio,ARAPIRACA,SAO LUIZ,1440.0,m2,2026-09-01,2026-09-18,24,4.0,120,900305983971,CNO / Receita Federal
3.2,12250908,12250908000132,(sem nome no CNO) CNPJ 12250908000132,False,,,,obra_nova,"25 UH DOIS RIACHOS — Dois Riachos, 1.188 m2 (pessoa jurídica construtora, vínculo)",vínculo,0053,Pessoa jurídica construtora,DOIS RIACHOS,ZONA RURAL,1187.5,m2,2026-09-01,2026-09-21,24,4.0,120,900306237874,CNO / Receita Federal
3.2,60142273,60142273000100,CONSORCIO CEIS ARAPIRACA,True,Sem relacionamento,DEMAIS,Construcao de edificios,obra_nova,"CRECHE VILA SAO JOSE CEIS — Arapiraca, 1.440 m2 (consórcio, responsável)",responsável,0109,Consórcio,ARAPIRACA,VILA SÃO JOSE,1440.0,m2,2026-09-01,2026-09-08,24,4.0,120,900304219977,CNO / Receita Federal
3.17,22213836,22213836000107,"J3 INCORPORACAO, ENGENHARIA E CONSTRUCAO LTDA",True,Sem relacionamento,DEMAIS,Construcao de edificios,obra_nova,"RESIDENCIAL SENADOR BENEDITO DE LIRA II — Rio Largo, 37.099 m2 (pessoa jurídica construtora, responsável)",responsável,0053,Pessoa jurídica construtora,RIO LARGO,LOURENÇO DE ALBUQUERQUE,37099.0,m2,2026-08-12,2026-08-13,44,5.0,120,900300384678,CNO / Receita Federal
3.17,03190167,03190167000150,(sem nome no CNO) CNPJ 03190167000150,False,,,,obra_nova,"RESIDENCIAL SENADOR BENEDITO DE LIRA II — Rio Largo, 37.099 m2 (pessoa jurídica construtora, vínculo)",vínculo,0053,Pessoa jurídica construtora,RIO LARGO,LOURENÇO DE ALBUQUERQUE,37099.0,m2,2026-08-12,2026-08-13,44,5.0,120,900300384678,CNO / Receita Federal
3.17,03190167,03190167000150,(sem nome no CNO) CNPJ 03190167000150,False,,,,obra_nova,"RESIDENCIAL IGREJA NOVA I — Igreja Nova, 13.310 m2 (pessoa jurídica construtora, vínculo)",vínculo,0053,Pessoa jurídica construtora,IGREJA NOVA,CENTRO,13310.32,m2,2026-08-12,2026-08-13,44,5.0,120,900300383579,CNO / Receita Federal
3.17,22213836,22213836000107,"J3 INCORPORACAO, ENGENHARIA E CONSTRUCAO LTDA",True,Sem relacionamento,DEMAIS,Construcao de edificios,obra_nova,"RESIDENCIAL IGREJA NOVA I — Igreja Nova, 13.310 m2 (pessoa jurídica construtora, responsável)",responsável,0053,Pessoa jurídica construtora,IGREJA NOVA,CENTRO,13310.32,m2,2026-08-12,2026-08-13,44,5.0,120,900300383579,CNO / Receita Federal
3.12,06937784,06937784000165,SOLIDEZ ENGENHARIA LTDA,True,Somente SENAI,DEMAIS,Construcao de edificios,obra_nova,"PARK PLAZA MURILOPOLIS — Maceió, 22.471 m2 (dono da obra, responsável)",responsável,0057,Dono da obra,MACEIÓ,SERRARIA,22471.43,m2,2026-08-11,2026-08-11,45,5.0,120,900299797779,CNO / Receita Federal
3.08,08343492,08343492000120,MRV ENGENHARIA E PARTICIPACOES SA,True,Somente SENAI,DEMAIS,Incorporacao de empreendimentos imobiliarios,obra_nova,"ILHA DE SAFIRA — Maceió, 34.292 m2 (proprietário do imóvel, responsável)",responsável,0070,Proprietário do imóvel,MACEIÓ,BARRO DURO,34291.95,m2,2026-08-10,2026-08-10,46,5.0,120,900299639077,CNO / Receita Federal
3.07,12335030,12335030000138,(sem nome no CNO) CNPJ 12335030000138,False,,,,obra_nova,"PAULO JACINTO — Paulo Jacinto, 1.780 m2 (pessoa jurídica construtora, vínculo)",vínculo,0053,Pessoa jurídica construtora,PAULO JACINTO,SANTA INêS,1780.0,m2,2026-08-28,2026-09-14,28,4.0,120,900305057476,CNO / Receita Federal
3.07,41391511,41391511000169,CAVALCANTI FARIAS LTDA,True,Somente SESI,DEMAIS,Construcao de edificios,obra_nova,"PAULO JACINTO — Paulo Jacinto, 1.780 m2 (pessoa jurídica construtora, responsável)",responsável,0053,Pessoa jurídica construtora,PAULO JACINTO,SANTA INêS,1780.0,m2,2026-08-28,2026-09-14,28,4.0,120,900305057476,CNO / Receita Federal
2.98,42831657,42831657000140,WL ENGENHARIA LTDA,True,Sem relacionamento,PEQUENO PORTE,Construcao de edificios,obra_nova,"WL ENGENHARIA LTDA — Canapi, 546 m2 (dono da obra, responsável)",responsável,0057,Dono da obra,CANAPI,ZONA RURAL,546.09,m2,2026-09-24,2026-09-24,1,3.0,120,900307045772,CNO / Receita Federal
2.92,37075344,37075344000170,PHS ENGENHARIA LTDA,True,Sem relacionamento,DEMAIS,Construcao de edificios,obra_nova,"PHS ENGENHARIA LTDA — Rio Largo, 129 m2 (pessoa jurídica construtora, responsável)",responsável,0053,Pessoa jurídica construtora,RIO LARGO,PREFEITO ANTÔNIO LINS DE SOUZA,128.53,m2,2026-09-22,2026-09-23,3,3.0,120,900306812079,CNO / Receita Federal
2.92,37075344,37075344000170,PHS ENGENHARIA LTDA,True,Sem relacionamento,DEMAIS,Construcao de edificios,obra_nova,"PHS ENGENHARIA LTDA — Rio Largo, 129 m2 (pessoa jurídica construtora, responsável)",responsável,0053,Pessoa jurídica construtora,RIO LARGO,Prefeito Antônio Lins de Souza,128.53,m2,2026-09-22,2026-09-23,3,3.0,120,900306810577,CNO / Receita Federal
2.92,37075344,37075344000170,PHS ENGENHARIA LTDA,True,Sem relacionamento,DEMAIS,Construcao de edificios,obra_nova,"PHS ENGENHARIA LTDA — Rio Largo, 129 m2 (pessoa jurídica construtora, responsável)",responsável,0053,Pessoa jurídica construtora,RIO LARGO,PREFEITO ANTÔNIO LINS DE SOUZA,128.53,m2,2026-09-22,2026-09-23,3,3.0,120,900306813874,CNO / Receita Federal
2.92,37075344,37075344000170,PHS ENGENHARIA LTDA,True,Sem relacionamento,DEMAIS,Construcao de edificios,obra_nova,"PHS ENGENHARIA LTDA — Rio Largo, 129 m2 (pessoa jurídica construtora, responsável)",responsável,0053,Pessoa jurídica construtora,RIO LARGO,Prefeito Antônio Lins de Souza,128.53,m2,2026-09-22,2026-09-23,3,3.0,120,900306801570,CNO / Receita Federal
2.83,42831657,42831657000140,WL ENGENHARIA LTDA,True,Sem relacionamento,PEQUENO PORTE,Construcao de edificios,obra_nova,"WL ENGENHARIA LTDA — Canapi, 1.016 m2 (dono da obra, responsável)",responsável,0057,Dono da obra,CANAPI,ZONA RURAL,1015.7,m2,2026-08-21,2026-08-24,35,4.0,120,900301902976,CNO / Receita Federal
2.83,12423715,12423715000136,CONSTRUTORA ROCHA LTDA,True,Sem relacionamento,DEMAIS,Construcao de edificios,obra_nova,"CONSTRUTORA ROCHA LTDA — Maceió, 15.106 m2 (proprietário do imóvel, responsável)",responsável,0070,Proprietário do imóvel,MACEIÓ,SERRARIA,15105.85,m2,2026-08-04,2026-08-07,52,5.0,120,900299474571,CNO / Receita Federal
2.8,42831657,42831657000140,WL ENGENHARIA LTDA,True,Sem relacionamento,PEQUENO PORTE,Construcao de edificios,obra_nova,"WL ENGENHARIA LTDA — Canapi, 259 m2 (dono da obra, responsável)",responsável,0057,Dono da obra,CANAPI,ZONA RURAL,259.47,m2,2026-09-17,2026-09-17,8,3.0,120,900305817576,CNO / Receita Federal
2.72,23585778,23585778000105,SBV SOLUCOES AMBIENTAIS LTDA,False,,,,obra_nova,"SBV SOLUCOES AMBIENTAIS LTDA — Piranhas, 400 m3 (dono da obra, responsável)",responsável,0057,Dono da obra,PIRANHAS,NOSSA SENHORA DA SAUDE,400.0,m3,2026-09-14,2026-09-23,11,3.0,120,900306745971,CNO / Receita Federal
2.72,12376906,12376906000194,DJ2 ENGENHARIA LTDA,False,,,,obra_nova,"DJ2 ENGENHARIA LTDA — Marechal Deodoro, 100 m2 (proprietário do imóvel, responsável)",responsável,0070,Proprietário do imóvel,MARECHAL DEODORO,CONJUNTO JOSE DIAS,100.0,m2,2026-09-14,2026-09-17,11,3.0,120,900305693272,CNO / Receita Federal
2.7,01631604,01631604000107,(sem nome no CNO) CNPJ 01631604000107,False,,,,obra_nova,"CAMPESTRE/AL — Campestre, 1.575 m2 (pessoa jurídica construtora, vínculo)",vínculo,0053,Pessoa jurídica construtora,CAMPESTRE,CENTRO,1575.0,m2,2026-08-17,2026-08-17,39,4.0,120,900300729176,CNO / Receita Federal
2.7,45944698,45944698000131,CONSTRUTORA MERIBA LTDA,True,Sem relacionamento,MICRO EMPRESA,Servicos de engenharia,obra_nova,"CAMPESTRE/AL — Campestre, 1.575 m2 (pessoa jurídica construtora, responsável)",responsável,0053,Pessoa jurídica construtora,CAMPESTRE,CENTRO,1575.0,m2,2026-08-17,2026-08-17,39,4.0,120,900300729176,CNO / Receita Federal
2.68,06344668,06344668000132,DJG GAN CONSTRUCOES LTDA,False,,,,obra_nova,"DJG GAN CONSTRUCOES LTDA — Maceió, 896 m2 (pessoa jurídica construtora, responsável)",responsável,0053,Pessoa jurídica construtora,MACEIÓ,JATIUCA,896.05,m2,2026-09-12,2026-09-12,13,3.0,120,900304958977,CNO / Receita Federal
2.68,61585865,61585865000151,(sem nome no CNO) CNPJ 61585865000151,False,,,,obra_nova,"DJG GAN CONSTRUCOES LTDA — Maceió, 896 m2 (pessoa jurídica construtora, vínculo)",vínculo,0053,Pessoa jurídica construtora,MACEIÓ,JATIUCA,896.05,m2,2026-09-12,2026-09-12,13,3.0,120,900304958977,CNO / Receita Federal
2.65,39580673,39580673000101,BRK AMBIENTAL - REGIAO METROPOLITANA DE MACEIO S.A.,True,SESI + SENAI,DEMAIS,"Captacao, tratamento e distribuicao de agua",obra_nova,"SAME CONSTRUTORA LTDA — Maceió, 500 Outra (pessoa jurídica construtora, vínculo)",vínculo,0053,Pessoa jurídica construtora,MACEIÓ,PRADO,500.0,Outra,2026-09-11,2026-09-15,14,3.0,120,900305380476,CNO / Receita Federal
2.65,23187835,23187835000106,SAME CONSTRUTORA LTDA,False,,,,obra_nova,"SAME CONSTRUTORA LTDA — Maceió, 500 Outra (pessoa jurídica construtora, responsável)",responsável,0053,Pessoa jurídica construtora,MACEIÓ,PRADO,500.0,Outra,2026-09-11,2026-09-15,14,3.0,120,900305380476,CNO / Receita Federal
2.6,28851130,28851130000157,G LOPES DE OLIVEIRA JUNIOR CONSTRUTORA LTDA,True,Sem relacionamento,PEQUENO PORTE,Construcao de edificios,obra_nova,"G LOPES DE OLIVEIRA JUNIOR CONSTRUTORA LTDA — Tanque D'Arca, 71 m2 (proprietário do imóvel, responsável)",responsável,0070,Proprietário do imóvel,TANQUE D'ARCA,CENTRO,70.62,m2,2026-09-09,2026-09-22,16,3.0,120,900306560874,CNO / Receita Federal
2.58,15811119,15811119000111,(sem nome no CNO) CNPJ 15811119000111,False,,,,obra_nova,"ESTRUTURE ENGENHARIA LTDA — Satuba, 72 m2 (pessoa jurídica construtora, vínculo)",vínculo,0053,Pessoa jurídica construtora,SATUBA,portal dos gregorios,72.0,m2,2026-09-08,2026-09-15,17,3.0,120,900305455079,CNO / Receita Federal
2.58,32783584,32783584000105,ESTRUTURE ENGENHARIA LTDA,False,,,,obra_nova,"ESTRUTURE ENGENHARIA LTDA — Satuba, 72 m2 (pessoa jurídica construtora, responsável)",responsável,0053,Pessoa jurídica construtora,SATUBA,portal dos gregorios,72.0,m2,2026-09-08,2026-09-15,17,3.0,120,900305455079,CNO / Receita Federal
2.57,63432565,63432565000168,PIRANHAS 01 SPE EMPREENDIMENTO IMOBILIARIO LTDA,True,Sem relacionamento,DEMAIS,Incorporacao de empreendimentos imobiliarios,obra_nova,"PIRANHAS 01 SPE EMPREENDIMENTO IMOBILIARIO LTDA — Piranhas, 2.499 m2 (proprietário do imóvel, responsável)",responsável,0070,Proprietário do imóvel,PIRANHAS,CENTRO HISTORICO,2499.29,m2,2026-08-13,2026-08-13,43,4.0,120,900300337375,CNO / Receita Federal
2.53,34040345,34040345000352,(sem nome no CNO) CNPJ 34040345000352,False,,,,obra_nova,"SEDE ADM DO PORTO DE MACEIÓ — Maceió, 1.403 m2 (pessoa jurídica construtora, vínculo)",vínculo,0053,Pessoa jurídica construtora,MACEIÓ,JARAGUA,1403.11,m2,2026-08-12,2026-09-24,44,4.0,120,900307018178,CNO / Receita Federal
2.53,06034228,06034228000189,PLATAFORMA ENGENHARIA LTDA,True,Somente SENAI,DEMAIS,Construcao de edificios,obra_nova,"SEDE ADM DO PORTO DE MACEIÓ — Maceió, 1.403 m2 (pessoa jurídica construtora, responsável)",responsável,0053,Pessoa jurídica construtora,MACEIÓ,JARAGUA,1403.11,m2,2026-08-12,2026-09-24,44,4.0,120,900307018178,CNO / Receita Federal
2.5,57206917,57206917000164,CONSORCIO PDA,True,Sem relacionamento,DEMAIS,Construcao de edificios,obra_nova,"CRECHE CRIA CAMPO ALEGRE II — Campo Alegre, 2.025 m2 (sociedade líder de consórcio, vínculo)",vínculo,0111,Sociedade líder de consórcio,CAMPO ALEGRE,BELA VISTA (LUZIAPOLIS),2024.99,m2,2026-08-11,2026-09-23,45,4.0,120,900306692672,CNO / Receita Federal
2.5,06034228,06034228000189,PLATAFORMA ENGENHARIA LTDA,True,Somente SENAI,DEMAIS,Construcao de edificios,obra_nova,"CRECHE CRIA CAMPO ALEGRE I — Campo Alegre, 2.025 m2 (sociedade líder de consórcio, responsável)",responsável,0111,Sociedade líder de consórcio,CAMPO ALEGRE,CENTRO,2024.99,m2,2026-08-11,2026-09-23,45,4.0,120,900306671678,CNO / Receita Federal
2.5,12200218,12200218000179,(sem nome no CNO) CNPJ 12200218000179,False,,,,obra_nova,"CRECHE CRIA CAMPO ALEGRE I — Campo Alegre, 2.025 m2 (sociedade líder de consórcio, vínculo)",vínculo,0111,Sociedade líder de consórcio,CAMPO ALEGRE,CENTRO,2024.99,m2,2026-08-11,2026-09-23,45,4.0,120,900306671678,CNO / Receita Federal
2.5,57206917,57206917000164,CONSORCIO PDA,True,Sem relacionamento,DEMAIS,Construcao de edificios,obra_nova,"CRECHE CRIA CAMPO ALEGRE I — Campo Alegre, 2.025 m2 (sociedade líder de consórcio, vínculo)",vínculo,0111,Sociedade líder de consórcio,CAMPO ALEGRE,CENTRO,2024.99,m2,2026-08-11,2026-09-23,45,4.0,120,900306671678,CNO / Receita Federal
2.5,12200218,12200218000179,(sem nome no CNO) CNPJ 12200218000179,False,,,,obra_nova,"CRECHE CRIA CAMPO ALEGRE II — Campo Alegre, 2.025 m2 (sociedade líder de consórcio, vínculo)",vínculo,0111,Sociedade líder de consórcio,CAMPO ALEGRE,BELA VISTA (LUZIAPOLIS),2024.99,m2,2026-08-11,2026-09-23,45,4.0,120,900306692672,CNO / Receita Federal
2.5,12200218,12200218000179,(sem nome no CNO) CNPJ 12200218000179,False,,,,obra_nova,"CRECHE CRIA MURICI II — Murici, 2.025 m2 (sociedade líder de consórcio, vínculo)",vínculo,0111,Sociedade líder de consórcio,MURICI,OLAVO CALHEIROS,2025.0,m2,2026-08-11,2026-09-01,45,4.0,120,900303199876,CNO / Receita Federal
2.5,06034228,06034228000189,PLATAFORMA ENGENHARIA LTDA,True,Somente SENAI,DEMAIS,Construcao de edificios,obra_nova,"CRECHE CRIA MURICI II — Murici, 2.025 m2 (sociedade líder de consórcio, responsável)",responsável,0111,Sociedade líder de consórcio,MURICI,OLAVO CALHEIROS,2025.0,m2,2026-08-11,2026-09-01,45,4.0,120,900303199876,CNO / Receita Federal
2.5,57206917,57206917000164,CONSORCIO PDA,True,Sem relacionamento,DEMAIS,Construcao de edificios,obra_nova,"CRECHE CRIA MURICI III — Murici, 2.025 m2 (sociedade líder de consórcio, vínculo)",vínculo,0111,Sociedade líder de consórcio,MURICI,OLAVO CALHEIROS,2025.0,m2,2026-08-11,2026-09-02,45,4.0,120,900303338078,CNO / Receita Federal
2.5,06034228,06034228000189,PLATAFORMA ENGENHARIA LTDA,True,Somente SENAI,DEMAIS,Construcao de edificios,obra_nova,"CRECHE CRIA MURICI III — Murici, 2.025 m2 (sociedade líder de consórcio, responsável)",responsável,0111,Sociedade líder de consórcio,MURICI,OLAVO CALHEIROS,2025.0,m2,2026-08-11,2026-09-02,45,4.0,120,900303338078,CNO / Receita Federal
2.5,12200218,12200218000179,(sem nome no CNO) CNPJ 12200218000179,False,,,,obra_nova,"CRECHE CRIA MURICI III — Murici, 2.025 m2 (sociedade líder de consórcio, vínculo)",vínculo,0111,Sociedade líder de consórcio,MURICI,OLAVO CALHEIROS,2025.0,m2,2026-08-11,2026-09-02,45,4.0,120,900303338078,CNO / Receita Federal
2.5,57206917,57206917000164,CONSORCIO PDA,True,Sem relacionamento,DEMAIS,Construcao de edificios,obra_nova,"CRECHE CRIA MURICI II — Murici, 2.025 m2 (sociedade líder de consórcio, vínculo)",vínculo,0111,Sociedade líder de consórcio,MURICI,OLAVO CALHEIROS,2025.0,m2,2026-08-11,2026-09-01,45,4.0,120,900303199876,CNO / Receita Federal
2.5,06034228,06034228000189,PLATAFORMA ENGENHARIA LTDA,True,Somente SENAI,DEMAIS,Construcao de edificios,obra_nova,"CRECHE CRIA CAMPO ALEGRE II — Campo Alegre, 2.025 m2 (sociedade líder de consórcio, responsável)",responsável,0111,Sociedade líder de consórcio,CAMPO ALEGRE,BELA VISTA (LUZIAPOLIS),2024.99,m2,2026-08-11,2026-09-23,45,4.0,120,900306692672,CNO / Receita Federal
2.47,12302113,12302113000120,F C EMPREENDIMENTOS IMOBILIARIOS LTDA,False,,,,obra_nova,"F C EMPREENDIMENTOS IMOBILIARIOS LTDA — Maceió, 1.758 m2 (dono da obra, responsável)",responsável,0057,Dono da obra,MACEIÓ,SERRARIA,1758.45,m2,2026-08-10,2026-08-10,46,4.0,120,900299683770,CNO / Receita Federal
2.45,55699378,55699378000117,CONSORCIO CRECHES SEDUC/AL 2024.,True,Somente SENAI,DEMAIS,Construcao de edificios,obra_nova,"CRECHES SEDUC 2024 - OLHO DAGUA DAS FLORES CT 14/2025 — Olho D'Água Das Flores, 840 m2 (consórcio, responsável)",responsável,0109,Consórcio,OLHO D'ÁGUA DAS FLORES,CENTRO,840.0,m2,2026-09-03,2026-09-10,22,3.0,120,900304580179,CNO / Receita Federal
2.45,12200218,12200218000179,(sem nome no CNO) CNPJ 12200218000179,False,,,,obra_nova,"CRECHES SEDUC 2024 - OLHO DAGUA DAS FLORES CT 14/2025 — Olho D'Água Das Flores, 840 m2 (consórcio, vínculo)",vínculo,0109,Consórcio,OLHO D'ÁGUA DAS FLORES,CENTRO,840.0,m2,2026-09-03,2026-09-10,22,3.0,120,900304580179,CNO / Receita Federal
2.42,00000000,00000000284289,(sem nome no CNO) CNPJ 00000000284289,False,,,,obra_nova,"CONSTRUTORA SIQUEIRA MOTTA LTDA — Poço Das Trincheiras, 92 m2 (pessoa jurídica construtora, vínculo)",vínculo,0053,Pessoa jurídica construtora,POÇO DAS TRINCHEIRAS,CENTRO,92.3,m2,2026-09-02,2026-09-02,23,3.0,120,900303514574,CNO / Receita Federal
2.42,02796312,02796312000189,CONSTRUTORA SIQUEIRA MOTTA LTDA,False,,,,obra_nova,"CONSTRUTORA SIQUEIRA MOTTA LTDA — Poço Das Trincheiras, 92 m2 (pessoa jurídica construtora, responsável)",responsável,0053,Pessoa jurídica construtora,POÇO DAS TRINCHEIRAS,CENTRO,92.3,m2,2026-09-02,2026-09-02,23,3.0,120,900303514574,CNO / Receita Federal
2.42,12200218,12200218000179,(sem nome no CNO) CNPJ 12200218000179,False,,,,obra_nova,"CRECHES SEDUC 2024 - FEIRA GRANDE CT 14/2025 — Feira Grande, 840 m2 (consórcio, vínculo)",vínculo,0109,Consórcio,FEIRA GRANDE,ZONA RURAL,840.0,m2,2026-09-02,2026-09-10,23,3.0,120,900304598074,CNO / Receita Federal
2.42,55699378,55699378000117,CONSORCIO CRECHES SEDUC/AL 2024.,True,Somente SENAI,DEMAIS,Construcao de edificios,obra_nova,"CRECHES SEDUC 2024 - FEIRA GRANDE CT 14/2025 — Feira Grande, 840 m2 (consórcio, responsável)",responsável,0109,Consórcio,FEIRA GRANDE,ZONA RURAL,840.0,m2,2026-09-02,2026-09-10,23,3.0,120,900304598074,CNO / Receita Federal
2.42,08620924,08620924000100,ALMEIDA CONSTRUCOES E INCORPORACOES E T LIMITADA,True,Sem relacionamento,DEMAIS,Obras de terraplenagem,obra_nova,"DEMOLIÇÃO MOREIRA NOBRE — Barra De São Miguel, 137 m2 (pessoa jurídica construtora, responsável)",responsável,0053,Pessoa jurídica construtora,BARRA DE SÃO MIGUEL,PRAIA BONITA,136.68,m2,2026-09-02,2026-09-18,23,3.0,120,900305982770,CNO / Receita Federal
2.42,12200218,12200218000179,(sem nome no CNO) CNPJ 12200218000179,False,,,,obra_nova,"CRECHES SEDUC 2024 - PORTO REAL DO COLEGIO II CT - 10/2025 — Porto Real Do Colégio, 840 m2 (consórcio, vínculo)",vínculo,0109,Consórcio,PORTO REAL DO COLÉGIO,CENTRO,840.0,m2,2026-09-02,2026-09-10,23,3.0,120,900304613277,CNO / Receita Federal
2.42,55699378,55699378000117,CONSORCIO CRECHES SEDUC/AL 2024.,True,Somente SENAI,DEMAIS,Construcao de edificios,obra_nova,"CRECHES SEDUC 2024 - PORTO REAL DO COLEGIO II CT - 10/2025 — Porto Real Do Colégio, 840 m2 (consórcio, responsável)",responsável,0109,Consórcio,PORTO REAL DO COLÉGIO,CENTRO,840.0,m2,2026-09-02,2026-09-10,23,3.0,120,900304613277,CNO / Receita Federal
2.42,43773181,43773181000100,MOREIRA NOBRE ENGENHARIA LTDA,True,Somente SESI,MICRO EMPRESA,Construcao de edificios,obra_nova,"DEMOLIÇÃO MOREIRA NOBRE — Barra De São Miguel, 137 m2 (pessoa jurídica construtora, vínculo)",vínculo,0053,Pessoa jurídica construtora,BARRA DE SÃO MIGUEL,PRAIA BONITA,136.68,m2,2026-09-02,2026-09-18,23,3.0,120,900305982770,CNO / Receita Federal
2.4,39580673,39580673000101,BRK AMBIENTAL - REGIAO METROPOLITANA DE MACEIO S.A.,True,SESI + SENAI,DEMAIS,"Captacao, tratamento e distribuicao de agua",obra_nova,"TECMASTER ENGENHARIA E CONSTRUCOES LTDA - EM RECUPERACAO JUDICIAL — Maceió, 650 Outra (pessoa jurídica construtora, vínculo)",vínculo,0053,Pessoa jurídica construtora,MACEIÓ,FAROL,650.0,Outra,2026-09-01,2026-09-24,24,3.0,120,900306901774,CNO / Receita Federal
2.4,04191808,04191808000154,TECMASTER ENGENHARIA E CONSTRUCOES LTDA - EM RECUPERACAO JUDICIAL,True,Sem relacionamento,DEMAIS,"Construcao de redes de transportes por dutos, exceto para agua e esgoto",obra_nova,"TECMASTER ENGENHARIA E CONSTRUCOES LTDA - EM RECUPERACAO JUDICIAL — Maceió, 650 Outra (pessoa jurídica construtora, responsável)",responsável,0053,Pessoa jurídica construtora,MACEIÓ,FAROL,650.0,Outra,2026-09-01,2026-09-24,24,3.0,120,900306901774,CNO / Receita Federal
2.4,06626253,06626253000151,(sem nome no CNO) CNPJ 06626253000151,False,,,,obra_nova,"CNO - MARECHAL — Marechal Deodoro, 247 m2 (pessoa jurídica construtora, vínculo)",vínculo,0053,Pessoa jurídica construtora,MARECHAL DEODORO,Praia do Francês,246.6,m2,2026-09-01,2026-09-14,24,3.0,120,900305145376,CNO / Receita Federal
2.4,04287461,04287461000148,UNICON CONSTRUCOES LTDA,True,Somente SENAI,DEMAIS,Construcao de edificios,obra_nova,"20 UH POÇO DAS TRINCHEIRAS — Poço Das Trincheiras, 950 m2 (pessoa jurídica construtora, responsável)",responsável,0053,Pessoa jurídica construtora,POÇO DAS TRINCHEIRAS,POVOADO,950.0,m2,2026-09-01,2026-09-21,24,3.0,120,900306334474,CNO / Receita Federal
2.4,04287461,04287461000148,UNICON CONSTRUCOES LTDA,True,Somente SENAI,DEMAIS,Construcao de edificios,obra_nova,"20 UH DOIS RIACHOS — Dois Riachos, 950 m2 (pessoa jurídica construtora, responsável)",responsável,0053,Pessoa jurídica construtora,DOIS RIACHOS,ZONA RURAL,950.0,m2,2026-09-01,2026-09-21,24,3.0,120,900306230376,CNO / Receita Federal
2.4,04287461,04287461000148,UNICON CONSTRUCOES LTDA,True,Somente SENAI,DEMAIS,Construcao de edificios,obra_nova,"20 UH CACIMBINHAS — Cacimbinhas, 950 m2 (pessoa jurídica construtora, responsável)",responsável,0053,Pessoa jurídica construtora,CACIMBINHAS,ZONA URBANA,950.0,m2,2026-09-01,2026-09-18,24,3.0,120,900306007078,CNO / Receita Federal
2.4,04287461,04287461000148,UNICON CONSTRUCOES LTDA,True,Somente SENAI,DEMAIS,Construcao de edificios,obra_nova,"20 CASAS MAR VERMELHO — Mar Vermelho, 950 m2 (pessoa jurídica construtora, responsável)",responsável,0053,Pessoa jurídica construtora,MAR VERMELHO,ZONA URBANA,950.0,m2,2026-09-01,2026-09-18,24,3.0,120,900305975572,CNO / Receita Federal
2.4,15401489,15401489000180,AGRESTE SANEAMENTO S.A.,True,Somente SESI,DEMAIS,"Captacao, tratamento e distribuicao de agua",obra_nova,"K TEK SOLUCOES DE ENGENHARIA LTDA — Arapiraca, 318 m2 (pessoa jurídica construtora, vínculo)",vínculo,0053,Pessoa jurídica construtora,ARAPIRACA,BOM SUCESSO,318.24,m2,2026-09-01,2026-09-04,24,3.0,120,900303868175,CNO / Receita Federal
2.4,60746948,60746948038942,(sem nome no CNO) CNPJ 60746948038942,False,,,,obra_nova,"UNIFIX ENGENHARIA LTDA — Maceió, 560 m2 (pessoa jurídica construtora, vínculo)",vínculo,0053,Pessoa jurídica construtora,MACEIÓ,CENTRO,560.0,m2,2026-09-01,2026-09-04,24,3.0,120,900303954470,CNO / Receita Federal
2.4,00000000,00000000148180,(sem nome no CNO) CNPJ 00000000148180,False,,,,obra_nova,"CONSTRUTORA SIQUEIRA MOTTA LTDA — São José Da Laje, 100 m2 (pessoa jurídica construtora, vínculo)",vínculo,0053,Pessoa jurídica construtora,SÃO JOSÉ DA LAJE,CENTRO,100.0,m2,2026-09-01,2026-09-01,24,3.0,120,900303197575,CNO / Receita Federal
2.4,40838591,40838591000195,UNIFIX ENGENHARIA LTDA,False,,,,obra_nova,"UNIFIX ENGENHARIA LTDA — Maceió, 560 m2 (pessoa jurídica construtora, responsável)",responsável,0053,Pessoa jurídica construtora,MACEIÓ,CENTRO,560.0,m2,2026-09-01,2026-09-04,24,3.0,120,900303954470,CNO / Receita Federal
2.4,13829465,13829465000100,A J PROJETOS E CONSTRUCOES LTDA,False,,,,obra_nova,"A J PROJETOS E CONSTRUCOES LTDA — São Miguel Dos Campos, 71 m2 (pessoa jurídica construtora, responsável)",responsável,0053,Pessoa jurídica construtora,SÃO MIGUEL DOS CAMPOS,HELIO JATOBA,71.0,m2,2026-09-01,2026-09-01,24,3.0,120,900303293874,CNO / Receita Federal
2.4,02796312,02796312000189,CONSTRUTORA SIQUEIRA MOTTA LTDA,False,,,,obra_nova,"CONSTRUTORA SIQUEIRA MOTTA LTDA — São José Da Laje, 100 m2 (pessoa jurídica construtora, responsável)",responsável,0053,Pessoa jurídica construtora,SÃO JOSÉ DA LAJE,CENTRO,100.0,m2,2026-09-01,2026-09-01,24,3.0,120,900303197575,CNO / Receita Federal
2.4,13829465,13829465000100,A J PROJETOS E CONSTRUCOES LTDA,False,,,,obra_nova,"A J PROJETOS E CONSTRUCOES LTDA — São Miguel Dos Campos, 71 m2 (pessoa jurídica construtora, responsável)",responsável,0053,Pessoa jurídica construtora,SÃO MIGUEL DOS CAMPOS,HELIO JATOBA,71.34,m2,2026-09-01,2026-09-01,24,3.0,120,900303284775,CNO / Receita Federal
2.4,11159179,11159179000140,L T CONSTRUTORA LTDA,True,Sem relacionamento,PEQUENO PORTE,Construcao de edificios,obra_nova,"L T CONSTRUTORA LTDA — Coruripe, 61 m2 (proprietário do imóvel, responsável)",responsável,0070,Proprietário do imóvel,CORURIPE,ALTO DA SAUDADE,60.68,m2,2026-09-01,2026-09-09,24,3.0,120,900304473474,CNO / Receita Federal
2.4,55699378,55699378000117,CONSORCIO CRECHES SEDUC/AL 2024.,True,Somente SENAI,DEMAIS,Construcao de edificios,obra_nova,"CRECHES SEDUC 2024 - JAPARATINGA CT - 14/2025 — Japaratinga, 840 m2 (consórcio, responsável)",responsável,0109,Consórcio,JAPARATINGA,CENTRO,840.0,m2,2026-09-01,2026-09-10,24,3.0,120,900304613973,CNO / Receita Federal
2.4,29871297,29871297000142,K TEK SOLUCOES DE ENGENHARIA LTDA,False,,,,obra_nova,"K TEK SOLUCOES DE ENGENHARIA LTDA — Arapiraca, 318 m2 (pessoa jurídica construtora, responsável)",responsável,0053,Pessoa jurídica construtora,ARAPIRACA,BOM SUCESSO,318.24,m2,2026-09-01,2026-09-04,24,3.0,120,900303868175,CNO / Receita Federal
2.4,41160680,41160680000198,F . P . CONSTRUTORA LTDA,True,SESI + SENAI,DEMAIS,Obras de terraplenagem,obra_nova,"PAVIMENTAÇÃO E DRENAGEM DOS ACESSOS AO POVOADO CAPELA NO MUNICIPIO DE PENEDO — Penedo, 4 km (pessoa jurídica construtora, responsável)",responsável,0053,Pessoa jurídica construtora,PENEDO,POV CAPELA,3.98,km,2026-09-01,2026-09-16,24,3.0,120,900305674374,CNO / Receita Federal
2.4,12243697,12243697000100,(sem nome no CNO) CNPJ 12243697000100,False,,,,obra_nova,"PAVIMENTAÇÃO E DRENAGEM DOS ACESSOS AO POVOADO CAPELA NO MUNICIPIO DE PENEDO — Penedo, 4 km (pessoa jurídica construtora, vínculo)",vínculo,0053,Pessoa jurídica construtora,PENEDO,POV CAPELA,3.98,km,2026-09-01,2026-09-16,24,3.0,120,900305674374,CNO / Receita Federal
2.4,12259040,12259040000131,(sem nome no CNO) CNPJ 12259040000131,False,,,,obra_nova,"20 UH POÇO DAS TRINCHEIRAS — Poço Das Trincheiras, 950 m2 (pessoa jurídica construtora, vínculo)",vínculo,0053,Pessoa jurídica construtora,POÇO DAS TRINCHEIRAS,POVOADO,950.0,m2,2026-09-01,2026-09-21,24,3.0,120,900306334474,CNO / Receita Federal
2.4,12227971,12227971000158,(sem nome no CNO) CNPJ 12227971000158,False,,,,obra_nova,"20 UH CACIMBINHAS — Cacimbinhas, 950 m2 (pessoa jurídica construtora, vínculo)",vínculo,0053,Pessoa jurídica construtora,CACIMBINHAS,ZONA URBANA,950.0,m2,2026-09-01,2026-09-18,24,3.0,120,900306007078,CNO / Receita Federal
2.4,12200218,12200218000179,(sem nome no CNO) CNPJ 12200218000179,False,,,,obra_nova,"CRECHES SEDUC 2024 - JAPARATINGA CT - 14/2025 — Japaratinga, 840 m2 (consórcio, vínculo)",vínculo,0109,Consórcio,JAPARATINGA,CENTRO,840.0,m2,2026-09-01,2026-09-10,24,3.0,120,900304613973,CNO / Receita Federal
2.4,12333761,12333761000144,(sem nome no CNO) CNPJ 12333761000144,False,,,,obra_nova,"20 CASAS MAR VERMELHO — Mar Vermelho, 950 m2 (pessoa jurídica construtora, vínculo)",vínculo,0053,Pessoa jurídica construtora,MAR VERMELHO,ZONA URBANA,950.0,m2,2026-09-01,2026-09-18,24,3.0,120,900305975572,CNO / Receita Federal
2.4,30132334,30132334000180,GUIMARAES MELO - ENGENHARIA LTDA,False,,,,obra_nova,"CNO - MARECHAL — Marechal Deodoro, 247 m2 (pessoa jurídica construtora, responsável)",responsável,0053,Pessoa jurídica construtora,MARECHAL DEODORO,Praia do Francês,246.6,m2,2026-09-01,2026-09-14,24,3.0,120,900305145376,CNO / Receita Federal
2.4,12250908,12250908000132,(sem nome no CNO) CNPJ 12250908000132,False,,,,obra_nova,"20 UH DOIS RIACHOS — Dois Riachos, 950 m2 (pessoa jurídica construtora, vínculo)",vínculo,0053,Pessoa jurídica construtora,DOIS RIACHOS,ZONA RURAL,950.0,m2,2026-09-01,2026-09-21,24,3.0,120,900306230376,CNO / Receita Federal
2.38,49122901,49122901000145,J L L INCORPORADORA E CONSTRUTORA LTDA,True,Sem relacionamento,DEMAIS,Incorporacao de empreendimentos imobiliarios,obra_nova,"J L L INCORPORADORA E CONSTRUTORA LTDA — Arapiraca, 144 m2 (dono da obra, responsável)",responsável,0057,Dono da obra,ARAPIRACA,VERDES CAMPOS,143.64,m2,2026-08-31,2026-09-08,25,3.0,120,900304098079,CNO / Receita Federal
2.33,10825373,10825373000155,(sem nome no CNO) CNPJ 10825373000155,False,,,,obra_nova,"PLANA EDIFICACOES LTDA — Girau Do Ponciano, 6.201 Outra (pessoa jurídica construtora, vínculo)",vínculo,0053,Pessoa jurídica construtora,GIRAU DO PONCIANO,ALTO DO CRUZEIRO,6200.99,Outra,2026-07-23,2026-08-06,64,5.0,120,900299159172,CNO / Receita Federal
2.33,05346248,05346248000122,PLANA EDIFICACOES LTDA,False,,,,obra_nova,"PLANA EDIFICACOES LTDA — Girau Do Ponciano, 6.201 Outra (pessoa jurídica construtora, responsável)",responsável,0053,Pessoa jurídica construtora,GIRAU DO PONCIANO,ALTO DO CRUZEIRO,6200.99,Outra,2026-07-23,2026-08-06,64,5.0,120,900299159172,CNO / Receita Federal
2.3,53159348,53159348000192,MASSA SERVICOS LTDA,False,,,,obra_nova,"MASSA SERVICOS LTDA — Maceió, 200 m2 (dono da obra, responsável)",responsável,0057,Dono da obra,MACEIÓ,CRUZ DAS ALMAS,200.0,m2,2026-08-28,2026-09-02,28,3.0,120,900303416875,CNO / Receita Federal
2.29,63848342,63848342000186,ASSOCIACAO DOS ADQUIRENTES DE UNIDADES AUTONOMAS DO CONDOMINIO CONNECT IN,False,,,,obra_nova,"ASSOCIACAO DOS ADQUIRENTES DE UNIDADES AUTONOMAS DO CONDOMINIO CONNECT IN — Maceió, 12.103 m2 (dono da obra, responsável)",responsável,0057,Dono da obra,MACEIÓ,PAJUCARA,12103.49,m2,2026-07-22,2026-08-10,65,5.0,120,900299593478,CNO / Receita Federal
2.28,23001832,23001832000128,CONSTRUTORA REMAJ LTDA,True,Sem relacionamento,PEQUENO PORTE,Construcao de edificios,obra_nova,"CONSTRUTORA REMAJ LTDA — Rio Largo, 75 m2 (dono da obra, responsável)",responsável,0057,Dono da obra,RIO LARGO,PREFEITO ANTONIO L DE SOUZA,74.91,m2,2026-08-27,2026-08-28,29,3.0,120,900302739379,CNO / Receita Federal
2.28,23001832,23001832000128,CONSTRUTORA REMAJ LTDA,True,Sem relacionamento,PEQUENO PORTE,Construcao de edificios,obra_nova,"CONSTRUTORA REMAJ LTDA — Rio Largo, 73 m2 (dono da obra, responsável)",responsável,0057,Dono da obra,RIO LARGO,PREFEITO ANTONIO L DE SOUZA,73.46,m2,2026-08-27,2026-08-28,29,3.0,120,900302725379,CNO / Receita Federal
2.28,23001832,23001832000128,CONSTRUTORA REMAJ LTDA,True,Sem relacionamento,PEQUENO PORTE,Construcao de edificios,obra_nova,"CONSTRUTORA REMAJ LTDA — Rio Largo, 77 m2 (dono da obra, responsável)",responsável,0057,Dono da obra,RIO LARGO,PREFEITO ANTONIO L DE SOUZA,77.17,m2,2026-08-27,2026-08-28,29,3.0,120,900302733379,CNO / Receita Federal
2.28,42831657,42831657000140,WL ENGENHARIA LTDA,True,Sem relacionamento,PEQUENO PORTE,Construcao de edificios,obra_nova,"WL ENGENHARIA LTDA — Canapi, 150 m2 (dono da obra, responsável)",responsável,0057,Dono da obra,CANAPI,ZONA RURAL,150.18,m2,2026-08-27,2026-08-28,29,3.0,120,900302690370,CNO / Receita Federal
2.28,23001832,23001832000128,CONSTRUTORA REMAJ LTDA,True,Sem relacionamento,PEQUENO PORTE,Construcao de edificios,obra_nova,"CONSTRUTORA REMAJ LTDA — Rio Largo, 75 m2 (dono da obra, responsável)",responsável,0057,Dono da obra,RIO LARGO,PREFEITO ANTONIO L DE SOUZA,74.91,m2,2026-08-27,2026-08-28,29,3.0,120,900302736871,CNO / Receita Federal
2.28,23001832,23001832000128,CONSTRUTORA REMAJ LTDA,True,Sem relacionamento,PEQUENO PORTE,Construcao de edificios,obra_nova,"CONSTRUTORA REMAJ LTDA — Rio Largo, 75 m2 (dono da obra, responsável)",responsável,0057,Dono da obra,RIO LARGO,PREFEITO ANTONIO L DE SOUZA,74.91,m2,2026-08-27,2026-08-28,29,3.0,120,900302734376,CNO / Receita Federal
2.28,23001832,23001832000128,CONSTRUTORA REMAJ LTDA,True,Sem relacionamento,PEQUENO PORTE,Construcao de edificios,obra_nova,"CONSTRUTORA REMAJ LTDA — Rio Largo, 77 m2 (dono da obra, responsável)",responsável,0057,Dono da obra,RIO LARGO,PREFEITO ANTONIO L DE SOUZA,77.17,m2,2026-08-27,2026-08-28,29,3.0,120,900302730174,CNO / Receita Federal
2.28,23001832,23001832000128,CONSTRUTORA REMAJ LTDA,True,Sem relacionamento,PEQUENO PORTE,Construcao de edificios,obra_nova,"CONSTRUTORA REMAJ LTDA — Rio Largo, 77 m2 (dono da obra, responsável)",responsável,0057,Dono da obra,RIO LARGO,PREFEITO ANTONIO L DE SOUZA,77.17,m2,2026-08-27,2026-08-28,29,3.0,120,900302731877,CNO / Receita Federal
2.28,23001832,23001832000128,CONSTRUTORA REMAJ LTDA,True,Sem relacionamento,PEQUENO PORTE,Construcao de edificios,obra_nova,"CONSTRUTORA REMAJ LTDA — Rio Largo, 75 m2 (dono da obra, responsável)",responsável,0057,Dono da obra,RIO LARGO,PREFEITO ANTONIO L DE SOUZA,74.91,m2,2026-08-27,2026-08-28,29,3.0,120,900302742970,CNO / Receita Federal
2.28,23001832,23001832000128,CONSTRUTORA REMAJ LTDA,True,Sem relacionamento,PEQUENO PORTE,Construcao de edificios,obra_nova,"CONSTRUTORA REMAJ LTDA — Rio Largo, 75 m2 (dono da obra, responsável)",responsável,0057,Dono da obra,RIO LARGO,PREFEITO ANTONIO L DE SOUZA,74.91,m2,2026-08-27,2026-08-28,29,3.0,120,900302740772,CNO / Receita Federal
2.25,28851130,28851130000157,G LOPES DE OLIVEIRA JUNIOR CONSTRUTORA LTDA,True,Sem relacionamento,PEQUENO PORTE,Construcao de edificios,obra_nova,"G LOPES DE OLIVEIRA JUNIOR CONSTRUTORA LTDA — Tanque D'Arca, 72 m2 (proprietário do imóvel, responsável)",responsável,0070,Proprietário do imóvel,TANQUE D'ARCA,CENTRO,72.24,m2,2026-08-26,2026-09-22,30,3.0,120,900306558670,CNO / Receita Federal
2.23,57467393,57467393000165,MARGHOT BOUTIQUE HOTEL LAGE LTDA,False,,,,obra_nova,"MARGHOT BOUTIQUE HOTEL LAGE LTDA — Porto De Pedras, 1.250 m2 (dono da obra, responsável)",responsável,0057,Dono da obra,PORTO DE PEDRAS,LAGES,1250.18,m2,2026-08-03,2026-08-11,53,4.0,120,900299751079,CNO / Receita Federal
2.22,55699378,55699378000117,CONSORCIO CRECHES SEDUC/AL 2024.,True,Somente SENAI,DEMAIS,Construcao de edificios,obra_nova,"CRECHES SEDUC 2024 - PORTO CALVO CT - 14/2025 — Porto Calvo, 840 m2 (consórcio, responsável)",responsável,0109,Consórcio,PORTO CALVO,CENTRO,840.0,m2,2026-08-25,2026-09-10,31,3.0,120,900304553578,CNO / Receita Federal
2.22,55699378,55699378000117,CONSORCIO CRECHES SEDUC/AL 2024.,True,Somente SENAI,DEMAIS,Construcao de edificios,obra_nova,"CRECHES SEDUC 2024 - LIMOEIRO DE ANADIA II CT - 14/2025 — Limoeiro De Anadia, 840 m2 (consórcio, responsável)",responsável,0109,Consórcio,LIMOEIRO DE ANADIA,ZONA RURAL,840.0,m2,2026-08-25,2026-09-08,31,3.0,120,900304218971,CNO / Receita Federal
2.22,55699378,55699378000117,CONSORCIO CRECHES SEDUC/AL 2024.,True,Somente SENAI,DEMAIS,Construcao de edificios,obra_nova,"CRECHES SEDUC 2024 - SAO MIGUEL DOS MILAGRES II CT - 13/2025 — São Miguel Dos Milagres, 840 m2 (consórcio, responsável)",responsável,0109,Consórcio,SÃO MIGUEL DOS MILAGRES,CENTRO,840.0,m2,2026-08-25,2026-09-08,31,3.0,120,900304215172,CNO / Receita Federal
2.22,12200218,12200218000179,(sem nome no CNO) CNPJ 12200218000179,False,,,,obra_nova,"CRECHES SEDUC 2024 - SAO MIGUEL DOS MILAGRES II CT - 13/2025 — São Miguel Dos Milagres, 840 m2 (consórcio, vínculo)",vínculo,0109,Consórcio,SÃO MIGUEL DOS MILAGRES,CENTRO,840.0,m2,2026-08-25,2026-09-08,31,3.0,120,900304215172,CNO / Receita Federal
2.22,12200218,12200218000179,(sem nome no CNO) CNPJ 12200218000179,False,,,,obra_nova,"CRECHES SEDUC 2024 - LIMOEIRO DE ANADIA II CT - 14/2025 — Limoeiro De Anadia, 840 m2 (consórcio, vínculo)",vínculo,0109,Consórcio,LIMOEIRO DE ANADIA,ZONA RURAL,840.0,m2,2026-08-25,2026-09-08,31,3.0,120,900304218971,CNO / Receita Federal
2.22,35335154,35335154000119,DBN - DEBONI SISTEMAS CONSTRUTIVOS LTDA,True,Sem relacionamento,DEMAIS,Construcao de edificios,obra_nova,"DBN-DEBONI SIST CONST LTDA-CHECHE SANTANA DO IPANEMA V — Santana Do Ipanema, 811 m2 (pessoa jurídica construtora, responsável)",responsável,0053,Pessoa jurídica construtora,SANTANA DO IPANEMA,LOTEAMENTO LUAR DE SANTANA,811.46,m2,2026-08-25,2026-09-22,31,3.0,120,900306557478,CNO / Receita Federal
2.22,12200218,12200218000179,(sem nome no CNO) CNPJ 12200218000179,False,,,,obra_nova,"CRECHES SEDUC 2024 - PORTO CALVO CT - 14/2025 — Porto Calvo, 840 m2 (consórcio, vínculo)",vínculo,0109,Consórcio,PORTO CALVO,CENTRO,840.0,m2,2026-08-25,2026-09-10,31,3.0,120,900304553578,CNO / Receita Federal
2.22,12200218,12200218000179,(sem nome no CNO) CNPJ 12200218000179,False,,,,obra_nova,"DBN-DEBONI SIST CONST LTDA-CHECHE SANTANA DO IPANEMA V — Santana Do Ipanema, 811 m2 (pessoa jurídica construtora, vínculo)",vínculo,0053,Pessoa jurídica construtora,SANTANA DO IPANEMA,LOTEAMENTO LUAR DE SANTANA,811.46,m2,2026-08-25,2026-09-22,31,3.0,120,900306557478,CNO / Receita Federal
2.21,12251468,12251468000138,(sem nome no CNO) CNPJ 12251468000138,False,,,,obra_nova,"T R A ENGENHARIA LTDA — Olho D'Água Das Flores, 6.428 m2 (pessoa jurídica construtora, vínculo)",vínculo,0053,Pessoa jurídica construtora,OLHO D'ÁGUA DAS FLORES,ZONA RURAL,6427.54,m2,2026-07-20,2026-08-27,67,5.0,120,900302425372,CNO / Receita Federal
2.21,37383978,37383978000190,T R A ENGENHARIA LTDA,True,Sem relacionamento,PEQUENO PORTE,Servicos de engenharia,obra_nova,"T R A ENGENHARIA LTDA — Olho D'Água Das Flores, 6.428 m2 (pessoa jurídica construtora, responsável)",responsável,0053,Pessoa jurídica construtora,OLHO D'ÁGUA DAS FLORES,ZONA RURAL,6427.54,m2,2026-07-20,2026-08-27,67,5.0,120,900302425372,CNO / Receita Federal
2.21,66972826,66972826000120,CONDOMINIO DE CONSTRUCAO BEACH CLASS MILAGRES,False,,,,obra_nova,"CONDOMINIO DE CONSTRUCAO BEACH CLASS MILAGRES — São Miguel Dos Milagres, 28.965 m2 (dono da obra, responsável)",responsável,0057,Dono da obra,SÃO MIGUEL DOS MILAGRES,CENTRO,28965.05,m2,2026-07-20,2026-08-28,67,5.0,120,900302647176,CNO / Receita Federal
2.17,08439549,08439549000199,(sem nome no CNO) CNPJ 08439549000199,False,,,,obra_nova,"50 UH CRAÍBAS — Craíbas, 2.692 m2 (pessoa jurídica construtora, vínculo)",vínculo,0053,Pessoa jurídica construtora,CRAÍBAS,CENTRO,2691.5,m2,2026-08-01,2026-08-12,55,4.0,120,900300145776,CNO / Receita Federal
2.17,12241865,12241865000129,(sem nome no CNO) CNPJ 12241865000129,False,,,,obra_nova,"25 UH DE TANQUE D'ARCA — Tanque D'Arca, 1.188 m2 (pessoa jurídica construtora, vínculo)",vínculo,0053,Pessoa jurídica construtora,TANQUE D'ARCA,CENTRO,1187.5,m2,2026-08-01,2026-08-14,55,4.0,120,900300562778,CNO / Receita Federal
2.17,15193393,15193393000174,CONSTRUTORA SCALISSO LTDA,False,,,,obra_nova,"TABULEIRO II — Maceió, 3.000 m2 (pessoa jurídica construtora, responsável)",responsável,0053,Pessoa jurídica construtora,MACEIÓ,TABULEIRO DO MARTINS,3000.0,m2,2026-08-01,2026-08-25,55,4.0,120,900302129577,CNO / Receita Federal
2.17,28413401,28413401002640,(sem nome no CNO) CNPJ 28413401002640,False,,,,obra_nova,"TABULEIRO II — Maceió, 3.000 m2 (pessoa jurídica construtora, vínculo)",vínculo,0053,Pessoa jurídica construtora,MACEIÓ,TABULEIRO DO MARTINS,3000.0,m2,2026-08-01,2026-08-25,55,4.0,120,900302129577,CNO / Receita Federal
2.17,24176307,24176307000106,(sem nome no CNO) CNPJ 24176307000106,False,,,,obra_nova,"25 UH ESTRELA DE ALAGOAS — Estrela De Alagoas, 1.188 m2 (pessoa jurídica construtora, vínculo)",vínculo,0053,Pessoa jurídica construtora,ESTRELA DE ALAGOAS,ZONA URBANA,1187.5,m2,2026-08-01,2026-08-19,55,4.0,120,900301143177,CNO / Receita Federal
2.17,04287461,04287461000148,UNICON CONSTRUCOES LTDA,True,Somente SENAI,DEMAIS,Construcao de edificios,obra_nova,"50 UH CRAÍBAS — Craíbas, 2.692 m2 (pessoa jurídica construtora, responsável)",responsável,0053,Pessoa jurídica construtora,CRAÍBAS,CENTRO,2691.5,m2,2026-08-01,2026-08-12,55,4.0,120,900300145776,CNO / Receita Federal
2.17,04287461,04287461000148,UNICON CONSTRUCOES LTDA,True,Somente SENAI,DEMAIS,Construcao de edificios,obra_nova,"25 UH ESTRELA DE ALAGOAS — Estrela De Alagoas, 1.188 m2 (pessoa jurídica construtora, responsável)",responsável,0053,Pessoa jurídica construtora,ESTRELA DE ALAGOAS,ZONA URBANA,1187.5,m2,2026-08-01,2026-08-19,55,4.0,120,900301143177,CNO / Receita Federal
2.17,04287461,04287461000148,UNICON CONSTRUCOES LTDA,True,Somente SENAI,DEMAIS,Construcao de edificios,obra_nova,"25 UH DE TANQUE D'ARCA — Tanque D'Arca, 1.188 m2 (pessoa jurídica construtora, responsável)",responsável,0053,Pessoa jurídica construtora,TANQUE D'ARCA,CENTRO,1187.5,m2,2026-08-01,2026-08-14,55,4.0,120,900300562778,CNO / Receita Federal
2.13,13234724,13234724000141,MOREIRA MOUTINHO ENGENHARIA LTDA,False,,,,obra_nova,"Servico de Engenharia para Reforma da Ag Delmiro Gouveia AL — Delmiro Gouveia, 1.298 m2 (pessoa jurídica construtora, responsável)",responsável,0053,Pessoa jurídica construtora,DELMIRO GOUVEIA,CENTRO,1298.5,m2,2026-07-31,2026-08-27,56,4.0,120,900302544576,CNO / Receita Federal
2.13,00000000,00000000123196,(sem nome no CNO) CNPJ 00000000123196,False,,,,obra_nova,"Servico de Engenharia para Reforma da Ag Delmiro Gouveia AL — Delmiro Gouveia, 1.298 m2 (pessoa jurídica construtora, vínculo)",vínculo,0053,Pessoa jurídica construtora,DELMIRO GOUVEIA,CENTRO,1298.5,m2,2026-07-31,2026-08-27,56,4.0,120,900302544576,CNO / Receita Federal
2.12,42831657,42831657000140,WL ENGENHARIA LTDA,True,Sem relacionamento,PEQUENO PORTE,Construcao de edificios,obra_nova,"WL ENGENHARIA LTDA — Canapi, 70 m2 (dono da obra, responsável)",responsável,0057,Dono da obra,CANAPI,ZONA RURAL,70.0,m2,2026-08-21,2026-08-24,35,3.0,120,900301904775,CNO / Receita Federal
2.12,23604449,23604449000164,CONSTRUTORA LITORAL LTDA,True,Sem relacionamento,MICRO EMPRESA,Construcao de edificios,obra_nova,"CONSTRUTORA LITORAL LTDA — Coruripe, 87 m2 (proprietário do imóvel, responsável)",responsável,0070,Proprietário do imóvel,CORURIPE,Comendador Tercio Wanderley,86.75,m2,2026-08-21,2026-08-25,35,3.0,120,900302023076,CNO / Receita Federal
2.08,50800492,50800492000178,ELEVARE EMPREENDIMENTOS LTDA,False,,,,obra_nova,"ELEVARE EMPREENDIMENTOS LTDA — Atalaia, 98 m2 (dono da obra, responsável)",responsável,0057,Dono da obra,ATALAIA,JOSE PAULINO,97.79,m2,2026-08-19,2026-09-14,37,3.0,120,900305206276,CNO / Receita Federal
2.05,55699378,55699378000117,CONSORCIO CRECHES SEDUC/AL 2024.,True,Somente SENAI,DEMAIS,Construcao de edificios,obra_nova,"CRECHES SEDUC 2024 - SENADOR RUI PALMEIRA CT 11/2025 — Senador Rui Palmeira, 840 m2 (consórcio, responsável)",responsável,0109,Consórcio,SENADOR RUI PALMEIRA,CENTRO,840.0,m2,2026-08-18,2026-09-08,38,3.0,120,900304133371,CNO / Receita Federal
2.05,55699378,55699378000117,CONSORCIO CRECHES SEDUC/AL 2024.,True,Somente SENAI,DEMAIS,Construcao de edificios,obra_nova,"CRECHES SEDUC 2024 - SAO JOSE DA TAPERA III CT - 11/2025 — São José Da Tapera, 840 m2 (consórcio, responsável)",responsável,0109,Consórcio,SÃO JOSÉ DA TAPERA,CENTRO,840.0,m2,2026-08-18,2026-09-08,38,3.0,120,900304144678,CNO / Receita Federal
2.05,55699378,55699378000117,CONSORCIO CRECHES SEDUC/AL 2024.,True,Somente SENAI,DEMAIS,Construcao de edificios,obra_nova,"CRECHES SEDUC 2024 - RIO LARGO IV CT - 13/2025 — Rio Largo, 840 m2 (consórcio, responsável)",responsável,0109,Consórcio,RIO LARGO,CENTRO,840.0,m2,2026-08-18,2026-09-08,38,3.0,120,900304137173,CNO / Receita Federal
2.05,12200218,12200218000179,(sem nome no CNO) CNPJ 12200218000179,False,,,,obra_nova,"CRECHES SEDUC 2024 - SAO JOSE DA TAPERA III CT - 11/2025 — São José Da Tapera, 840 m2 (consórcio, vínculo)",vínculo,0109,Consórcio,SÃO JOSÉ DA TAPERA,CENTRO,840.0,m2,2026-08-18,2026-09-08,38,3.0,120,900304144678,CNO / Receita Federal
2.05,12200218,12200218000179,(sem nome no CNO) CNPJ 12200218000179,False,,,,obra_nova,"CRECHES SEDUC 2024 - SENADOR RUI PALMEIRA CT 11/2025 — Senador Rui Palmeira, 840 m2 (consórcio, vínculo)",vínculo,0109,Consórcio,SENADOR RUI PALMEIRA,CENTRO,840.0,m2,2026-08-18,2026-09-08,38,3.0,120,900304133371,CNO / Receita Federal
2.05,12200218,12200218000179,(sem nome no CNO) CNPJ 12200218000179,False,,,,obra_nova,"CRECHES SEDUC 2024 - RIO LARGO IV CT - 13/2025 — Rio Largo, 840 m2 (consórcio, vínculo)",vínculo,0109,Consórcio,RIO LARGO,CENTRO,840.0,m2,2026-08-18,2026-09-08,38,3.0,120,900304137173,CNO / Receita Federal
2.03,35335154,35335154000119,DBN - DEBONI SISTEMAS CONSTRUTIVOS LTDA,True,Sem relacionamento,DEMAIS,Construcao de edificios,obra_nova,"DBN - DEBONI SIST CONST LTDA-CRECHE SANTANA DE IPANEMA IV — Santana Do Ipanema, 811 m2 (pessoa jurídica construtora, responsável)",responsável,0053,Pessoa jurídica construtora,SANTANA DO IPANEMA,BEBEDOURO,811.46,m2,2026-08-17,2026-08-21,39,3.0,120,900301537779,CNO / Receita Federal
2.03,41391511,41391511000169,CAVALCANTI FARIAS LTDA,True,Somente SESI,DEMAIS,Construcao de edificios,obra_nova,"RUA R ROSALVO PINTO DAMASO - BOCA DA MATA — Boca Da Mata, 837 m2 (pessoa jurídica construtora, responsável)",responsável,0053,Pessoa jurídica construtora,BOCA DA MATA,Centro,837.0,m2,2026-08-17,2026-08-18,39,3.0,120,900300898775,CNO / Receita Federal
2.03,12200218,12200218000179,(sem nome no CNO) CNPJ 12200218000179,False,,,,obra_nova,"DBN - DEBONI SIST CONST LTDA-CRECHE SANTANA DE IPANEMA IV — Santana Do Ipanema, 811 m2 (pessoa jurídica construtora, vínculo)",vínculo,0053,Pessoa jurídica construtora,SANTANA DO IPANEMA,BEBEDOURO,811.46,m2,2026-08-17,2026-08-21,39,3.0,120,900301537779,CNO / Receita Federal
2.03,12264396,12264396000163,(sem nome no CNO) CNPJ 12264396000163,False,,,,obra_nova,"RUA R ROSALVO PINTO DAMASO - BOCA DA MATA — Boca Da Mata, 837 m2 (pessoa jurídica construtora, vínculo)",vínculo,0053,Pessoa jurídica construtora,BOCA DA MATA,Centro,837.0,m2,2026-08-17,2026-08-18,39,3.0,120,900300898775,CNO / Receita Federal
2.0,12243697,12243697000100,(sem nome no CNO) CNPJ 12243697000100,False,,,,obra_nova,"CONSTRUSAT ENGENHARIA LTDA — Penedo, 6.821 Outra (pessoa jurídica construtora, vínculo)",vínculo,0053,Pessoa jurídica construtora,PENEDO,BOM CONSTANTINO,6821.0,Outra,2026-07-15,2026-07-20,72,5.0,120,900296578174,CNO / Receita Federal
2.0,05841115,05841115000122,CONSTRUSAT ENGENHARIA LTDA,True,Sem relacionamento,DEMAIS,Construcao de edificios,obra_nova,"CONSTRUSAT ENGENHARIA LTDA — Penedo, 6.821 Outra (pessoa jurídica construtora, responsável)",responsável,0053,Pessoa jurídica construtora,PENEDO,BOM CONSTANTINO,6821.0,Outra,2026-07-15,2026-07-20,72,5.0,120,900296578174,CNO / Receita Federal
2.0,21380676,21380676000128,V.L. ARQUITETURA E ENGENHARIA LTDA,False,,,,obra_nova,"V.L. ARQUITETURA E ENGENHARIA LTDA — Maceió, 6.000 m2 (pessoa jurídica construtora, responsável)",responsável,0053,Pessoa jurídica construtora,MACEIÓ,CHA DA JAQUEIRA,6000.0,m2,2026-07-15,2026-08-26,72,5.0,120,900302355077,CNO / Receita Federal
2.0,07205512,07205512000133,(sem nome no CNO) CNPJ 07205512000133,False,,,,obra_nova,"V.L. ARQUITETURA E ENGENHARIA LTDA — Maceió, 6.000 m2 (pessoa jurídica construtora, vínculo)",vínculo,0053,Pessoa jurídica construtora,MACEIÓ,CHA DA JAQUEIRA,6000.0,m2,2026-07-15,2026-08-26,72,5.0,120,900302355077,CNO / Receita Federal
2.0,60481718,60481718000179,RESIDENCIAL C. ALBUQUERQUE EMPREENDIMENTO IMOBILIARIO SPE LTDA,True,Somente SESI,DEMAIS,Incorporacao de empreendimentos imobiliarios,obra_nova,"CONDOMINIO RESIDENCIAL GRAN SPLENDIDO — Maceió, 33.214 m2 (dono da obra, responsável)",responsável,0057,Dono da obra,MACEIÓ,POCO,33214.29,m2,2026-07-15,2026-07-15,72,5.0,120,900295849374,CNO / Receita Federal
2.0,07595156,07595156000101,SCI CONSTRUTORA E INCORPORADORA LTDA,True,Sem relacionamento,MICRO EMPRESA,Construcao de edificios,obra_nova,"SCI CONSTRUTORA E INCORPORADORA LTDA — Palestina, 1.230 m2 (incorporador de construção civil, responsável)",responsável,0064,Incorporador de construção civil,PALESTINA,CENTRO,1230.0,m2,2026-07-27,2026-09-10,60,4.0,120,900304706671,CNO / Receita Federal
1.96,23585778,23585778000105,SBV SOLUCOES AMBIENTAIS LTDA,False,,,,obra_nova,"SBV SOLUCOES AMBIENTAIS LTDA — Piranhas, 11.973 m3 (dono da obra, responsável)",responsável,0057,Dono da obra,PIRANHAS,NOSSA SENHORA DA SAUDE,11972.94,m3,2026-07-14,2026-07-14,73,5.0,120,900295758075,CNO / Receita Federal
1.96,12227971,12227971000158,(sem nome no CNO) CNPJ 12227971000158,False,,,,obra_nova,"SOL LOCACOES E SERVICOS LTDA — Cacimbinhas, 8.439 m2 (pessoa jurídica construtora, vínculo)",vínculo,0053,Pessoa jurídica construtora,CACIMBINHAS,CENTRO,8438.66,m2,2026-07-14,2026-07-31,73,5.0,120,900298401375,CNO / Receita Federal
1.96,47638423,47638423000103,SOL LOCACOES E SERVICOS LTDA,False,,,,obra_nova,"SOL LOCACOES E SERVICOS LTDA — Cacimbinhas, 8.439 m2 (pessoa jurídica construtora, responsável)",responsável,0053,Pessoa jurídica construtora,CACIMBINHAS,CENTRO,8438.66,m2,2026-07-14,2026-07-31,73,5.0,120,900298401375,CNO / Receita Federal
1.96,23585778,23585778000105,SBV SOLUCOES AMBIENTAIS LTDA,False,,,,obra_nova,"SBV SOLUCOES AMBIENTAIS LTDA — Pão De Açúcar, 16.362 m3 (dono da obra, responsável)",responsável,0057,Dono da obra,PÃO DE AÇÚCAR,Pão de Açúcar,16362.3,m3,2026-07-14,2026-07-14,73,5.0,120,900295691677,CNO / Receita Federal
1.95,35335154,35335154000119,DBN - DEBONI SISTEMAS CONSTRUTIVOS LTDA,True,Sem relacionamento,DEMAIS,Construcao de edificios,obra_nova,"DBN - DEBONI SIST CONST LTDA - LABORATORIO FORENCE POLCAL — Maceió, 202 m2 (pessoa jurídica construtora, responsável)",responsável,0053,Pessoa jurídica construtora,MACEIÓ,CENTRO,201.71,m2,2026-08-14,2026-08-25,42,3.0,120,900301992670,CNO / Receita Federal
1.95,23585778,23585778000105,SBV SOLUCOES AMBIENTAIS LTDA,False,,,,obra_nova,"SBV SOLUCOES AMBIENTAIS LTDA — Maceió, 3 Outra (dono da obra, responsável)",responsável,0057,Dono da obra,MACEIÓ,TRAPICHE DA BARRA,3.0,Outra,2026-08-14,2026-08-14,42,3.0,120,900300560079,CNO / Receita Federal
1.95,23585778,23585778000105,SBV SOLUCOES AMBIENTAIS LTDA,False,,,,obra_nova,"SBV SOLUCOES AMBIENTAIS LTDA — Marechal Deodoro, 3 Outra (dono da obra, responsável)",responsável,0057,Dono da obra,MARECHAL DEODORO,Polo Cloroquímico de Alagoas,3.0,Outra,2026-08-14,2026-08-14,42,3.0,120,900300581574,CNO / Receita Federal
1.95,12200226,12200226000115,(sem nome no CNO) CNPJ 12200226000115,False,,,,obra_nova,"DBN - DEBONI SIST CONST LTDA - LABORATORIO FORENCE POLCAL — Maceió, 202 m2 (pessoa jurídica construtora, vínculo)",vínculo,0053,Pessoa jurídica construtora,MACEIÓ,CENTRO,201.71,m2,2026-08-14,2026-08-25,42,3.0,120,900301992670,CNO / Receita Federal
1.9,12264396,12264396000163,(sem nome no CNO) CNPJ 12264396000163,False,,,,obra_nova,"A R ENGENHARIA E SERVICOS DE CONSTRUCAO LTDA-PRAÇA DEPUTADO EDSON LINS — Boca Da Mata, 1 m2 (pessoa jurídica construtora, vínculo)",vínculo,0053,Pessoa jurídica construtora,BOCA DA MATA,CENTRO,1.0,m2,2026-08-12,2026-09-14,44,3.0,120,900305068875,CNO / Receita Federal
1.9,11091079,11091079000120,A R ENGENHARIA E SERVICOS DE CONSTRUCAO LTDA,True,Sem relacionamento,DEMAIS,Construcao de edificios,obra_nova,"A R ENGENHARIA E SERVICOS DE CONSTRUCAO LTDA-PRAÇA DEPUTADO EDSON LINS — Boca Da Mata, 1 m2 (pessoa jurídica construtora, responsável)",responsável,0053,Pessoa jurídica construtora,BOCA DA MATA,CENTRO,1.0,m2,2026-08-12,2026-09-14,44,3.0,120,900305068875,CNO / Receita Federal
1.9,13829465,13829465000100,A J PROJETOS E CONSTRUCOES LTDA,False,,,,obra_nova,"A J PROJETOS E CONSTRUCOES LTDA — Campo Alegre, 72 m2 (pessoa jurídica construtora, responsável)",responsável,0053,Pessoa jurídica construtora,CAMPO ALEGRE,CENTRO,72.3,m2,2026-08-12,2026-08-12,44,3.0,120,900300110271,CNO / Receita Federal
1.88,57206917,57206917000164,CONSORCIO PDA,True,Sem relacionamento,DEMAIS,Construcao de edificios,obra_nova,"CRECHE CRIA - TEOTONIO VILELA II — Teotônio Vilela, 0 m2 (sociedade líder de consórcio, vínculo)",vínculo,0111,Sociedade líder de consórcio,TEOTÔNIO VILELA,SAO JORGE,0.02,m2,2026-08-11,2026-08-17,45,3.0,120,900300721674,CNO / Receita Federal
1.88,55699378,55699378000117,CONSORCIO CRECHES SEDUC/AL 2024.,True,Somente SENAI,DEMAIS,Construcao de edificios,obra_nova,"CRECHES SEDUC 2024 - MARECHAL DEODORO III CT - 14/2025 — Marechal Deodoro, 840 m2 (consórcio, responsável)",responsável,0109,Consórcio,MARECHAL DEODORO,CENTRO,840.0,m2,2026-08-11,2026-09-08,45,3.0,120,900304143375,CNO / Receita Federal
1.88,11159179,11159179000140,L T CONSTRUTORA LTDA,True,Sem relacionamento,PEQUENO PORTE,Construcao de edificios,obra_nova,"L T CONSTRUTORA LTDA — Coruripe, 61 m2 (proprietário do imóvel, responsável)",responsável,0070,Proprietário do imóvel,CORURIPE,ALTO DA SAUDADE,60.68,m2,2026-08-11,2026-09-09,45,3.0,120,900304471276,CNO / Receita Federal
1.88,28851130,28851130000157,G LOPES DE OLIVEIRA JUNIOR CONSTRUTORA LTDA,True,Sem relacionamento,PEQUENO PORTE,Construcao de edificios,obra_nova,"G LOPES DE OLIVEIRA JUNIOR CONSTRUTORA LTDA — Tanque D'Arca, 71 m2 (proprietário do imóvel, responsável)",responsável,0070,Proprietário do imóvel,TANQUE D'ARCA,CENTRO,70.62,m2,2026-08-11,2026-08-27,45,3.0,120,900302536177,CNO / Receita Federal
1.88,12200218,12200218000179,(sem nome no CNO) CNPJ 12200218000179,False,,,,obra_nova,"CRECHES SEDUC 2024 - MARECHAL DEODORO III CT - 14/2025 — Marechal Deodoro, 840 m2 (consórcio, vínculo)",vínculo,0109,Consórcio,MARECHAL DEODORO,CENTRO,840.0,m2,2026-08-11,2026-09-08,45,3.0,120,900304143375,CNO / Receita Federal
1.88,06034228,06034228000189,PLATAFORMA ENGENHARIA LTDA,True,Somente SENAI,DEMAIS,Construcao de edificios,obra_nova,"CRECHE CRIA - TEOTONIO VILELA II — Teotônio Vilela, 0 m2 (sociedade líder de consórcio, responsável)",responsável,0111,Sociedade líder de consórcio,TEOTÔNIO VILELA,SAO JORGE,0.02,m2,2026-08-11,2026-08-17,45,3.0,120,900300721674,CNO / Receita Federal
1.88,12200218,12200218000179,(sem nome no CNO) CNPJ 12200218000179,False,,,,obra_nova,"CRECHE CRIA - TEOTONIO VILELA II — Teotônio Vilela, 0 m2 (sociedade líder de consórcio, vínculo)",vínculo,0111,Sociedade líder de consórcio,TEOTÔNIO VILELA,SAO JORGE,0.02,m2,2026-08-11,2026-08-17,45,3.0,120,900300721674,CNO / Receita Federal
1.85,09066964,09066964000107,ALIANCA CONSTRUCOES LTDA,True,SESI + SENAI,PEQUENO PORTE,Construcao de edificios,obra_nova,"Exec de Proje Ambiência Expressa Leve - Agência Limoeiro de Anadia/AL (2252). — Limoeiro De Anadia, 206 m2 (pessoa jurídica construtora, responsável)",responsável,0053,Pessoa jurídica construtora,LIMOEIRO DE ANADIA,CENTRO,206.4,m2,2026-08-10,2026-08-25,46,3.0,120,900302002175,CNO / Receita Federal
1.85,00000000,00000000171166,(sem nome no CNO) CNPJ 00000000171166,False,,,,obra_nova,"Exec de Proje Ambiência Expressa Leve - Agência Limoeiro de Anadia/AL (2252). — Limoeiro De Anadia, 206 m2 (pessoa jurídica construtora, vínculo)",vínculo,0053,Pessoa jurídica construtora,LIMOEIRO DE ANADIA,CENTRO,206.4,m2,2026-08-10,2026-08-25,46,3.0,120,900302002175,CNO / Receita Federal
1.85,42687062,42687062000163,ARTHAN ENGENHARIA LTDA,True,Sem relacionamento,PEQUENO PORTE,Construcao de edificios,obra_nova,"ARTHAN ENGENHARIA LTDA — Marechal Deodoro, 97 m2 (dono da obra, responsável)",responsável,0057,Dono da obra,MARECHAL DEODORO,CENTRO,97.24,m2,2026-08-10,2026-08-18,46,3.0,120,900300896475,CNO / Receita Federal
1.78,35631449,35631449000132,A QUATRO ARQUITETURA E CONSTRUCOES LTDA,True,Somente SENAI,PEQUENO PORTE,Construcao de edificios,obra_nova,"A QUATRO ARQUITETURA E CONSTRUCOES LTDA GARAGEM PENEDO — Penedo, 721 m2 (dono da obra, responsável)",responsável,0057,Dono da obra,PENEDO,CENTRO,721.0,m2,2026-08-07,2026-08-14,49,3.0,120,900300491077,CNO / Receita Federal
1.77,57206917,57206917000164,CONSORCIO PDA,True,Sem relacionamento,DEMAIS,Construcao de edificios,obra_nova,"CRECHE CRIA PAULO JACINTO — Paulo Jacinto, 1.600 m2 (sociedade líder de consórcio, vínculo)",vínculo,0111,Sociedade líder de consórcio,PAULO JACINTO,CONJ. RESIDENCIAL SANTA INÊS,1600.0,m2,2026-07-20,2026-07-20,67,4.0,120,900296430772,CNO / Receita Federal
1.77,12200218,12200218000179,(sem nome no CNO) CNPJ 12200218000179,False,,,,obra_nova,"CRECHE CRIA PAULO JACINTO — Paulo Jacinto, 1.600 m2 (sociedade líder de consórcio, vínculo)",vínculo,0111,Sociedade líder de consórcio,PAULO JACINTO,CONJ. RESIDENCIAL SANTA INÊS,1600.0,m2,2026-07-20,2026-07-20,67,4.0,120,900296430772,CNO / Receita Federal
1.77,06034228,06034228000189,PLATAFORMA ENGENHARIA LTDA,True,Somente SENAI,DEMAIS,Construcao de edificios,obra_nova,"CRECHE CRIA PAULO JACINTO — Paulo Jacinto, 1.600 m2 (sociedade líder de consórcio, responsável)",responsável,0111,Sociedade líder de consórcio,PAULO JACINTO,CONJ. RESIDENCIAL SANTA INÊS,1600.0,m2,2026-07-20,2026-07-20,67,4.0,120,900296430772,CNO / Receita Federal
1.75,66509660,66509660000100,GIOIA DEL MARE SPE LTDA,False,,,,obra_nova,"EDIFICIO HOTELEIRO - GIOIA DEL MARE — Maragogi, 9.002 m2 (proprietário do imóvel, responsável)",responsável,0070,Proprietário do imóvel,MARAGOGI,PEROBA,9002.4,m2,2026-07-09,2026-09-21,78,5.0,120,900306331770,CNO / Receita Federal
1.75,23585778,23585778000105,SBV SOLUCOES AMBIENTAIS LTDA,False,,,,obra_nova,"SBV SOLUCOES AMBIENTAIS LTDA — Marechal Deodoro, 73 m3 (dono da obra, responsável)",responsável,0057,Dono da obra,MARECHAL DEODORO,Polo Cloroquímico,72.66,m3,2026-08-06,2026-08-06,50,3.0,120,900299241471,CNO / Receita Federal
1.75,12200218,12200218000179,(sem nome no CNO) CNPJ 12200218000179,False,,,,obra_nova,"DBN - DEBONI SIST CONST LTDA-CRECHE SANTANA DE IPANEMA III — Santana Do Ipanema, 811 m2 (pessoa jurídica construtora, vínculo)",vínculo,0053,Pessoa jurídica construtora,SANTANA DO IPANEMA,FAROL,811.46,m2,2026-08-06,2026-08-20,50,3.0,120,900301365778,CNO / Receita Federal
1.75,23585778,23585778000105,SBV SOLUCOES AMBIENTAIS LTDA,False,,,,obra_nova,"SBV SOLUCOES AMBIENTAIS LTDA — Marechal Deodoro, 2 m3 (dono da obra, responsável)",responsável,0057,Dono da obra,MARECHAL DEODORO,Polo Industrial José Aprígio Vilela,1.57,m3,2026-08-06,2026-08-06,50,3.0,120,900299264672,CNO / Receita Federal
1.75,35335154,35335154000119,DBN - DEBONI SISTEMAS CONSTRUTIVOS LTDA,True,Sem relacionamento,DEMAIS,Construcao de edificios,obra_nova,"DBN - DEBONI SIST CONST LTDA-CRECHE SANTANA DE IPANEMA III — Santana Do Ipanema, 811 m2 (pessoa jurídica construtora, responsável)",responsável,0053,Pessoa jurídica construtora,SANTANA DO IPANEMA,FAROL,811.46,m2,2026-08-06,2026-08-20,50,3.0,120,900301365778,CNO / Receita Federal
1.72,18286438,18286438000143,CONSTRUTORA NOVO HORIZONTE LTDA,True,Sem relacionamento,DEMAIS,Construcao de edificios,obra_nova,"CONSTRUTORA NOVO HORIZONTE LTDA — Rio Largo, 913 m2 (incorporador de construção civil, responsável)",responsável,0064,Incorporador de construção civil,RIO LARGO,TABULEIRO DO PINTO,912.87,m2,2026-08-05,2026-09-04,51,3.0,120,900303940972,CNO / Receita Federal
1.72,18818196,18818196000191,INOVE CONSTRUCOES LTDA,True,Somente SESI,PEQUENO PORTE,Construcao de edificios,obra_nova,"OBRA REVITALIZAÇÃO CAMINHO DE MOISÉS MARAGOGI — Maragogi, 1 Outra (pessoa jurídica construtora, responsável)",responsável,0053,Pessoa jurídica construtora,MARAGOGI,CENTRO,1.0,Outra,2026-08-05,2026-09-11,51,3.0,120,900304884572,CNO / Receita Federal
1.72,12248522,12248522000196,(sem nome no CNO) CNPJ 12248522000196,False,,,,obra_nova,"OBRA REVITALIZAÇÃO CAMINHO DE MOISÉS MARAGOGI — Maragogi, 1 Outra (pessoa jurídica construtora, vínculo)",vínculo,0053,Pessoa jurídica construtora,MARAGOGI,CENTRO,1.0,Outra,2026-08-05,2026-09-11,51,3.0,120,900304884572,CNO / Receita Federal
1.7,08620924,08620924000100,ALMEIDA CONSTRUCOES E INCORPORACOES E T LIMITADA,True,Sem relacionamento,DEMAIS,Obras de terraplenagem,obra_nova,"EDIFÍCIO AMARANTE — Maceió, 518 m2 (pessoa jurídica construtora, responsável)",responsável,0053,Pessoa jurídica construtora,MACEIÓ,PAJUCARA,518.0,m2,2026-08-04,2026-08-06,52,3.0,120,900299210177,CNO / Receita Federal
1.7,61226615,61226615000125,AMARANTE EMPREENDIMENTO IMOBILIARIO SPE LTDA,True,Sem relacionamento,DEMAIS,Incorporacao de empreendimentos imobiliarios,obra_nova,"EDIFÍCIO AMARANTE — Maceió, 518 m2 (pessoa jurídica construtora, vínculo)",vínculo,0053,Pessoa jurídica construtora,MACEIÓ,PAJUCARA,518.0,m2,2026-08-04,2026-08-06,52,3.0,120,900299210177,CNO / Receita Federal
1.68,12200218,12200218000179,(sem nome no CNO) CNPJ 12200218000179,False,,,,obra_nova,"CRECHE CRIA - CAJUEIRO — Cajueiro, 0 m2 (sociedade líder de consórcio, vínculo)",vínculo,0111,Sociedade líder de consórcio,CAJUEIRO,CENTRO,0.02,m2,2026-08-03,2026-08-19,53,3.0,120,900301224872,CNO / Receita Federal
1.68,12200218,12200218000179,(sem nome no CNO) CNPJ 12200218000179,False,,,,obra_nova,"CRECHE CRIA - CHA PRETA — Chã Preta, 0 m2 (sociedade líder de consórcio, vínculo)",vínculo,0111,Sociedade líder de consórcio,CHÃ PRETA,CENTRO,0.02,m2,2026-08-03,2026-08-17,53,3.0,120,900300717373,CNO / Receita Federal
1.68,06034228,06034228000189,PLATAFORMA ENGENHARIA LTDA,True,Somente SENAI,DEMAIS,Construcao de edificios,obra_nova,"CRECHE CRIA - CHA PRETA — Chã Preta, 0 m2 (sociedade líder de consórcio, responsável)",responsável,0111,Sociedade líder de consórcio,CHÃ PRETA,CENTRO,0.02,m2,2026-08-03,2026-08-17,53,3.0,120,900300717373,CNO / Receita Federal
1.68,57206917,57206917000164,CONSORCIO PDA,True,Sem relacionamento,DEMAIS,Construcao de edificios,obra_nova,"CRECHE CRIA - CAJUEIRO — Cajueiro, 0 m2 (sociedade líder de consórcio, vínculo)",vínculo,0111,Sociedade líder de consórcio,CAJUEIRO,CENTRO,0.02,m2,2026-08-03,2026-08-19,53,3.0,120,900301224872,CNO / Receita Federal
1.68,06034228,06034228000189,PLATAFORMA ENGENHARIA LTDA,True,Somente SENAI,DEMAIS,Construcao de edificios,obra_nova,"CRECHE CRIA - CAJUEIRO — Cajueiro, 0 m2 (sociedade líder de consórcio, responsável)",responsável,0111,Sociedade líder de consórcio,CAJUEIRO,CENTRO,0.02,m2,2026-08-03,2026-08-19,53,3.0,120,900301224872,CNO / Receita Federal
1.68,13921270,13921270000187,NUNES FILHO ENGENHARIA LTDA,True,Sem relacionamento,MICRO EMPRESA,Construcao de edificios,obra_nova,"E06- ILHA BELA _NUNES FILHO ENGENHARIA LTDA — Marechal Deodoro, 227 m2 (pessoa jurídica construtora, responsável)",responsável,0053,Pessoa jurídica construtora,MARECHAL DEODORO,ILHA DE SANTA RITA,227.43,m2,2026-08-03,2026-08-26,53,3.0,120,900302379971,CNO / Receita Federal
1.68,57206917,57206917000164,CONSORCIO PDA,True,Sem relacionamento,DEMAIS,Construcao de edificios,obra_nova,"CRECHE CRIA - CHA PRETA — Chã Preta, 0 m2 (sociedade líder de consórcio, vínculo)",vínculo,0111,Sociedade líder de consórcio,CHÃ PRETA,CENTRO,0.02,m2,2026-08-03,2026-08-17,53,3.0,120,900300717373,CNO / Receita Federal
1.68,19585028,19585028000166,ETHICA SERVICOS DE ENGENHARIA E CONSTRUCAO LTDA,True,Somente SENAI,DEMAIS,Construcao de edificios,obra_nova,"ETHICA SERVICOS DE ENGENHARIA E CONSTRUCAO LTDA — Maceió, 462 m2 (pessoa jurídica construtora, responsável)",responsável,0053,Pessoa jurídica construtora,MACEIÓ,JARAGUA,461.83,m2,2026-08-03,2026-09-11,53,3.0,120,900304928874,CNO / Receita Federal
1.68,34040345,34040345000352,(sem nome no CNO) CNPJ 34040345000352,False,,,,obra_nova,"ETHICA SERVICOS DE ENGENHARIA E CONSTRUCAO LTDA — Maceió, 462 m2 (pessoa jurídica construtora, vínculo)",vínculo,0053,Pessoa jurídica construtora,MACEIÓ,JARAGUA,461.83,m2,2026-08-03,2026-09-11,53,3.0,120,900304928874,CNO / Receita Federal
1.68,02450308,02450308000164,ARECIPPO & MADEIRO CONSTRUCOES LTDA,True,Sem relacionamento,DEMAIS,Construcao de edificios,obra_nova,"SANTE B-01 — Marechal Deodoro, 365 m2 (pessoa jurídica construtora, responsável)",responsável,0053,Pessoa jurídica construtora,MARECHAL DEODORO,POVOADO ILHA DE SANTA RITA,365.42,m2,2026-08-03,2026-08-18,53,3.0,120,900300861072,CNO / Receita Federal
1.68,38343544,38343544000129,QUANTUN ENGENHARIA E MANUTENCAO LTDA,False,,,,obra_nova,"QUANTUN ENGENHARIA E MANUTENCAO LTDA — Maceió, 15 Outra (dono da obra, responsável)",responsável,0057,Dono da obra,MACEIÓ,SERRARIA,15.0,Outra,2026-08-03,2026-08-03,53,3.0,120,900298681871,CNO / Receita Federal
1.63,36651463,36651463000160,JF2 CONSTRUCOES LTDA,True,Sem relacionamento,PEQUENO PORTE,Construcao de edificios,obra_nova,"JF2 CONSTRUCOES LTDA — Marechal Deodoro, 243 m2 (dono da obra, responsável)",responsável,0057,Dono da obra,MARECHAL DEODORO,ILHA DE SANTA RITA,242.87,m2,2026-08-01,2026-08-14,55,3.0,120,900300548373,CNO / Receita Federal
1.63,24176307,24176307000106,(sem nome no CNO) CNPJ 24176307000106,False,,,,obra_nova,"20 UH ESTRELA DE ALAGOAS — Estrela De Alagoas, 950 m2 (pessoa jurídica construtora, vínculo)",vínculo,0053,Pessoa jurídica construtora,ESTRELA DE ALAGOAS,ZONA URBANA,950.0,m2,2026-08-01,2026-08-19,55,3.0,120,900301148774,CNO / Receita Federal
1.63,17055821,17055821000128,WIRK EMPREENDIMENTOS IMOBILIARIOS LTDA,False,,,,obra_nova,"WIRK EMPREENDIMENTOS IMOBILIARIOS LTDA — Maceió, 391 m2 (dono da obra, responsável)",responsável,0057,Dono da obra,MACEIÓ,GARCA TORTA,390.91,m2,2026-08-01,2026-08-05,55,3.0,120,900299027374,CNO / Receita Federal
1.63,12207429,12207429000133,(sem nome no CNO) CNPJ 12207429000133,False,,,,obra_nova,"20 UH PORTO REAL — Porto Real Do Colégio, 950 m2 (pessoa jurídica construtora, vínculo)",vínculo,0053,Pessoa jurídica construtora,PORTO REAL DO COLÉGIO,CENTRO,950.0,m2,2026-08-01,2026-08-31,55,3.0,120,900302909479,CNO / Receita Federal
1.63,04287461,04287461000148,UNICON CONSTRUCOES LTDA,True,Somente SENAI,DEMAIS,Construcao de edificios,obra_nova,"20 UH ESTRELA DE ALAGOAS — Estrela De Alagoas, 950 m2 (pessoa jurídica construtora, responsável)",responsável,0053,Pessoa jurídica construtora,ESTRELA DE ALAGOAS,ZONA URBANA,950.0,m2,2026-08-01,2026-08-19,55,3.0,120,900301148774,CNO / Receita Federal
1.63,15130631,15130631000100,LUCENA ENGENHARIA LTDA,True,Sem relacionamento,MICRO EMPRESA,Construcao de edificios,obra_nova,"LUCENA ENGENHARIA LTDA — Belo Monte, 2.402 m2 (pessoa jurídica construtora, responsável)",responsável,0053,Pessoa jurídica construtora,BELO MONTE,centro,2402.24,m2,2026-07-16,2026-07-23,71,4.0,120,900297175678,CNO / Receita Federal
1.63,04287461,04287461000148,UNICON CONSTRUCOES LTDA,True,Somente SENAI,DEMAIS,Construcao de edificios,obra_nova,"20 UH PORTO REAL — Porto Real Do Colégio, 950 m2 (pessoa jurídica construtora, responsável)",responsável,0053,Pessoa jurídica construtora,PORTO REAL DO COLÉGIO,CENTRO,950.0,m2,2026-08-01,2026-08-31,55,3.0,120,900302909479,CNO / Receita Federal
1.63,24176307,24176307000106,(sem nome no CNO) CNPJ 24176307000106,False,,,,obra_nova,"CAPS ESTRELA DE ALAGOAS — Estrela De Alagoas, 565 m2 (pessoa jurídica construtora, vínculo)",vínculo,0053,Pessoa jurídica construtora,ESTRELA DE ALAGOAS,ALTO DA BOA VISTA,564.56,m2,2026-08-01,2026-08-12,55,3.0,120,900300139473,CNO / Receita Federal
1.63,12250163,12250163000101,(sem nome no CNO) CNPJ 12250163000101,False,,,,obra_nova,"LUCENA ENGENHARIA LTDA — Belo Monte, 2.402 m2 (pessoa jurídica construtora, vínculo)",vínculo,0053,Pessoa jurídica construtora,BELO MONTE,centro,2402.24,m2,2026-07-16,2026-07-23,71,4.0,120,900297175678,CNO / Receita Federal
1.63,04287461,04287461000148,UNICON CONSTRUCOES LTDA,True,Somente SENAI,DEMAIS,Construcao de edificios,obra_nova,"CAPS ESTRELA DE ALAGOAS — Estrela De Alagoas, 565 m2 (pessoa jurídica construtora, responsável)",responsável,0053,Pessoa jurídica construtora,ESTRELA DE ALAGOAS,ALTO DA BOA VISTA,564.56,m2,2026-08-01,2026-08-12,55,3.0,120,900300139473,CNO / Receita Federal
1.63,16657707,16657707000105,CONSTRUTORA LINS LTDA,True,Sem relacionamento,PEQUENO PORTE,Construcao de edificios,obra_nova,"CONSTRUTORA LINS LTDA — Maceió, 600 m2 (dono da obra, responsável)",responsável,0057,Dono da obra,MACEIÓ,GARCA TORTA,600.0,m2,2026-08-01,2026-09-15,55,3.0,120,900305407178,CNO / Receita Federal
1.6,10751005,10751005000100,AC2 ENGENHARIA LTDA,True,Sem relacionamento,DEMAIS,Construcao de edificios,obra_nova,"OBRA UNIMED - AGP, SEPES e SSMA — Maceió, 117 m2 (pessoa jurídica construtora, responsável)",responsável,0053,Pessoa jurídica construtora,MACEIÓ,PINHEIRO,117.34,m2,2026-07-31,2026-08-07,56,3.0,120,900299457974,CNO / Receita Federal
1.6,12442737,12442737000143,(sem nome no CNO) CNPJ 12442737000143,False,,,,obra_nova,"OBRA UNIMED - AGP, SEPES e SSMA — Maceió, 117 m2 (pessoa jurídica construtora, vínculo)",vínculo,0053,Pessoa jurídica construtora,MACEIÓ,PINHEIRO,117.34,m2,2026-07-31,2026-08-07,56,3.0,120,900299457974,CNO / Receita Federal
1.6,13234724,13234724000141,MOREIRA MOUTINHO ENGENHARIA LTDA,False,,,,obra_nova,"SERVIÇOS DE ENGENHARIA PARA RELOCALIZAÇÃO MARAGOGI AL — Maragogi, 548 m2 (pessoa jurídica construtora, responsável)",responsável,0053,Pessoa jurídica construtora,MARAGOGI,CENTRO,547.57,m2,2026-07-31,2026-08-05,56,3.0,120,900299048173,CNO / Receita Federal
1.6,00000000,00000000449890,(sem nome no CNO) CNPJ 00000000449890,False,,,,obra_nova,"SERVIÇOS DE ENGENHARIA PARA RELOCALIZAÇÃO MARAGOGI AL — Maragogi, 548 m2 (pessoa jurídica construtora, vínculo)",vínculo,0053,Pessoa jurídica construtora,MARAGOGI,CENTRO,547.57,m2,2026-07-31,2026-08-05,56,3.0,120,900299048173,CNO / Receita Federal
1.58,49164842,49164842000178,RPO CONSTRUCOES LTDA,True,Sem relacionamento,MICRO EMPRESA,Construcao de edificios,obra_nova,"RPO CONSTRUCOES LTDA — São Miguel Dos Campos, 158 m2 (pessoa jurídica construtora, responsável)",responsável,0053,Pessoa jurídica construtora,SÃO MIGUEL DOS CAMPOS,Hélio Jatobá,158.2,m2,2026-07-30,2026-08-26,57,3.0,120,900302200170,CNO / Receita Federal
1.58,42831657,42831657000140,WL ENGENHARIA LTDA,True,Sem relacionamento,PEQUENO PORTE,Construcao de edificios,obra_nova,"WL ENGENHARIA LTDA — Canapi, 37 m2 (dono da obra, responsável)",responsável,0057,Dono da obra,CANAPI,CENTRO,36.6,m2,2026-07-30,2026-08-03,57,3.0,120,900298674776,CNO / Receita Federal
1.52,23001832,23001832000128,CONSTRUTORA REMAJ LTDA,True,Sem relacionamento,PEQUENO PORTE,Construcao de edificios,obra_nova,"CONSTRUTORA REMAJ LTDA — Rio Largo, 75 m2 (dono da obra, responsável)",responsável,0057,Dono da obra,RIO LARGO,PREFEITO ANTONIO L DE SOUZA,74.91,m2,2026-07-28,2026-07-29,59,3.0,120,900298011076,CNO / Receita Federal
1.52,23001832,23001832000128,CONSTRUTORA REMAJ LTDA,True,Sem relacionamento,PEQUENO PORTE,Construcao de edificios,obra_nova,"CONSTRUTORA REMAJ LTDA — Rio Largo, 90 m2 (dono da obra, responsável)",responsável,0057,Dono da obra,RIO LARGO,PREFEITO ANTONIO L DE SOUZA,89.85,m2,2026-07-28,2026-07-29,59,3.0,120,900298007779,CNO / Receita Federal
1.52,23001832,23001832000128,CONSTRUTORA REMAJ LTDA,True,Sem relacionamento,PEQUENO PORTE,Construcao de edificios,obra_nova,"CONSTRUTORA REMAJ LTDA — Rio Largo, 75 m2 (dono da obra, responsável)",responsável,0057,Dono da obra,RIO LARGO,PREFEITO ANTONIO L DE SOUZA,74.91,m2,2026-07-28,2026-07-29,59,3.0,120,900298010079,CNO / Receita Federal
1.52,65780034,65780034000191,RSV ENGENHARIA & LOCACOES LTDA,False,,,,obra_nova,"LEONARDO DA SILVA FEITOSA — Delmiro Gouveia, 285 m2 (pessoa jurídica construtora, responsável)",responsável,0053,Pessoa jurídica construtora,DELMIRO GOUVEIA,ROSA DE SHARON,285.0,m2,2026-07-28,2026-08-18,59,3.0,120,900301061775,CNO / Receita Federal
1.52,23001832,23001832000128,CONSTRUTORA REMAJ LTDA,True,Sem relacionamento,PEQUENO PORTE,Construcao de edificios,obra_nova,"CONSTRUTORA REMAJ LTDA — Rio Largo, 75 m2 (dono da obra, responsável)",responsável,0057,Dono da obra,RIO LARGO,PREFEITO ANTONIO L DE SOUZA,74.91,m2,2026-07-28,2026-07-29,59,3.0,120,900298006076,CNO / Receita Federal
1.52,23001832,23001832000128,CONSTRUTORA REMAJ LTDA,True,Sem relacionamento,PEQUENO PORTE,Construcao de edificios,obra_nova,"CONSTRUTORA REMAJ LTDA — Rio Largo, 77 m2 (dono da obra, responsável)",responsável,0057,Dono da obra,RIO LARGO,PREFEITO ANTONIO L DE SOUZA,77.17,m2,2026-07-28,2026-07-29,59,3.0,120,900298018277,CNO / Receita Federal
1.52,23001832,23001832000128,CONSTRUTORA REMAJ LTDA,True,Sem relacionamento,PEQUENO PORTE,Construcao de edificios,obra_nova,"CONSTRUTORA REMAJ LTDA — Rio Largo, 75 m2 (dono da obra, responsável)",responsável,0057,Dono da obra,RIO LARGO,PREFEITO ANTONIO L DE SOUZA,74.91,m2,2026-07-28,2026-07-29,59,3.0,120,900298014076,CNO / Receita Federal
1.52,23001832,23001832000128,CONSTRUTORA REMAJ LTDA,True,Sem relacionamento,PEQUENO PORTE,Construcao de edificios,obra_nova,"CONSTRUTORA REMAJ LTDA — Rio Largo, 79 m2 (dono da obra, responsável)",responsável,0057,Dono da obra,RIO LARGO,PREFEITO ANTONIO L DE SOUZA,79.35,m2,2026-07-28,2026-07-29,59,3.0,120,900298004277,CNO / Receita Federal
1.52,23001832,23001832000128,CONSTRUTORA REMAJ LTDA,True,Sem relacionamento,PEQUENO PORTE,Construcao de edificios,obra_nova,"CONSTRUTORA REMAJ LTDA — Rio Largo, 79 m2 (dono da obra, responsável)",responsável,0057,Dono da obra,RIO LARGO,PREFEITO ANTONIO L DE SOUZA,78.83,m2,2026-07-28,2026-07-29,59,3.0,120,900298016478,CNO / Receita Federal
1.52,23001832,23001832000128,CONSTRUTORA REMAJ LTDA,True,Sem relacionamento,PEQUENO PORTE,Construcao de edificios,obra_nova,"CONSTRUTORA REMAJ LTDA — Rio Largo, 78 m2 (dono da obra, responsável)",responsável,0057,Dono da obra,RIO LARGO,PREFEITO ANTONIO L DE SOUZA,77.65,m2,2026-07-28,2026-07-29,59,3.0,120,900298008970,CNO / Receita Federal
1.52,23001832,23001832000128,CONSTRUTORA REMAJ LTDA,True,Sem relacionamento,PEQUENO PORTE,Construcao de edificios,obra_nova,"CONSTRUTORA REMAJ LTDA — Rio Largo, 79 m2 (dono da obra, responsável)",responsável,0057,Dono da obra,RIO LARGO,PREFEITO ANTONIO L DE SOUZA,78.85,m2,2026-07-28,2026-07-29,59,3.0,120,900298019571,CNO / Receita Federal
1.52,23001832,23001832000128,CONSTRUTORA REMAJ LTDA,True,Sem relacionamento,PEQUENO PORTE,Construcao de edificios,obra_nova,"CONSTRUTORA REMAJ LTDA — Rio Largo, 75 m2 (dono da obra, responsável)",responsável,0057,Dono da obra,RIO LARGO,PREFEITO ANTONIO L DE SOUZA,74.91,m2,2026-07-28,2026-07-29,59,3.0,120,900298012277,CNO / Receita Federal
1.5,35378132,35378132000136,PRECOL ENGENHARIA LTDA,True,Sem relacionamento,DEMAIS,Construcao de edificios,obra_nova,"PRECOL ENGENHARIA LTDA BRASKEM — Maceió, 1 Outra (dono da obra, responsável)",responsável,0057,Dono da obra,MACEIÓ,"PINHEIRO, BEBEDOURO, MUTANGE, FAROL, BOM PARTO",1.0,Outra,2026-07-27,2026-07-27,60,3.0,120,900297631570,CNO / Receita Federal
1.46,00399857,00399857000126,(sem nome no CNO) CNPJ 00399857000126,False,,,,obra_nova,"CVM -  SÃO JOSE DA TAPERA-AL, PIRANHAS-AL, IGACI-AL(CT-5.0035.00/2025) — São José Da Tapera, 39.960 Outra (pessoa jurídica construtora, vínculo)",vínculo,0053,Pessoa jurídica construtora,SÃO JOSÉ DA TAPERA,DIVERSOS,39960.0,Outra,2026-07-02,2026-07-14,85,5.0,120,900295586371,CNO / Receita Federal
1.46,08534529,08534529000105,CVM CONSTRUTORA LTDA,False,,,,obra_nova,"CVM -  SÃO JOSE DA TAPERA-AL, PIRANHAS-AL, IGACI-AL(CT-5.0035.00/2025) — São José Da Tapera, 39.960 Outra (pessoa jurídica construtora, responsável)",responsável,0053,Pessoa jurídica construtora,SÃO JOSÉ DA TAPERA,DIVERSOS,39960.0,Outra,2026-07-02,2026-07-14,85,5.0,120,900295586371,CNO / Receita Federal
1.46,68077576,68077576000190,CONSORCIO DELMIRO NOVATEC INOVE,False,,,,obra_nova,"AL - CONS NOV INOVE 004/26 SANEAMENTO PAV SÃO SEBASTIÃO DELMIRO GOUVEIA — Delmiro Gouveia, 20.829 Outra (consórcio, responsável)",responsável,0109,Consórcio,DELMIRO GOUVEIA,DISTRITO DE SÃO SEBASTIÃO,20828.87,Outra,2026-07-02,2026-07-27,85,5.0,120,900297576578,CNO / Receita Federal
1.46,12224895,12224895000127,(sem nome no CNO) CNPJ 12224895000127,False,,,,obra_nova,"AL - CONS NOV INOVE 004/26 SANEAMENTO PAV SÃO SEBASTIÃO DELMIRO GOUVEIA — Delmiro Gouveia, 20.829 Outra (consórcio, vínculo)",vínculo,0109,Consórcio,DELMIRO GOUVEIA,DISTRITO DE SÃO SEBASTIÃO,20828.87,Outra,2026-07-02,2026-07-27,85,5.0,120,900297576578,CNO / Receita Federal
1.42,17872922,17872922000191,M D M DOS SANTOS ENGENHARIA LTDA,True,Sem relacionamento,PEQUENO PORTE,Construcao de edificios,obra_nova,"M D M DOS SANTOS ENGENHARIA LTDA — Penedo, 6.216 Outra (pessoa jurídica construtora, responsável)",responsável,0053,Pessoa jurídica construtora,PENEDO,CENTRO,6215.95,Outra,2026-07-01,2026-07-21,86,5.0,120,900296842672,CNO / Receita Federal
1.42,53027507,53027507000103,HOTEL CAMBUCI SONHO VERDE LTDA,False,,,,obra_nova,"HOTEL CAMBUCI SONHO VERDE LTDA — Paripueira, 5.432 m2 (proprietário do imóvel, responsável)",responsável,0070,Proprietário do imóvel,PARIPUEIRA,SONHO VERDE,5432.21,m2,2026-07-01,2026-07-16,86,5.0,120,900296156271,CNO / Receita Federal
1.42,12243697,12243697000100,(sem nome no CNO) CNPJ 12243697000100,False,,,,obra_nova,"M D M DOS SANTOS ENGENHARIA LTDA — Penedo, 6.216 Outra (pessoa jurídica construtora, vínculo)",vínculo,0053,Pessoa jurídica construtora,PENEDO,CENTRO,6215.95,Outra,2026-07-01,2026-07-21,86,5.0,120,900296842672,CNO / Receita Federal
1.42,09813710,09813710000105,METROS QUADRADOS CONSTRUCOES E EDIFICACOES LTDA,True,Sem relacionamento,MICRO EMPRESA,Construcao de edificios,obra_nova,"METROS QUADRADOS CONSTRUCOES E EDIFICACOES LTDA — Paripueira, 378 m2 (dono da obra, responsável)",responsável,0057,Dono da obra,PARIPUEIRA,CENTRO,378.5,m2,2026-07-24,2026-09-21,63,3.0,120,900306224676,CNO / Receita Federal
1.4,54027801,54027801000170,(sem nome no CNO) CNPJ 54027801000170,False,,,,obra_nova,"DEMOLIÇÃO TNG EMPREENDIMENTOS — Maceió, 499 m2 (pessoa jurídica construtora, vínculo)",vínculo,0053,Pessoa jurídica construtora,MACEIÓ,MANGABEIRAS,499.49,m2,2026-07-23,2026-07-24,64,3.0,120,900297318675,CNO / Receita Federal
1.4,08620924,08620924000100,ALMEIDA CONSTRUCOES E INCORPORACOES E T LIMITADA,True,Sem relacionamento,DEMAIS,Obras de terraplenagem,obra_nova,"DEMOLIÇÃO TNG EMPREENDIMENTOS — Maceió, 499 m2 (pessoa jurídica construtora, responsável)",responsável,0053,Pessoa jurídica construtora,MACEIÓ,MANGABEIRAS,499.49,m2,2026-07-23,2026-07-24,64,3.0,120,900297318675,CNO / Receita Federal
1.38,15811119,15811119000111,(sem nome no CNO) CNPJ 15811119000111,False,,,,obra_nova,"VENTURA TELECOMUNICACOES LTDA - 82060015 | ALFAR67 — Maceió, 29 m2 (pessoa jurídica construtora, vínculo)",vínculo,0053,Pessoa jurídica construtora,MACEIÓ,CRUZ DAS ALMAS,29.47,m2,2026-07-22,2026-08-20,65,3.0,120,900301302072,CNO / Receita Federal
1.38,25085079,25085079000121,FERREIRA SANTOS ENGENHARIA LTDA,True,Sem relacionamento,MICRO EMPRESA,Construcao de edificios,obra_nova,"LOTEAMENTO NOVO FRANCÊS - LOTE 13 — Marechal Deodoro, 201 m2 (dono da obra, responsável)",responsável,0057,Dono da obra,MARECHAL DEODORO,POVOADO FRANCÊS,201.04,m2,2026-07-22,2026-08-11,65,3.0,120,900299965579,CNO / Receita Federal
1.38,15447648,15447648000188,VENTURA TELECOMUNICACOES LTDA,False,,,,obra_nova,"VENTURA TELECOMUNICACOES LTDA - 82060015 | ALFAR67 — Maceió, 29 m2 (pessoa jurídica construtora, responsável)",responsável,0053,Pessoa jurídica construtora,MACEIÓ,CRUZ DAS ALMAS,29.47,m2,2026-07-22,2026-08-20,65,3.0,120,900301302072,CNO / Receita Federal
1.35,66726644,66726644000170,VIVERE LTDA,False,,,,obra_nova,"VIVERE LTDA — Arapiraca, 598 m2 (proprietário do imóvel, responsável)",responsável,0070,Proprietário do imóvel,ARAPIRACA,ALTO DO CRUZEIRO,597.58,m2,2026-07-21,2026-07-21,66,3.0,120,900296811071,CNO / Receita Federal
1.35,10825373,10825373000155,(sem nome no CNO) CNPJ 10825373000155,False,,,,obra_nova,"PRECISAO PROJETOS E CONSTRUCOES LTDA — Palmeira Dos Índios, 779 m2 (pessoa jurídica construtora, vínculo)",vínculo,0053,Pessoa jurídica construtora,PALMEIRA DOS ÍNDIOS,PALMEIRA DE FORA,779.38,m2,2026-07-21,2026-07-21,66,3.0,120,900296746772,CNO / Receita Federal
1.35,05742344,05742344000190,PRECISAO PROJETOS E CONSTRUCOES LTDA,True,Sem relacionamento,PEQUENO PORTE,Construcao de edificios,obra_nova,"PRECISAO PROJETOS E CONSTRUCOES LTDA — Palmeira Dos Índios, 779 m2 (pessoa jurídica construtora, responsável)",responsável,0053,Pessoa jurídica construtora,PALMEIRA DOS ÍNDIOS,PALMEIRA DE FORA,779.38,m2,2026-07-21,2026-07-21,66,3.0,120,900296746772,CNO / Receita Federal
1.32,22217896,22217896000106,(sem nome no CNO) CNPJ 22217896000106,False,,,,obra_nova,"AMORIM BARRETO ENGENHARIA LTDA — Arapiraca, 6 Outra (pessoa jurídica construtora, vínculo)",vínculo,0053,Pessoa jurídica construtora,ARAPIRACA,ZONA RURAL,6.18,Outra,2026-07-20,2026-07-23,67,3.0,120,900297130077,CNO / Receita Federal
1.32,12200218,12200218000179,(sem nome no CNO) CNPJ 12200218000179,False,,,,obra_nova,"CRECHES SEDUC 2024 - MATRIZ DE CAMARAGIBE CT - 013/2025 — Matriz De Camaragibe, 840 m2 (consórcio, vínculo)",vínculo,0109,Consórcio,MATRIZ DE CAMARAGIBE,CENTRO,840.0,m2,2026-07-20,2026-07-30,67,3.0,120,900298184079,CNO / Receita Federal
1.32,55699378,55699378000117,CONSORCIO CRECHES SEDUC/AL 2024.,True,Somente SENAI,DEMAIS,Construcao de edificios,obra_nova,"CRECHES SEDUC 2024 - MATRIZ DE CAMARAGIBE CT - 013/2025 — Matriz De Camaragibe, 840 m2 (consórcio, responsável)",responsável,0109,Consórcio,MATRIZ DE CAMARAGIBE,CENTRO,840.0,m2,2026-07-20,2026-07-30,67,3.0,120,900298184079,CNO / Receita Federal
1.32,55699378,55699378000117,CONSORCIO CRECHES SEDUC/AL 2024.,True,Somente SENAI,DEMAIS,Construcao de edificios,obra_nova,"CRECHES SEDUC 2024 - JOAQUIM GOMES CT 12/2025 — Joaquim Gomes, 840 m2 (consórcio, responsável)",responsável,0109,Consórcio,JOAQUIM GOMES,ZONA RURAL,840.0,m2,2026-07-20,2026-07-30,67,3.0,120,900298196075,CNO / Receita Federal
1.32,06034228,06034228000189,PLATAFORMA ENGENHARIA LTDA,True,Somente SENAI,DEMAIS,Construcao de edificios,obra_nova,"CRECHE CRIA - CAPELA — Capela, 0 m2 (sociedade líder de consórcio, responsável)",responsável,0111,Sociedade líder de consórcio,CAPELA,POVOADO JOAO DE DEUS,0.02,m2,2026-07-20,2026-08-05,67,3.0,120,900299110874,CNO / Receita Federal
1.32,05541344,05541344000121,CONSTRUTORA TERRA NORDESTE LTDA,True,Sem relacionamento,PEQUENO PORTE,Construcao de edificios,obra_nova,"CONSTRUTORA TERRA NORDESTE LTDA — Colônia Leopoldina, 400 Outra (pessoa jurídica construtora, responsável)",responsável,0053,Pessoa jurídica construtora,COLÔNIA LEOPOLDINA,CENTRO,400.0,Outra,2026-07-20,2026-08-05,67,3.0,120,900298986472,CNO / Receita Federal
1.32,12332987,12332987000120,(sem nome no CNO) CNPJ 12332987000120,False,,,,obra_nova,"CONSTRUTORA TERRA NORDESTE LTDA — Colônia Leopoldina, 400 Outra (pessoa jurídica construtora, vínculo)",vínculo,0053,Pessoa jurídica construtora,COLÔNIA LEOPOLDINA,CENTRO,400.0,Outra,2026-07-20,2026-08-05,67,3.0,120,900298986472,CNO / Receita Federal
1.32,12200218,12200218000179,(sem nome no CNO) CNPJ 12200218000179,False,,,,obra_nova,"CRECHES SEDUC 2024 - JOAQUIM GOMES CT 12/2025 — Joaquim Gomes, 840 m2 (consórcio, vínculo)",vínculo,0109,Consórcio,JOAQUIM GOMES,ZONA RURAL,840.0,m2,2026-07-20,2026-07-30,67,3.0,120,900298196075,CNO / Receita Federal
1.32,03318115,03318115000117,AMORIM BARRETO ENGENHARIA LTDA,True,Sem relacionamento,DEMAIS,Construcao de rodovias e ferrovias,obra_nova,"AMORIM BARRETO ENGENHARIA LTDA — Arapiraca, 6 Outra (pessoa jurídica construtora, responsável)",responsável,0053,Pessoa jurídica construtora,ARAPIRACA,ZONA RURAL,6.18,Outra,2026-07-20,2026-07-23,67,3.0,120,900297130077,CNO / Receita Federal
1.32,12200218,12200218000179,(sem nome no CNO) CNPJ 12200218000179,False,,,,obra_nova,"CRECHE CRIA - CAPELA — Capela, 0 m2 (sociedade líder de consórcio, vínculo)",vínculo,0111,Sociedade líder de consórcio,CAPELA,POVOADO JOAO DE DEUS,0.02,m2,2026-07-20,2026-08-05,67,3.0,120,900299110874,CNO / Receita Federal
1.32,57206917,57206917000164,CONSORCIO PDA,True,Sem relacionamento,DEMAIS,Construcao de edificios,obra_nova,"CRECHE CRIA - CAPELA — Capela, 0 m2 (sociedade líder de consórcio, vínculo)",vínculo,0111,Sociedade líder de consórcio,CAPELA,POVOADO JOAO DE DEUS,0.02,m2,2026-07-20,2026-08-05,67,3.0,120,900299110874,CNO / Receita Federal
1.3,35189044,35189044000196,HARCOS EMPREENDIMENTOS IMOBILIARIOS LTDA,True,Somente SESI,DEMAIS,Incorporacao de empreendimentos imobiliarios,obra_nova,"HARCOS EMPREENDIMENTOS IMOBILIARIOS LTDA — Messias, 139 m2 (dono da obra, responsável)",responsável,0057,Dono da obra,MESSIAS,CENTRO,139.0,m2,2026-07-19,2026-08-03,68,3.0,120,900298641376,CNO / Receita Federal
1.25,13829465,13829465000100,A J PROJETOS E CONSTRUCOES LTDA,False,,,,obra_nova,"A J PROJETOS E CONSTRUCOES LTDA — São Miguel Dos Campos, 60 m2 (pessoa jurídica construtora, responsável)",responsável,0053,Pessoa jurídica construtora,SÃO MIGUEL DOS CAMPOS,HELIO JATOBA,60.0,m2,2026-07-17,2026-07-17,70,3.0,120,900296219276,CNO / Receita Federal
1.25,13829465,13829465000100,A J PROJETOS E CONSTRUCOES LTDA,False,,,,obra_nova,"A J PROJETOS E CONSTRUCOES LTDA — São Miguel Dos Campos, 60 m2 (pessoa jurídica construtora, responsável)",responsável,0053,Pessoa jurídica construtora,SÃO MIGUEL DOS CAMPOS,HELIO JATOBA,60.0,m2,2026-07-17,2026-07-17,70,3.0,120,900296220279,CNO / Receita Federal
1.25,13829465,13829465000100,A J PROJETOS E CONSTRUCOES LTDA,False,,,,obra_nova,"A J PROJETOS E CONSTRUCOES LTDA — São Miguel Dos Campos, 63 m2 (pessoa jurídica construtora, responsável)",responsável,0053,Pessoa jurídica construtora,SÃO MIGUEL DOS CAMPOS,HELIO JATOBA,63.42,m2,2026-07-17,2026-07-17,70,3.0,120,900296218771,CNO / Receita Federal
1.21,12200226,12200226000115,(sem nome no CNO) CNPJ 12200226000115,False,,,,obra_nova,"CONSORCIO AERODROMOS ALAGOAS - DELMIRO GOUVEIA — Delmiro Gouveia, 225.000 m2 (consórcio, vínculo)",vínculo,0109,Consórcio,DELMIRO GOUVEIA,RODOVIA,225000.0,m2,2026-06-26,2026-06-26,91,5.0,120,900292869572,CNO / Receita Federal
1.21,12805036,12805036000121,MULTCOM CONSTRUTORA LTDA,False,,,,obra_nova,"MULTCOM CONSTRUTORA LTDA IFAL SANTANA DO IPANEMA — Santana Do Ipanema, 6.543 m2 (pessoa jurídica construtora, responsável)",responsável,0053,Pessoa jurídica construtora,SANTANA DO IPANEMA,LAGOA DO JUNCO,6543.09,m2,2026-06-26,2026-07-10,91,5.0,120,900295314571,CNO / Receita Federal
1.21,10825373,10825373000155,(sem nome no CNO) CNPJ 10825373000155,False,,,,obra_nova,"MULTCOM CONSTRUTORA LTDA IFAL SANTANA DO IPANEMA — Santana Do Ipanema, 6.543 m2 (pessoa jurídica construtora, vínculo)",vínculo,0053,Pessoa jurídica construtora,SANTANA DO IPANEMA,LAGOA DO JUNCO,6543.09,m2,2026-06-26,2026-07-10,91,5.0,120,900295314571,CNO / Receita Federal
1.21,65978993,65978993000116,CONSORCIO AERODROMOS ALAGOAS,False,,,,obra_nova,"CONSORCIO AERODROMOS ALAGOAS - DELMIRO GOUVEIA — Delmiro Gouveia, 225.000 m2 (consórcio, responsável)",responsável,0109,Consórcio,DELMIRO GOUVEIA,RODOVIA,225000.0,m2,2026-06-26,2026-06-26,91,5.0,120,900292869572,CNO / Receita Federal
1.2,23001832,23001832000128,CONSTRUTORA REMAJ LTDA,True,Sem relacionamento,PEQUENO PORTE,Construcao de edificios,obra_nova,"CONSTRUTORA REMAJ LTDA — Rio Largo, 79 m2 (dono da obra, responsável)",responsável,0057,Dono da obra,RIO LARGO,PREFEITO ANTONIO L DE SOUZA,78.65,m2,2026-07-15,2026-07-16,72,3.0,120,900296067077,CNO / Receita Federal
1.2,23001832,23001832000128,CONSTRUTORA REMAJ LTDA,True,Sem relacionamento,PEQUENO PORTE,Construcao de edificios,obra_nova,"CONSTRUTORA REMAJ LTDA — Rio Largo, 78 m2 (dono da obra, responsável)",responsável,0057,Dono da obra,RIO LARGO,PREFEITO ANTONIO L DE SOUZA,78.29,m2,2026-07-15,2026-07-16,72,3.0,120,900296135574,CNO / Receita Federal
1.2,23001832,23001832000128,CONSTRUTORA REMAJ LTDA,True,Sem relacionamento,PEQUENO PORTE,Construcao de edificios,obra_nova,"CONSTRUTORA REMAJ LTDA — Rio Largo, 81 m2 (dono da obra, responsável)",responsável,0057,Dono da obra,RIO LARGO,PREFEITO ANTONIO L DE SOUZA,80.54,m2,2026-07-15,2026-07-16,72,3.0,120,900296076176,CNO / Receita Federal
1.2,23001832,23001832000128,CONSTRUTORA REMAJ LTDA,True,Sem relacionamento,PEQUENO PORTE,Construcao de edificios,obra_nova,"CONSTRUTORA REMAJ LTDA — Rio Largo, 106 m2 (dono da obra, responsável)",responsável,0057,Dono da obra,RIO LARGO,PREFEITO ANTONIO L DE SOUZA,105.58,m2,2026-07-15,2026-07-16,72,3.0,120,900296163376,CNO / Receita Federal
1.2,23001832,23001832000128,CONSTRUTORA REMAJ LTDA,True,Sem relacionamento,PEQUENO PORTE,Construcao de edificios,obra_nova,"CONSTRUTORA REMAJ LTDA — Rio Largo, 75 m2 (dono da obra, responsável)",responsável,0057,Dono da obra,RIO LARGO,PREFEITO ANTONIO L DE SOUZA,74.91,m2,2026-07-15,2026-07-16,72,3.0,120,900296153772,CNO / Receita Federal
1.2,23001832,23001832000128,CONSTRUTORA REMAJ LTDA,True,Sem relacionamento,PEQUENO PORTE,Construcao de edificios,obra_nova,"CONSTRUTORA REMAJ LTDA — Rio Largo, 75 m2 (dono da obra, responsável)",responsável,0057,Dono da obra,RIO LARGO,PREFEITO ANTONIO L DE SOUZA,74.55,m2,2026-07-15,2026-07-16,72,3.0,120,900296150977,CNO / Receita Federal
1.2,23001832,23001832000128,CONSTRUTORA REMAJ LTDA,True,Sem relacionamento,PEQUENO PORTE,Construcao de edificios,obra_nova,"CONSTRUTORA REMAJ LTDA — Rio Largo, 77 m2 (dono da obra, responsável)",responsável,0057,Dono da obra,RIO LARGO,PREFEITO ANTONIO L DE SOUZA,77.48,m2,2026-07-15,2026-07-16,72,3.0,120,900296141079,CNO / Receita Federal
1.2,23001832,23001832000128,CONSTRUTORA REMAJ LTDA,True,Sem relacionamento,PEQUENO PORTE,Construcao de edificios,obra_nova,"CONSTRUTORA REMAJ LTDA — Rio Largo, 78 m2 (dono da obra, responsável)",responsável,0057,Dono da obra,RIO LARGO,PREFEITO ANTONIO L DE SOUZA,77.6,m2,2026-07-15,2026-07-16,72,3.0,120,900296146779,CNO / Receita Federal
1.2,23001832,23001832000128,CONSTRUTORA REMAJ LTDA,True,Sem relacionamento,PEQUENO PORTE,Construcao de edificios,obra_nova,"CONSTRUTORA REMAJ LTDA — Rio Largo, 75 m2 (dono da obra, responsável)",responsável,0057,Dono da obra,RIO LARGO,PREFEITO ANTONIO L DE SOUZA,74.91,m2,2026-07-15,2026-07-16,72,3.0,120,900296152274,CNO / Receita Federal
1.17,12207536,12207536000161,(sem nome no CNO) CNPJ 12207536000161,False,,,,obra_nova,"ABBA CONSTRUCOES LTDA — Girau Do Ponciano, 3.000 Outra (pessoa jurídica construtora, vínculo)",vínculo,0053,Pessoa jurídica construtora,GIRAU DO PONCIANO,CANAFISTULA DO CIPRIANO,3000.0,Outra,2026-07-02,2026-09-21,85,4.0,120,900306175476,CNO / Receita Federal
1.17,93209765,93209765036499,(sem nome no CNO) CNPJ 93209765036499,False,,,,obra_nova,"ANDRE GUIMARAES CONSTRUÇÕES E MONTAGENS - REFORMA - AT JATIUCA — Maceió, 2.900 m2 (pessoa jurídica construtora, vínculo)",vínculo,0053,Pessoa jurídica construtora,MACEIÓ,JATIUCA,2900.07,m2,2026-07-02,2026-07-14,85,4.0,120,900295715573,CNO / Receita Federal
1.17,03316710,03316710000113,"ANDRE GUIMARAES CONSTRUCOES, MONTAGENS E SERVICOS LTDA.",False,,,,obra_nova,"ANDRE GUIMARAES CONSTRUÇÕES E MONTAGENS - REFORMA - AT JATIUCA — Maceió, 2.900 m2 (pessoa jurídica construtora, responsável)",responsável,0053,Pessoa jurídica construtora,MACEIÓ,JATIUCA,2900.07,m2,2026-07-02,2026-07-14,85,4.0,120,900295715573,CNO / Receita Federal
1.17,38023657,38023657000147,ABBA CONSTRUCOES LTDA,True,Sem relacionamento,PEQUENO PORTE,Construcao de edificios,obra_nova,"ABBA CONSTRUCOES LTDA — Girau Do Ponciano, 3.000 Outra (pessoa jurídica construtora, responsável)",responsável,0053,Pessoa jurídica construtora,GIRAU DO PONCIANO,CANAFISTULA DO CIPRIANO,3000.0,Outra,2026-07-02,2026-09-21,85,4.0,120,900306175476,CNO / Receita Federal
1.15,18860404,18860404000110,MARE ENGENHARIA ARQUITETURA E CONSTRUCAO LTDA,True,Sem relacionamento,PEQUENO PORTE,Servicos de engenharia,obra_nova,"RESIDENCIAL VIVER BEM — Junqueiro, 606 m2 (pessoa jurídica construtora, responsável)",responsável,0053,Pessoa jurídica construtora,JUNQUEIRO,RIACHÃO,606.48,m2,2026-07-13,2026-07-20,74,3.0,120,900296578973,CNO / Receita Federal
1.15,47338772,47338772000100,(sem nome no CNO) CNPJ 47338772000100,False,,,,obra_nova,"RESIDENCIAL VIVER BEM — Junqueiro, 606 m2 (pessoa jurídica construtora, vínculo)",vínculo,0053,Pessoa jurídica construtora,JUNQUEIRO,RIACHÃO,606.48,m2,2026-07-13,2026-07-20,74,3.0,120,900296578973,CNO / Receita Federal
1.15,66958568,66958568000128,CONSORCIO VIADUTO BR-316-AL,False,,,,obra_nova,"CONSORCIO VIADUTO BR-316-AL — Maceió, 0 km (consórcio, responsável)",responsável,0109,Consórcio,MACEIÓ,ANTARES,0.22,km,2026-07-13,2026-08-28,74,3.0,120,900302790973,CNO / Receita Federal
1.15,04892707,04892707000100,(sem nome no CNO) CNPJ 04892707000100,False,,,,obra_nova,"CONSORCIO VIADUTO BR-316-AL — Maceió, 0 km (consórcio, vínculo)",vínculo,0109,Consórcio,MACEIÓ,ANTARES,0.22,km,2026-07-13,2026-08-28,74,3.0,120,900302790973,CNO / Receita Federal
1.13,12369880,12369880000157,(sem nome no CNO) CNPJ 12369880000157,False,,,,obra_nova,"CONSTRUSAN CONSTRUTORA LTDA — Pão De Açúcar, 1.992 m2 (pessoa jurídica construtora, vínculo)",vínculo,0053,Pessoa jurídica construtora,PÃO DE AÇÚCAR,Povoado Limoeiro,1992.06,m2,2026-07-01,2026-09-17,86,4.0,120,900305709372,CNO / Receita Federal
1.13,37383978,37383978000190,T R A ENGENHARIA LTDA,True,Sem relacionamento,PEQUENO PORTE,Servicos de engenharia,obra_nova,"T R A ENGENHARIA LTDA — Arapiraca, 1.943 m2 (dono da obra, responsável)",responsável,0057,Dono da obra,ARAPIRACA,NOVO HORIZONTE,1943.34,m2,2026-07-01,2026-08-18,86,4.0,120,900300883379,CNO / Receita Federal
1.13,55908250,55908250000116,M V R SILVA  LTDA,False,,,,obra_nova,"M V R SILVA  LTDA — Campestre, 1.600 m2 (dono da obra, responsável)",responsável,0057,Dono da obra,CAMPESTRE,CLOVES DE ANDRADE,1600.0,m2,2026-07-01,2026-07-10,86,4.0,120,900295245179,CNO / Receita Federal
1.13,13029361,13029361000102,CONSTRUSAN CONSTRUTORA LTDA,True,Sem relacionamento,MICRO EMPRESA,Construcao de edificios,obra_nova,"CONSTRUSAN CONSTRUTORA LTDA — Pão De Açúcar, 1.992 m2 (pessoa jurídica construtora, responsável)",responsável,0053,Pessoa jurídica construtora,PÃO DE AÇÚCAR,Povoado Limoeiro,1992.06,m2,2026-07-01,2026-09-17,86,4.0,120,900305709372,CNO / Receita Federal
1.12,24166688,24166688000142,CONSTRUTORA R PONTES LTDA,True,Sem relacionamento,DEMAIS,Construcao de edificios,obra_nova,"SUMMIT PRAIA — Maceió, 18.359 m2 (incorporador de construção civil, responsável)",responsável,0064,Incorporador de construção civil,MACEIÓ,PAJUCARA,18359.24,m2,2026-06-24,2026-07-09,93,5.0,120,900295091673,CNO / Receita Federal
1.07,12198693,12198693000158,(sem nome no CNO) CNPJ 12198693000158,False,,,,obra_nova,"CRECHE CACIMBAS — Arapiraca, 1.440 m2 (consórcio, vínculo)",vínculo,0109,Consórcio,ARAPIRACA,PRIMAVERA,1440.0,m2,2026-06-29,2026-07-13,88,4.0,120,900295453873,CNO / Receita Federal
1.07,35335154,35335154000119,DBN - DEBONI SISTEMAS CONSTRUTIVOS LTDA,True,Sem relacionamento,DEMAIS,Construcao de edificios,obra_nova,"DBN - DEBONI SIST CONST LTDA - CRECHE PARICONHA — Pariconha, 811 m2 (pessoa jurídica construtora, responsável)",responsável,0053,Pessoa jurídica construtora,PARICONHA,ZONA RURAL,811.46,m2,2026-07-10,2026-07-30,77,3.0,120,900298272173,CNO / Receita Federal
1.07,12200218,12200218000179,(sem nome no CNO) CNPJ 12200218000179,False,,,,obra_nova,"DBN - DEBONI SIST CONST LTDA - CRECHE PARICONHA — Pariconha, 811 m2 (pessoa jurídica construtora, vínculo)",vínculo,0053,Pessoa jurídica construtora,PARICONHA,ZONA RURAL,811.46,m2,2026-07-10,2026-07-30,77,3.0,120,900298272173,CNO / Receita Federal
1.07,12200218,12200218000179,(sem nome no CNO) CNPJ 12200218000179,False,,,,obra_nova,"DBN - DEBONI SIST CONST LTDA - CRECHE MONTEIROPOLIS — Monteirópolis, 811 m2 (pessoa jurídica construtora, vínculo)",vínculo,0053,Pessoa jurídica construtora,MONTEIRÓPOLIS,ZONA RURAL,811.46,m2,2026-07-10,2026-07-30,77,3.0,120,900298262579,CNO / Receita Federal
1.07,60142273,60142273000100,CONSORCIO CEIS ARAPIRACA,True,Sem relacionamento,DEMAIS,Construcao de edificios,obra_nova,"CRECHE CACIMBAS — Arapiraca, 1.440 m2 (consórcio, responsável)",responsável,0109,Consórcio,ARAPIRACA,PRIMAVERA,1440.0,m2,2026-06-29,2026-07-13,88,4.0,120,900295453873,CNO / Receita Federal
1.07,35335154,35335154000119,DBN - DEBONI SISTEMAS CONSTRUTIVOS LTDA,True,Sem relacionamento,DEMAIS,Construcao de edificios,obra_nova,"DBN - DEBONI SIST CONST LTDA - CRECHE MONTEIROPOLIS — Monteirópolis, 811 m2 (pessoa jurídica construtora, responsável)",responsável,0053,Pessoa jurídica construtora,MONTEIRÓPOLIS,ZONA RURAL,811.46,m2,2026-07-10,2026-07-30,77,3.0,120,900298262579,CNO / Receita Federal
1.05,50542217,50542217000100,KADIMA ENGENHARIA LTDA,True,Sem relacionamento,MICRO EMPRESA,Servicos de engenharia,obra_nova,"KADIMA ENGENHARIA LTDA — Maceió, 306 m2 (dono da obra, responsável)",responsável,0057,Dono da obra,MACEIÓ,BEBEDOURO,306.0,m2,2026-07-09,2026-07-10,78,3.0,120,900295226476,CNO / Receita Federal
1.05,06626253,06626253000151,(sem nome no CNO) CNPJ 06626253000151,False,,,,obra_nova,"CNO - UNIVERSITARIO - SATUBA — Satuba, 260 m2 (pessoa jurídica construtora, vínculo)",vínculo,0053,Pessoa jurídica construtora,SATUBA,CENTRO,260.15,m2,2026-07-09,2026-07-09,78,3.0,120,900295113372,CNO / Receita Federal
1.05,30132334,30132334000180,GUIMARAES MELO - ENGENHARIA LTDA,False,,,,obra_nova,"CNO - UNIVERSITARIO - SATUBA — Satuba, 260 m2 (pessoa jurídica construtora, responsável)",responsável,0053,Pessoa jurídica construtora,SATUBA,CENTRO,260.15,m2,2026-07-09,2026-07-09,78,3.0,120,900295113372,CNO / Receita Federal
1.02,42831657,42831657000140,WL ENGENHARIA LTDA,True,Sem relacionamento,PEQUENO PORTE,Construcao de edificios,obra_nova,"WL ENGENHARIA LTDA — Canapi, 60 m2 (dono da obra, responsável)",responsável,0057,Dono da obra,CANAPI,CENTRO,60.0,m2,2026-07-08,2026-07-08,79,3.0,120,900294893578,CNO / Receita Federal
1.02,42831657,42831657000140,WL ENGENHARIA LTDA,True,Sem relacionamento,PEQUENO PORTE,Construcao de edificios,obra_nova,"WL ENGENHARIA LTDA — Canapi, 514 m2 (dono da obra, responsável)",responsável,0057,Dono da obra,CANAPI,CENTRO,513.65,m2,2026-07-08,2026-07-08,79,3.0,120,900294895377,CNO / Receita Federal
1.0,49122901,49122901000145,J L L INCORPORADORA E CONSTRUTORA LTDA,True,Sem relacionamento,DEMAIS,Incorporacao de empreendimentos imobiliarios,obra_nova,"J L L INCORPORADORA E CONSTRUTORA LTDA — Penedo, 140 m2 (dono da obra, responsável)",responsável,0057,Dono da obra,PENEDO,SANTA IZABEL,140.29,m2,2026-07-07,2026-08-03,80,3.0,120,900298670871,CNO / Receita Federal
1.0,37887315,37887315000102,DOREA INSTALACOES E CONSULTORIA LTDA,False,,,,obra_nova,"SMARTFIT ESCOLA DE GINASTICA E DANCA S.A — Maceió, 610 m2 (incorporador de construção civil, responsável)",responsável,0064,Incorporador de construção civil,MACEIÓ,FAROL,610.31,m2,2026-07-07,2026-07-07,80,3.0,120,900294650279,CNO / Receita Federal
0.97,39580673,39580673000101,BRK AMBIENTAL - REGIAO METROPOLITANA DE MACEIO S.A.,True,SESI + SENAI,DEMAIS,"Captacao, tratamento e distribuicao de agua",obra_nova,"BRK AMBIENTAL - REGIAO METROPOLITANA DE MACEIO S.A. — Maceió, 300 m2 (proprietário do imóvel, responsável)",responsável,0070,Proprietário do imóvel,MACEIÓ,PRADO,300.0,m2,2026-07-06,2026-07-09,81,3.0,120,900295150672,CNO / Receita Federal
0.9,18729404,18729404000186,METAL INFRAESTRUTURA LTDA,True,Somente SENAI,DEMAIS,"Construcao de redes de abastecimento de agua, coleta de esgoto e construcoes correlatas, exceto obras de irrigacao",obra_nova,"METAL INFRAESTRUTURA LTDA — Coruripe, 13 km (pessoa jurídica construtora, responsável)",responsável,0053,Pessoa jurídica construtora,CORURIPE,POXIM,13.4,km,2026-07-03,2026-07-13,84,3.0,120,900295553074,CNO / Receita Federal
0.9,11159179,11159179000140,L T CONSTRUTORA LTDA,True,Sem relacionamento,PEQUENO PORTE,Construcao de edificios,obra_nova,"L T CONSTRUTORA LTDA — Coruripe, 61 m2 (proprietário do imóvel, responsável)",responsável,0070,Proprietário do imóvel,CORURIPE,ALTO DA SAUDADAE,60.68,m2,2026-07-03,2026-07-31,84,3.0,120,900298454270,CNO / Receita Federal
0.9,11159179,11159179000140,L T CONSTRUTORA LTDA,True,Sem relacionamento,PEQUENO PORTE,Construcao de edificios,obra_nova,"L T CONSTRUTORA LTDA — Coruripe, 83 m2 (proprietário do imóvel, responsável)",responsável,0070,Proprietário do imóvel,CORURIPE,ALTO DA SAUDADE,82.8,m2,2026-07-03,2026-07-31,84,3.0,120,900298406471,CNO / Receita Federal
0.9,04287961,04287961000180,DEPARTAMENTO DE AGUA E ESGOTO SANITARIO DE CORURIPE,True,Sem relacionamento,DEMAIS,"Captacao, tratamento e distribuicao de agua",obra_nova,"METAL INFRAESTRUTURA LTDA — Coruripe, 13 km (pessoa jurídica construtora, vínculo)",vínculo,0053,Pessoa jurídica construtora,CORURIPE,POXIM,13.4,km,2026-07-03,2026-07-13,84,3.0,120,900295553074,CNO / Receita Federal
0.9,12200275,12200275000158,(sem nome no CNO) CNPJ 12200275000158,False,,,,obra_nova,"PHS ENGENHARIA LTDA — Marechal Deodoro, 195 m2 (pessoa jurídica construtora, vínculo)",vínculo,0053,Pessoa jurídica construtora,MARECHAL DEODORO,Centro,194.9,m2,2026-07-03,2026-07-06,84,3.0,120,900294481473,CNO / Receita Federal
0.9,37075344,37075344000170,PHS ENGENHARIA LTDA,True,Sem relacionamento,DEMAIS,Construcao de edificios,obra_nova,"PHS ENGENHARIA LTDA — Marechal Deodoro, 195 m2 (pessoa jurídica construtora, responsável)",responsável,0053,Pessoa jurídica construtora,MARECHAL DEODORO,Centro,194.9,m2,2026-07-03,2026-07-06,84,3.0,120,900294481473,CNO / Receita Federal
0.9,11446462,11446462000153,R J DOS SANTOS LTDA,True,Sem relacionamento,MICRO EMPRESA,"Obras de urbanizacao - ruas, pracas e calcadas",obra_nova,"R J DOS SANTOS LTDA — Joaquim Gomes, 758 m2 (dono da obra, responsável)",responsável,0057,Dono da obra,JOAQUIM GOMES,CENTRO,757.5,m2,2026-07-03,2026-09-17,84,3.0,120,900305758076,CNO / Receita Federal
0.88,62565284,62565284000110,HF QUINTA DAS MANGUEIRAS SPE LTDA,False,,,,obra_nova,"QUINTA DAS MANGUEIRAS — Maragogi, 17.725 m2 (dono da obra, responsável)",responsável,0057,Dono da obra,MARAGOGI,PONTA DE MANGUE,17725.01,m2,2026-06-18,2026-07-14,99,5.0,120,900295652977,CNO / Receita Federal
0.87,05950899,05950899000127,SKALA CONSTRUTORA LTDA,False,,,,obra_nova,"SKALA CONSTRUTORA LTDA — Branquinha, 800 m2 (pessoa jurídica construtora, responsável)",responsável,0053,Pessoa jurídica construtora,BRANQUINHA,sede,800.0,m2,2026-07-02,2026-07-15,85,3.0,120,900295999677,CNO / Receita Federal
0.87,12224895,12224895000127,(sem nome no CNO) CNPJ 12224895000127,False,,,,obra_nova,"CVM - DELMIRO GOUVEIA-AL( CT-05/2026- BOM SOSSEGO) — Delmiro Gouveia, 548 Outra (pessoa jurídica construtora, vínculo)",vínculo,0053,Pessoa jurídica construtora,DELMIRO GOUVEIA,BOM SOSSEGO,547.72,Outra,2026-07-02,2026-07-21,85,3.0,120,900296646876,CNO / Receita Federal
0.87,12201034,12201034000123,(sem nome no CNO) CNPJ 12201034000123,False,,,,obra_nova,"SKALA CONSTRUTORA LTDA — Branquinha, 800 m2 (pessoa jurídica construtora, vínculo)",vínculo,0053,Pessoa jurídica construtora,BRANQUINHA,sede,800.0,m2,2026-07-02,2026-07-15,85,3.0,120,900295999677,CNO / Receita Federal
0.87,08534529,08534529000105,CVM CONSTRUTORA LTDA,False,,,,obra_nova,"CVM - DELMIRO GOUVEIA-AL( CT-05/2026- BOM SOSSEGO) — Delmiro Gouveia, 548 Outra (pessoa jurídica construtora, responsável)",responsável,0053,Pessoa jurídica construtora,DELMIRO GOUVEIA,BOM SOSSEGO,547.72,Outra,2026-07-02,2026-07-21,85,3.0,120,900296646876,CNO / Receita Federal
0.85,02554665,02554665000172,CONTEL OBRAS E SERVICOS LTDA,False,,,,obra_nova,"NEXUS TELECOM BRASIL - MACEIÓ/AL — Maceió, 120 m2 (pessoa jurídica construtora, responsável)",responsável,0053,Pessoa jurídica construtora,MACEIÓ,CIDADE UNIVERSITARIA,120.0,m2,2026-07-01,2026-07-24,86,3.0,120,900297415070,CNO / Receita Federal
0.85,09066964,09066964000107,ALIANCA CONSTRUCOES LTDA,True,SESI + SENAI,PEQUENO PORTE,Construcao de edificios,obra_nova,"IMPLANTAÇÃO DE PASSAGEM MOLHADA EM BELO MONTE ALAGOAS. — Belo Monte, 702 m2 (pessoa jurídica construtora, responsável)",responsável,0053,Pessoa jurídica construtora,BELO MONTE,CENTRO,702.0,m2,2026-07-01,2026-07-09,86,3.0,120,900295040772,CNO / Receita Federal
0.85,10340747,10340747000142,GUERRERO CONSTRUTORA E EMPREENDIMENTOS LTDA,False,,,,obra_nova,"GUERRERO CONSTRUTORA E EMPREENDIMENTOS LTDA — Arapiraca, 69 kva (pessoa jurídica construtora, responsável)",responsável,0053,Pessoa jurídica construtora,ARAPIRACA,CANAFISTULA,69.0,kva,2026-07-01,2026-07-16,86,3.0,120,900296131178,CNO / Receita Federal
0.85,51916206,51916206000105,AML ADMINISTRACAO PATRIMONIAL LTDA,False,,,,obra_nova,"AML ADMINISTRACAO PATRIMONIAL LTDA — Maceió, 581 m2 (dono da obra, responsável)",responsável,0057,Dono da obra,MACEIÓ,FEITOSA,581.24,m2,2026-07-01,2026-07-07,86,3.0,120,900294744978,CNO / Receita Federal
0.85,12272084,12272084000100,EQUATORIAL ALAGOAS DISTRIBUIDORA DE ENERGIA S.A.,True,Somente SENAI,DEMAIS,Distribuicao de energia eletrica,obra_nova,"GUERRERO CONSTRUTORA E EMPREENDIMENTOS LTDA — Arapiraca, 69 kva (pessoa jurídica construtora, vínculo)",vínculo,0053,Pessoa jurídica construtora,ARAPIRACA,CANAFISTULA,69.0,kva,2026-07-01,2026-07-16,86,3.0,120,900296131178,CNO / Receita Federal
0.85,18843320,18843320000179,QUINTINO E FIGUEIRA CONSULTORIA E SERVICOS DE ENGENHARIA LTDA,True,Sem relacionamento,MICRO EMPRESA,Servicos de engenharia,obra_nova,"QUINTINO E FIGUEIRA CONSULTORIA E SERVICOS DE ENGENHARIA LTDA — Satuba, 140 m2 (pessoa jurídica construtora, responsável)",responsável,0053,Pessoa jurídica construtora,SATUBA,BOA VISTA,139.78,m2,2026-07-01,2026-07-21,86,3.0,120,900296711779,CNO / Receita Federal
0.85,61585865,61585865000151,(sem nome no CNO) CNPJ 61585865000151,False,,,,obra_nova,"TIAGO CORTEZ DANTAS LTDA — Maceió, 327 m2 (pessoa jurídica construtora, vínculo)",vínculo,0053,Pessoa jurídica construtora,MACEIÓ,BARRO DURO,327.37,m2,2026-07-01,2026-07-31,86,3.0,120,900298486775,CNO / Receita Federal
0.85,60705169,60705169000179,(sem nome no CNO) CNPJ 60705169000179,False,,,,obra_nova,"NEXUS TELECOM BRASIL - MACEIÓ/AL — Maceió, 120 m2 (pessoa jurídica construtora, vínculo)",vínculo,0053,Pessoa jurídica construtora,MACEIÓ,CIDADE UNIVERSITARIA,120.0,m2,2026-07-01,2026-07-24,86,3.0,120,900297415070,CNO / Receita Federal
0.85,61585865,61585865000151,(sem nome no CNO) CNPJ 61585865000151,False,,,,obra_nova,"TIAGO CORTEZ DANTAS LTDA — Maceió, 287 m2 (pessoa jurídica construtora, vínculo)",vínculo,0053,Pessoa jurídica construtora,MACEIÓ,CRUZ DAS ALMAS,286.81,m2,2026-07-01,2026-07-31,86,3.0,120,900298491775,CNO / Receita Federal
0.85,16101043,16101043000101,TIAGO CORTEZ DANTAS LTDA,False,,,,obra_nova,"TIAGO CORTEZ DANTAS LTDA — Maceió, 327 m2 (pessoa jurídica construtora, responsável)",responsável,0053,Pessoa jurídica construtora,MACEIÓ,BARRO DURO,327.37,m2,2026-07-01,2026-07-31,86,3.0,120,900298486775,CNO / Receita Federal
0.85,16101043,16101043000101,TIAGO CORTEZ DANTAS LTDA,False,,,,obra_nova,"TIAGO CORTEZ DANTAS LTDA — Maceió, 287 m2 (pessoa jurídica construtora, responsável)",responsável,0053,Pessoa jurídica construtora,MACEIÓ,CRUZ DAS ALMAS,286.81,m2,2026-07-01,2026-07-31,86,3.0,120,900298491775,CNO / Receita Federal
0.85,16970437,16970437000198,RNS CONSTRUCOES LTDA,True,Sem relacionamento,DEMAIS,Obras de alvenaria,obra_nova,"COQUEIRO SECO II — Coqueiro Seco, 0 m2 (dono da obra, responsável)",responsável,0057,Dono da obra,COQUEIRO SECO,CENTRO,0.01,m2,2026-07-01,2026-07-29,86,3.0,120,900297904771,CNO / Receita Federal
0.85,37383978,37383978000190,T R A ENGENHARIA LTDA,True,Sem relacionamento,PEQUENO PORTE,Servicos de engenharia,obra_nova,"T R A ENGENHARIA LTDA — Arapiraca, 958 m2 (dono da obra, responsável)",responsável,0057,Dono da obra,ARAPIRACA,ZELIA BARBOSA ROCHA,957.72,m2,2026-07-01,2026-08-18,86,3.0,120,900300879878,CNO / Receita Federal
0.85,08447286,08447286000160,CONSTRUTORA MODELO LTDA,True,Sem relacionamento,PEQUENO PORTE,Construcao de edificios,obra_nova,"CONSTRUTORA MODELO LTDA (UNIDADE J05) CONDOMINIO RESIDENCIAL ATLANTIS — Maceió, 0 m2 (pessoa jurídica construtora, responsável)",responsável,0053,Pessoa jurídica construtora,MACEIÓ,GARCA TORTA,0.01,m2,2026-07-01,2026-07-15,86,3.0,120,900295951271,CNO / Receita Federal
0.85,22217896,22217896000106,(sem nome no CNO) CNPJ 22217896000106,False,,,,obra_nova,"IMPLANTAÇÃO DE PASSAGEM MOLHADA EM BELO MONTE ALAGOAS. — Belo Monte, 702 m2 (pessoa jurídica construtora, vínculo)",vínculo,0053,Pessoa jurídica construtora,BELO MONTE,CENTRO,702.0,m2,2026-07-01,2026-07-09,86,3.0,120,900295040772,CNO / Receita Federal
0.85,62525146,62525146000108,SF CONSTRUCOES E INCORPORACOES IMOBILIARIAS LTDA.,True,Sem relacionamento,DEMAIS,Construcao de edificios,obra_nova,"RESIDENCIAL VISTA LAGUNA — Marechal Deodoro, 273 m2 (proprietário do imóvel, responsável)",responsável,0070,Proprietário do imóvel,MARECHAL DEODORO,ILHA DE SANTA RITA,273.04,m2,2026-07-01,2026-07-13,86,3.0,120,900295539476,CNO / Receita Federal
0.85,16628118,16628118000107,AM3 ENGENHARIA LTDA,True,Sem relacionamento,PEQUENO PORTE,Construcao de edificios,obra_nova,"AM3 ENGENHARIA LTDA — Marechal Deodoro, 395 m2 (proprietário do imóvel, responsável)",responsável,0070,Proprietário do imóvel,MARECHAL DEODORO,Ilha de Santa Rita,395.0,m2,2026-07-01,2026-07-29,86,3.0,120,900297957276,CNO / Receita Federal
0.85,29687024,29687024000142,DIVINA LUZ ENGENHARIA LTDA,True,Sem relacionamento,MICRO EMPRESA,Construcao de edificios,obra_nova,"DIVINA LUZ ENGENHARIA LTDA — São Sebastião, 58 m2 (pessoa jurídica construtora, responsável)",responsável,0053,Pessoa jurídica construtora,SÃO SEBASTIÃO,SÃO JOSE,58.1,m2,2026-07-01,2026-07-17,86,3.0,120,900296216675,CNO / Receita Federal
0.83,07925477,07925477000127,(sem nome no CNO) CNPJ 07925477000127,False,,,,obra_nova,"DBN - DEBONI SIST CONST LTDA - FEPESA — Maceió, 4.839 m2 (pessoa jurídica construtora, vínculo)",vínculo,0053,Pessoa jurídica construtora,MACEIÓ,TRAPICHE DA BARRA,4839.12,m2,2026-06-22,2026-08-07,95,4.0,120,900299423772,CNO / Receita Federal
0.83,12200168,12200168000120,(sem nome no CNO) CNPJ 12200168000120,False,,,,obra_nova,"Obra de Macrodrenagem, no Município de Rio Largo/AL — Rio Largo, 1.493 m2 (pessoa jurídica construtora, vínculo)",vínculo,0053,Pessoa jurídica construtora,RIO LARGO,CENTRO,1493.39,m2,2026-06-22,2026-07-01,95,4.0,120,900293686170,CNO / Receita Federal
0.83,41391511,41391511000169,CAVALCANTI FARIAS LTDA,True,Somente SESI,DEMAIS,Construcao de edificios,obra_nova,"Obra de Macrodrenagem, no Município de Rio Largo/AL — Rio Largo, 1.493 m2 (pessoa jurídica construtora, responsável)",responsável,0053,Pessoa jurídica construtora,RIO LARGO,CENTRO,1493.39,m2,2026-06-22,2026-07-01,95,4.0,120,900293686170,CNO / Receita Federal
0.83,05786268,05786268000114,CRITERIO ENGENHARIA - EM RECUPERACAO JUDICIAL LTDA,True,Sem relacionamento,PEQUENO PORTE,Construcao de edificios,obra_nova,"CRITERIO ENGENHARIA - EM RECUPERACAO JUDICIAL LTDA — Maceió, 2.408 m2 (dono da obra, responsável)",responsável,0057,Dono da obra,MACEIÓ,ANTARES,2408.35,m2,2026-06-22,2026-07-24,95,4.0,120,900297375174,CNO / Receita Federal
0.83,04439268,04439268000509,LATICINIOS SANTA MARIA LTDA,True,Sem relacionamento,DEMAIS,Fabricacao de laticinios,obra_nova,"LATICINIOS SANTA MARIA LTDA — Batalha, 5.148 m2 (dono da obra, responsável)",responsável,0057,Dono da obra,BATALHA,ZONA RURAL,5147.83,m2,2026-06-17,2026-06-18,100,5.0,120,900291377078,CNO / Receita Federal
0.83,35335154,35335154000119,DBN - DEBONI SISTEMAS CONSTRUTIVOS LTDA,True,Sem relacionamento,DEMAIS,Construcao de edificios,obra_nova,"DBN - DEBONI SIST CONST LTDA - FEPESA — Maceió, 4.839 m2 (pessoa jurídica construtora, responsável)",responsável,0053,Pessoa jurídica construtora,MACEIÓ,TRAPICHE DA BARRA,4839.12,m2,2026-06-22,2026-08-07,95,4.0,120,900299423772,CNO / Receita Federal
0.82,12248522,12248522000196,(sem nome no CNO) CNPJ 12248522000196,False,,,,obra_nova,"RVV CONSTRUCOES E EMPREENDIMENTOS LTDA — Maragogi, 1 Outra (pessoa jurídica construtora, vínculo)",vínculo,0053,Pessoa jurídica construtora,MARAGOGI,Zona de Entrada,1.0,Outra,2026-06-30,2026-07-29,87,3.0,120,900298024478,CNO / Receita Federal
0.82,12200325,12200325000105,(sem nome no CNO) CNPJ 12200325000105,False,,,,obra_nova,"CONSTRUÇÃO DE 25 (VINTE E CINCO) UNIDADES HABITACIONAIS DE INTERESSE SOCIAL — Coqueiro Seco, 0 Outra (pessoa jurídica construtora, vínculo)",vínculo,0053,Pessoa jurídica construtora,COQUEIRO SECO,BRASILIA,0.01,Outra,2026-06-30,2026-08-11,87,3.0,120,900299758772,CNO / Receita Federal
0.82,23202729,23202729000146,MCZ CONSTRUCOES E INCORPORACOES LTDA,True,Sem relacionamento,PEQUENO PORTE,Construcao de edificios,obra_nova,"CONSTRUÇÃO DE 25 (VINTE E CINCO) UNIDADES HABITACIONAIS DE INTERESSE SOCIAL — Coqueiro Seco, 0 Outra (pessoa jurídica construtora, responsável)",responsável,0053,Pessoa jurídica construtora,COQUEIRO SECO,BRASILIA,0.01,Outra,2026-06-30,2026-08-11,87,3.0,120,900299758772,CNO / Receita Federal
0.82,04895340,04895340000189,RVV CONSTRUCOES E EMPREENDIMENTOS LTDA,False,,,,obra_nova,"RVV CONSTRUCOES E EMPREENDIMENTOS LTDA — Maragogi, 1 Outra (pessoa jurídica construtora, responsável)",responsável,0053,Pessoa jurídica construtora,MARAGOGI,Zona de Entrada,1.0,Outra,2026-06-30,2026-07-29,87,3.0,120,900298024478,CNO / Receita Federal
0.8,12200333,12200333000143,(sem nome no CNO) CNPJ 12200333000143,False,,,,obra_nova,"CONSTRUC&#807;A&#771;O DE UMA UNIDADE BÁSICA DE SAÚDE  UBS TIPO I — Satuba, 390 m2 (pessoa jurídica construtora, vínculo)",vínculo,0053,Pessoa jurídica construtora,SATUBA,CENTRO,389.78,m2,2026-06-29,2026-09-22,88,3.0,120,900306499671,CNO / Receita Federal
0.8,01782359,01782359000120,MODULO ENGENHARIA E CONSULTORIA LTDA,False,,,,obra_nova,"MODULO ENGENHARIA E CONSULTORIA LTDA — São José Da Laje, 50 m2 (pessoa jurídica construtora, responsável)",responsável,0053,Pessoa jurídica construtora,SÃO JOSÉ DA LAJE,CENTRO,50.0,m2,2026-06-29,2026-07-17,88,3.0,120,900296256577,CNO / Receita Federal
0.8,12198693,12198693000158,(sem nome no CNO) CNPJ 12198693000158,False,,,,obra_nova,"CRECHE CONJ FREI DAMIAO — Arapiraca, 850 m2 (consórcio, vínculo)",vínculo,0109,Consórcio,ARAPIRACA,CANAFISTULA,849.75,m2,2026-06-29,2026-07-13,88,3.0,120,900295456075,CNO / Receita Federal
0.8,60701190,60701190274301,(sem nome no CNO) CNPJ 60701190274301,False,,,,obra_nova,"MODULO ENGENHARIA E CONSULTORIA LTDA — São José Da Laje, 50 m2 (pessoa jurídica construtora, vínculo)",vínculo,0053,Pessoa jurídica construtora,SÃO JOSÉ DA LAJE,CENTRO,50.0,m2,2026-06-29,2026-07-17,88,3.0,120,900296256577,CNO / Receita Federal
0.8,07595156,07595156000101,SCI CONSTRUTORA E INCORPORADORA LTDA,True,Sem relacionamento,MICRO EMPRESA,Construcao de edificios,obra_nova,"SCI CONSTRUTORA E INCORPORADORA LTDA — Arapiraca, 508 m2 (incorporador de construção civil, responsável)",responsável,0064,Incorporador de construção civil,ARAPIRACA,ZELIA BARBOSA ROCHA,508.33,m2,2026-06-29,2026-07-15,88,3.0,120,900295946475,CNO / Receita Federal
0.8,57274310,57274310000111,G SILVA CONSTRUCOES E LOCACOES LTDA,False,,,,obra_nova,"CONSTRUC&#807;A&#771;O DE UMA UNIDADE BÁSICA DE SAÚDE  UBS TIPO I — Satuba, 390 m2 (pessoa jurídica construtora, responsável)",responsável,0053,Pessoa jurídica construtora,SATUBA,CENTRO,389.78,m2,2026-06-29,2026-09-22,88,3.0,120,900306499671,CNO / Receita Federal
0.8,60142273,60142273000100,CONSORCIO CEIS ARAPIRACA,True,Sem relacionamento,DEMAIS,Construcao de edificios,obra_nova,"CRECHE CONJ FREI DAMIAO — Arapiraca, 850 m2 (consórcio, responsável)",responsável,0109,Consórcio,ARAPIRACA,CANAFISTULA,849.75,m2,2026-06-29,2026-07-13,88,3.0,120,900295456075,CNO / Receita Federal
0.75,12200168,12200168000120,(sem nome no CNO) CNPJ 12200168000120,False,,,,obra_nova,"EUDES JERONIMO & CIA LTDA — Rio Largo, 19.144 m2 (pessoa jurídica construtora, vínculo)",vínculo,0053,Pessoa jurídica construtora,RIO LARGO,ANTONIO LINS,19143.96,m2,2026-06-15,2026-08-24,102,5.0,120,900301812274,CNO / Receita Federal
0.75,31035574,31035574000129,EUDES JERONIMO & CIA LTDA,True,Somente SENAI,DEMAIS,Construcao de edificios,obra_nova,"EUDES JERONIMO & CIA LTDA — Rio Largo, 19.144 m2 (pessoa jurídica construtora, responsável)",responsável,0053,Pessoa jurídica construtora,RIO LARGO,ANTONIO LINS,19143.96,m2,2026-06-15,2026-08-24,102,5.0,120,900301812274,CNO / Receita Federal
0.73,21084632,21084632000150,PLANES ENGENHARIA E CONSTRUCAO LTDA,False,,,,obra_nova,"TÚNEL CARIÓ SALINAS — Maragogi, 0 km (pessoa jurídica construtora, responsável)",responsável,0053,Pessoa jurídica construtora,MARAGOGI,Zona RuraL,0.5,km,2026-06-26,2026-07-03,91,3.0,120,900294191572,CNO / Receita Federal
0.73,12250908,12250908000132,(sem nome no CNO) CNPJ 12250908000132,False,,,,obra_nova,"Manutenção da Escola Santo Antônio — Dois Riachos, 98 m2 (pessoa jurídica construtora, vínculo)",vínculo,0053,Pessoa jurídica construtora,DOIS RIACHOS,ZONA RURAL,97.6,m2,2026-06-26,2026-08-24,91,3.0,120,900301792672,CNO / Receita Federal
0.73,51393615,51393615000166,LN CONSTRUCOES E SERVICOS LTDA,True,Sem relacionamento,PEQUENO PORTE,Outras obras de engenharia civil nao especificadas anteriormente,obra_nova,"Manutenção da Escola Santo Antônio — Dois Riachos, 98 m2 (pessoa jurídica construtora, responsável)",responsável,0053,Pessoa jurídica construtora,DOIS RIACHOS,ZONA RURAL,97.6,m2,2026-06-26,2026-08-24,91,3.0,120,900301792672,CNO / Receita Federal
0.73,09276932,09276932000136,(sem nome no CNO) CNPJ 09276932000136,False,,,,obra_nova,"TÚNEL CARIÓ SALINAS — Maragogi, 0 km (pessoa jurídica construtora, vínculo)",vínculo,0053,Pessoa jurídica construtora,MARAGOGI,Zona RuraL,0.5,km,2026-06-26,2026-07-03,91,3.0,120,900294191572,CNO / Receita Federal
0.7,12200275,12200275000158,(sem nome no CNO) CNPJ 12200275000158,False,,,,obra_nova,"PAVIMENTAÇÃO DA RUA DAS SAGAS DO FRANCÊS — Marechal Deodoro, 208 Outra (pessoa jurídica construtora, vínculo)",vínculo,0053,Pessoa jurídica construtora,MARECHAL DEODORO,FRANCÊS,207.69,Outra,2026-06-25,2026-07-22,92,3.0,120,900297016378,CNO / Receita Federal
0.7,41160680,41160680000198,F . P . CONSTRUTORA LTDA,True,SESI + SENAI,DEMAIS,Obras de terraplenagem,obra_nova,"ACESSO A ORLA  DO LAGO DA PERUCABA — Arapiraca, 2 km (pessoa jurídica construtora, responsável)",responsável,0053,Pessoa jurídica construtora,ARAPIRACA,ZELIA BARBOSA ROCHA,1.89,km,2026-06-25,2026-08-28,92,3.0,120,900302743976,CNO / Receita Federal
0.7,09411692,09411692000135,ENGEMATLOC - TERRAPLENAGEM E LOCACOES LTDA,True,Somente SENAI,DEMAIS,Construcao de edificios,obra_nova,"PAVIMENTAÇÃO DA RUA DAS SAGAS DO FRANCÊS — Marechal Deodoro, 208 Outra (pessoa jurídica construtora, responsável)",responsável,0053,Pessoa jurídica construtora,MARECHAL DEODORO,FRANCÊS,207.69,Outra,2026-06-25,2026-07-22,92,3.0,120,900297016378,CNO / Receita Federal
0.7,12198693,12198693000158,(sem nome no CNO) CNPJ 12198693000158,False,,,,obra_nova,"ACESSO A ORLA  DO LAGO DA PERUCABA — Arapiraca, 2 km (pessoa jurídica construtora, vínculo)",vínculo,0053,Pessoa jurídica construtora,ARAPIRACA,ZELIA BARBOSA ROCHA,1.89,km,2026-06-25,2026-08-28,92,3.0,120,900302743976,CNO / Receita Federal
0.67,40309936,40309936000113,SCOPO CONSTRUCOES LTDA,True,Sem relacionamento,PEQUENO PORTE,Administracao de obras,obra_nova,"SCOPO CONSTRUCOES LTDA — União Dos Palmares, 3.400 m2 (pessoa jurídica construtora, responsável)",responsável,0053,Pessoa jurídica construtora,UNIÃO DOS PALMARES,CENTRO,3400.0,m2,2026-06-17,2026-08-06,100,4.0,120,900299251372,CNO / Receita Federal
0.67,12332946,12332946000134,(sem nome no CNO) CNPJ 12332946000134,False,,,,obra_nova,"SCOPO CONSTRUCOES LTDA — União Dos Palmares, 3.400 m2 (pessoa jurídica construtora, vínculo)",vínculo,0053,Pessoa jurídica construtora,UNIÃO DOS PALMARES,CENTRO,3400.0,m2,2026-06-17,2026-08-06,100,4.0,120,900299251372,CNO / Receita Federal
0.65,12200218,12200218000179,(sem nome no CNO) CNPJ 12200218000179,False,,,,obra_nova,"CRECHES SEDUC 2024 - ESTRELA DE ALAGOAS III CT - 011/2025 — Estrela De Alagoas, 840 m2 (consórcio, vínculo)",vínculo,0109,Consórcio,ESTRELA DE ALAGOAS,CENTRO,840.0,m2,2026-06-23,2026-07-30,94,3.0,120,900298169270,CNO / Receita Federal
0.65,12200218,12200218000179,(sem nome no CNO) CNPJ 12200218000179,False,,,,obra_nova,"CRECHES SEDUC 2024 - CACIMBINHAS CT - 011/2025 — Cacimbinhas, 840 m2 (consórcio, vínculo)",vínculo,0109,Consórcio,CACIMBINHAS,CENTRO,840.0,m2,2026-06-23,2026-07-21,94,3.0,120,900296798271,CNO / Receita Federal
0.65,55699378,55699378000117,CONSORCIO CRECHES SEDUC/AL 2024.,True,Somente SENAI,DEMAIS,Construcao de edificios,obra_nova,"CRECHES SEDUC 2024 - ESTRELA DE ALAGOAS III CT - 011/2025 — Estrela De Alagoas, 840 m2 (consórcio, responsável)",responsável,0109,Consórcio,ESTRELA DE ALAGOAS,CENTRO,840.0,m2,2026-06-23,2026-07-30,94,3.0,120,900298169270,CNO / Receita Federal
0.65,55699378,55699378000117,CONSORCIO CRECHES SEDUC/AL 2024.,True,Somente SENAI,DEMAIS,Construcao de edificios,obra_nova,"CRECHES SEDUC 2024 - CACIMBINHAS CT - 011/2025 — Cacimbinhas, 840 m2 (consórcio, responsável)",responsável,0109,Consórcio,CACIMBINHAS,CENTRO,840.0,m2,2026-06-23,2026-07-21,94,3.0,120,900296798271,CNO / Receita Federal
0.63,17776490,17776490000115,MM LOTUS EMPREENDIMENTOS IMOBILIARIOS S.A.,False,,,,obra_nova,"MM LOTUS EMPREENDIMENTOS IMOBILIARIOS S.A. — Palmeira Dos Índios, 50 m2 (proprietário do imóvel, responsável)",responsável,0070,Proprietário do imóvel,PALMEIRA DOS ÍNDIOS,GRACILIANO RAMOS,49.55,m2,2026-06-22,2026-08-20,95,3.0,120,900301315270,CNO / Receita Federal
0.63,12442737,12442737000143,(sem nome no CNO) CNPJ 12442737000143,False,,,,obra_nova,"OBRA UNIMED - Espaço Saúde Barro Duro — Maceió, 1 Outra (pessoa jurídica construtora, vínculo)",vínculo,0053,Pessoa jurídica construtora,MACEIÓ,PINHEIRO,1.0,Outra,2026-06-22,2026-07-15,95,3.0,120,900295848674,CNO / Receita Federal
0.63,29744778,29744778000197,IGREJA UNIVERSAL DO REINO DE DEUS,False,,,,obra_nova,"IGREJA UNIVERSAL DO REINO DE DEUS — Arapiraca, 3.113 m2 (proprietário do imóvel, responsável)",responsável,0070,Proprietário do imóvel,ARAPIRACA,BRASILIA,3112.53,m2,2026-06-16,2026-06-17,101,4.0,120,900291111377,CNO / Receita Federal
0.63,26761178,26761178000149,C L SANTOS & CIA LTDA,True,Sem relacionamento,PEQUENO PORTE,Construcao de edificios,obra_nova,"CONSTRUÇÃO DE 25 (VINTE E CINCO) CASAS HABITACIONAIS NO MUNICÍPIO DE PORTO REAL DO COLÉGIO/AL, — Porto Real Do Colégio, 1.346 Outra (incorporador de construção civil, responsável)",responsável,0064,Incorporador de construção civil,PORTO REAL DO COLÉGIO,CENTRO,1346.5,Outra,2026-06-16,2026-09-02,101,4.0,120,900303431971,CNO / Receita Federal
0.63,29187809,29187809000156,ENGECON ENGENHARIA E CONSTRUCAO LTDA,True,Sem relacionamento,PEQUENO PORTE,Construcao de edificios,obra_nova,"ENGECON  ENGENHARIA E CONSTRUCAO LTDA — Santana Do Ipanema, 62 m2 (dono da obra, responsável)",responsável,0057,Dono da obra,SANTANA DO IPANEMA,SANTO ANTONIO,62.22,m2,2026-06-22,2026-07-22,95,3.0,120,900297055171,CNO / Receita Federal
0.63,10751005,10751005000100,AC2 ENGENHARIA LTDA,True,Sem relacionamento,DEMAIS,Construcao de edificios,obra_nova,"OBRA UNIMED - Espaço Saúde Barro Duro — Maceió, 1 Outra (pessoa jurídica construtora, responsável)",responsável,0053,Pessoa jurídica construtora,MACEIÓ,PINHEIRO,1.0,Outra,2026-06-22,2026-07-15,95,3.0,120,900295848674,CNO / Receita Federal
0.6,12257762,12257762000157,(sem nome no CNO) CNPJ 12257762000157,False,,,,obra_nova,"CONSTRUTORA TERRA NORDESTE LTDA — Olivença, 1.683 Outra (pessoa jurídica construtora, vínculo)",vínculo,0053,Pessoa jurídica construtora,OLIVENÇA,CENTRO,1682.65,Outra,2026-06-15,2026-07-09,102,4.0,120,900295113075,CNO / Receita Federal
0.6,05541344,05541344000121,CONSTRUTORA TERRA NORDESTE LTDA,True,Sem relacionamento,PEQUENO PORTE,Construcao de edificios,obra_nova,"CONSTRUTORA TERRA NORDESTE LTDA — Olivença, 1.683 Outra (pessoa jurídica construtora, responsável)",responsável,0053,Pessoa jurídica construtora,OLIVENÇA,CENTRO,1682.65,Outra,2026-06-15,2026-07-09,102,4.0,120,900295113075,CNO / Receita Federal
0.58,18899725,18899725000129,BUTARELLO ENGENHARIA LTDA,False,,,,obra_nova,"BUTARELLO ENGENHARIA LTDA — Mar Vermelho, 5.000 m2 (pessoa jurídica construtora, responsável)",responsável,0053,Pessoa jurídica construtora,MAR VERMELHO,CENTRO,5000.0,m2,2026-06-11,2026-07-14,106,5.0,120,900295734471,CNO / Receita Federal
0.58,00399857,00399857000126,(sem nome no CNO) CNPJ 00399857000126,False,,,,obra_nova,"BUTARELLO ENGENHARIA LTDA — Mar Vermelho, 5.000 m2 (pessoa jurídica construtora, vínculo)",vínculo,0053,Pessoa jurídica construtora,MAR VERMELHO,CENTRO,5000.0,m2,2026-06-11,2026-07-14,106,5.0,120,900295734471,CNO / Receita Federal
0.55,23202729,23202729000146,MCZ CONSTRUCOES E INCORPORACOES LTDA,True,Sem relacionamento,PEQUENO PORTE,Construcao de edificios,obra_nova,"CONSTRUÇÃO DE 25 UNIDADES HABITACIONAIS DE INTERESSE SOCIAL — Passo De Camaragibe, 0 Outra (pessoa jurídica construtora, responsável)",responsável,0053,Pessoa jurídica construtora,PASSO DE CAMARAGIBE,CENTRO,0.01,Outra,2026-06-19,2026-08-11,98,3.0,120,900299759575,CNO / Receita Federal
0.55,12342655,12342655000127,(sem nome no CNO) CNPJ 12342655000127,False,,,,obra_nova,"CONSTRUÇÃO DE 25 UNIDADES HABITACIONAIS DE INTERESSE SOCIAL — Passo De Camaragibe, 0 Outra (pessoa jurídica construtora, vínculo)",vínculo,0053,Pessoa jurídica construtora,PASSO DE CAMARAGIBE,CENTRO,0.01,Outra,2026-06-19,2026-08-11,98,3.0,120,900299759575,CNO / Receita Federal
0.54,03722728,03722728000115,ENGENHARQ LTDA,True,SESI + SENAI,DEMAIS,Construcao de edificios,obra_nova,"RESIDENCIAL JARDIM DOS JEQUITIBAS — Maceió, 56.758 m2 (proprietário do imóvel, responsável)",responsável,0070,Proprietário do imóvel,MACEIÓ,CIDADE UNIVERSITARIA,56757.93,m2,2026-06-10,2026-06-10,107,5.0,120,900289799676,CNO / Receita Federal
0.53,47238789,47238789000187,(sem nome no CNO) CNPJ 47238789000187,False,,,,obra_nova,"Reforma Comercial Prudential Maceió — Maceió, 215 m2 (pessoa jurídica construtora, vínculo)",vínculo,0053,Pessoa jurídica construtora,MACEIÓ,MANGABEIRAS,215.0,m2,2026-06-18,2026-08-04,99,3.0,120,900298920379,CNO / Receita Federal
0.53,60871443,60871443000180,SMART REFORMAS LTDA,False,,,,obra_nova,"Reforma Comercial Prudential Maceió — Maceió, 215 m2 (pessoa jurídica construtora, responsável)",responsável,0053,Pessoa jurídica construtora,MACEIÓ,MANGABEIRAS,215.0,m2,2026-06-18,2026-08-04,99,3.0,120,900298920379,CNO / Receita Federal
0.5,12316402,12316402000189,L PEREIRA & CIA LTDA,True,Sem relacionamento,DEMAIS,Construcao de rodovias e ferrovias,obra_nova,"PREF. ARAPIRACA PAV, DRENAGEM E RECAPEAMENTO — Arapiraca, 10 km (pessoa jurídica construtora, responsável)",responsável,0053,Pessoa jurídica construtora,ARAPIRACA,vários,10.0,km,2026-06-17,2026-08-03,100,3.0,120,900298607977,CNO / Receita Federal
0.5,12198693,12198693000158,(sem nome no CNO) CNPJ 12198693000158,False,,,,obra_nova,"PREF. ARAPIRACA PAV, DRENAGEM E RECAPEAMENTO — Arapiraca, 10 km (pessoa jurídica construtora, vínculo)",vínculo,0053,Pessoa jurídica construtora,ARAPIRACA,vários,10.0,km,2026-06-17,2026-08-03,100,3.0,120,900298607977,CNO / Receita Federal
0.47,48477037,48477037000131,BRENO NUNES MONTEIRO CONSTRUTORA,True,Sem relacionamento,MICRO EMPRESA,Construcao de edificios,obra_nova,"PREFEITURA MUNICIPAL DE PILAR — Pilar, 1.186 m2 (dono da obra, responsável)",responsável,0057,Dono da obra,PILAR,EDITH FRANÇA,1186.5,m2,2026-06-11,2026-09-18,106,4.0,120,900306042579,CNO / Receita Federal
0.46,54416214,54416214000172,SUNRISE EMPREENDIMENTO IMOBILIARIO SPE LTDA,True,Sem relacionamento,DEMAIS,Incorporacao de empreendimentos imobiliarios,obra_nova,"EDIFÍCIO LUME — Maceió, 8.701 m2 (dono da obra, responsável)",responsável,0057,Dono da obra,MACEIÓ,PAJUCARA,8700.64,m2,2026-06-08,2026-06-08,109,5.0,120,900289272074,CNO / Receita Federal
0.45,00000000,00000000013684,(sem nome no CNO) CNPJ 00000000013684,False,,,,obra_nova,"REFORMA PROJETO AMBIÊNCIA VAREJO NA AGÊNCIA 0136 PALMEIRA DOS ÍNDIOS-AL. — Palmeira Dos Índios, 796 m2 (pessoa jurídica construtora, vínculo)",vínculo,0053,Pessoa jurídica construtora,PALMEIRA DOS ÍNDIOS,CENTRO,796.0,m2,2026-06-15,2026-07-01,102,3.0,120,900293807372,CNO / Receita Federal
0.45,09066964,09066964000107,ALIANCA CONSTRUCOES LTDA,True,SESI + SENAI,PEQUENO PORTE,Construcao de edificios,obra_nova,"REFORMA PROJETO AMBIÊNCIA VAREJO NA AGÊNCIA 0136 PALMEIRA DOS ÍNDIOS-AL. — Palmeira Dos Índios, 796 m2 (pessoa jurídica construtora, responsável)",responsável,0053,Pessoa jurídica construtora,PALMEIRA DOS ÍNDIOS,CENTRO,796.0,m2,2026-06-15,2026-07-01,102,3.0,120,900293807372,CNO / Receita Federal
0.38,44992350,44992350000157,VERDE AMBIENTAL ALAGOAS S.A.,True,SESI + SENAI,DEMAIS,"Captacao, tratamento e distribuicao de agua",obra_nova,"OBRA ESTRADA DA VÁRZIA — União Dos Palmares, 135 m2 (pessoa jurídica construtora, vínculo)",vínculo,0053,Pessoa jurídica construtora,UNIÃO DOS PALMARES,ZONA RURAL,135.2,m2,2026-06-12,2026-06-12,105,3.0,120,900290391579,CNO / Receita Federal
0.38,35636505,35636505000121,B P CONSTRUCOES LTDA,True,Sem relacionamento,MICRO EMPRESA,Construcao de edificios,obra_nova,"B P CONSTRUCOES LTDA — Atalaia, 15 m2 (dono da obra, responsável)",responsável,0057,Dono da obra,ATALAIA,JOSE PAULINO,15.0,m2,2026-06-12,2026-06-15,105,3.0,120,900290525477,CNO / Receita Federal
0.38,10751005,10751005000100,AC2 ENGENHARIA LTDA,True,Sem relacionamento,DEMAIS,Construcao de edificios,obra_nova,"OBRA ESTRADA DA VÁRZIA — União Dos Palmares, 135 m2 (pessoa jurídica construtora, responsável)",responsável,0053,Pessoa jurídica construtora,UNIÃO DOS PALMARES,ZONA RURAL,135.2,m2,2026-06-12,2026-06-12,105,3.0,120,900290391579,CNO / Receita Federal
0.37,45242914,45242914000105,C&A MODAS S.A.,False,,,,obra_nova,"C&A MODAS S.A. MCS_538 — Maceió, 1.908 m2 (dono da obra, responsável)",responsável,0057,Dono da obra,MACEIÓ,CRUZ DAS ALMAS,1908.22,m2,2026-06-08,2026-07-04,109,4.0,120,900294327976,CNO / Receita Federal
0.35,13829465,13829465000100,A J PROJETOS E CONSTRUCOES LTDA,False,,,,obra_nova,"A J PROJETOS E CONSTRUCOES LTDA — São Miguel Dos Campos, 93 m2 (pessoa jurídica construtora, responsável)",responsável,0053,Pessoa jurídica construtora,SÃO MIGUEL DOS CAMPOS,HELIO JATOBÁ,92.79,m2,2026-06-11,2026-06-11,106,3.0,120,900290143373,CNO / Receita Federal
0.35,13829465,13829465000100,A J PROJETOS E CONSTRUCOES LTDA,False,,,,obra_nova,"A J PROJETOS E CONSTRUCOES LTDA — São Miguel Dos Campos, 60 m2 (pessoa jurídica construtora, responsável)",responsável,0053,Pessoa jurídica construtora,SÃO MIGUEL DOS CAMPOS,HELIO JATOBA,60.0,m2,2026-06-11,2026-06-11,106,3.0,120,900290134673,CNO / Receita Federal
0.35,13829465,13829465000100,A J PROJETOS E CONSTRUCOES LTDA,False,,,,obra_nova,"A J PROJETOS E CONSTRUCOES LTDA — São Miguel Dos Campos, 93 m2 (pessoa jurídica construtora, responsável)",responsável,0053,Pessoa jurídica construtora,SÃO MIGUEL DOS CAMPOS,HELIO JATOBA,92.79,m2,2026-06-11,2026-06-11,106,3.0,120,900290125574,CNO / Receita Federal
0.35,13829465,13829465000100,A J PROJETOS E CONSTRUCOES LTDA,False,,,,obra_nova,"A J PROJETOS E CONSTRUCOES LTDA — São Miguel Dos Campos, 60 m2 (pessoa jurídica construtora, responsável)",responsável,0053,Pessoa jurídica construtora,SÃO MIGUEL DOS CAMPOS,HELIO JATOBÁ,60.0,m2,2026-06-11,2026-06-11,106,3.0,120,900290122574,CNO / Receita Federal
0.33,12473062,12473062000108,(sem nome no CNO) CNPJ 12473062000108,False,,,,obra_nova,"Reforma TJ -AL - UCHOA CONSTRUCOES LTDA — Maceió, 6.410 m2 (pessoa jurídica construtora, vínculo)",vínculo,0053,Pessoa jurídica construtora,MACEIÓ,CENTRO,6410.22,m2,2026-06-05,2026-06-09,112,5.0,120,900289538170,CNO / Receita Federal
0.33,09276767,09276767000112,UCHOA CONSTRUCOES LTDA,True,Sem relacionamento,DEMAIS,Outras obras de engenharia civil nao especificadas anteriormente,obra_nova,"Reforma TJ -AL - UCHOA CONSTRUCOES LTDA — Maceió, 6.410 m2 (pessoa jurídica construtora, responsável)",responsável,0053,Pessoa jurídica construtora,MACEIÓ,CENTRO,6410.22,m2,2026-06-05,2026-06-09,112,5.0,120,900289538170,CNO / Receita Federal
0.32,30667942,30667942000199,RAMON AMORIM MONTEIRO,True,Sem relacionamento,MICRO EMPRESA,Construcao de edificios,obra_nova,"RAMON AMORIM MONTEIRO ME — Olho D'Água Das Flores, 87 m2 (proprietário do imóvel, responsável)",responsável,0070,Proprietário do imóvel,OLHO D'ÁGUA DAS FLORES,MARIA FERNANDES,86.73,m2,2026-06-10,2026-08-04,107,3.0,120,900298773276,CNO / Receita Federal
0.28,12200143,12200143000126,(sem nome no CNO) CNPJ 12200143000126,False,,,,obra_nova,"PHS ENGENHARIA LTDA — Atalaia, 892 m2 (pessoa jurídica construtora, vínculo)",vínculo,0053,Pessoa jurídica construtora,ATALAIA,ZONA RURAL,891.68,m2,2026-06-08,2026-06-16,109,3.0,120,900290830474,CNO / Receita Federal
0.28,23259627,23259627000167,Customize Engenharia Ltda,True,Sem relacionamento,PEQUENO PORTE,Construcao de edificios,obra_nova,"MARIA CAROLINNE DE BRITO SÁ MAGALHÃES — Arapiraca, 370 m2 (pessoa jurídica construtora, responsável)",responsável,0053,Pessoa jurídica construtora,ARAPIRACA,SENADOR ARNON DE MELO,370.34,m2,2026-06-08,2026-09-21,109,3.0,120,900306330477,CNO / Receita Federal
0.28,63737873,63737873000100,M.A.D PATRIMONIAL LTDA,False,,,,obra_nova,"M.A.D PATRIMONIAL LTDA — Coruripe, 194 m2 (dono da obra, responsável)",responsável,0057,Dono da obra,CORURIPE,MIAI DE CIMA,193.5,m2,2026-06-08,2026-06-11,109,3.0,120,900290177073,CNO / Receita Federal
0.28,37075344,37075344000170,PHS ENGENHARIA LTDA,True,Sem relacionamento,DEMAIS,Construcao de edificios,obra_nova,"PHS ENGENHARIA LTDA — Atalaia, 892 m2 (pessoa jurídica construtora, responsável)",responsável,0053,Pessoa jurídica construtora,ATALAIA,ZONA RURAL,891.68,m2,2026-06-08,2026-06-16,109,3.0,120,900290830474,CNO / Receita Federal
0.25,29641767,29641767000181,TIAGO ALVES DA SILVA LTDA,True,Sem relacionamento,PEQUENO PORTE,Servicos de engenharia,obra_nova,"TIAGO ALVES DA SILVA LTDA — Piranhas, 20.484 m2 (pessoa jurídica construtora, responsável)",responsável,0053,Pessoa jurídica construtora,PIRANHAS,VILA ALAGOAS,20484.0,m2,2026-06-03,2026-06-11,114,5.0,120,900290082473,CNO / Receita Federal
0.25,12225546,12225546000120,(sem nome no CNO) CNPJ 12225546000120,False,,,,obra_nova,"TIAGO ALVES DA SILVA LTDA — Piranhas, 20.484 m2 (pessoa jurídica construtora, vínculo)",vínculo,0053,Pessoa jurídica construtora,PIRANHAS,VILA ALAGOAS,20484.0,m2,2026-06-03,2026-06-11,114,5.0,120,900290082473,CNO / Receita Federal
0.17,24486271,24486271000167,JRV ENGENHARIA LTDA,True,Sem relacionamento,PEQUENO PORTE,Construcao de edificios,obra_nova,"JRV ENGENHARIA LTDA — Canapi, 12.360 m2 (pessoa jurídica construtora, responsável)",responsável,0053,Pessoa jurídica construtora,CANAPI,TANCREDO NEVES,12360.0,m2,2026-06-01,2026-08-10,116,5.0,120,900299610275,CNO / Receita Federal
0.17,12198693,12198693000158,(sem nome no CNO) CNPJ 12198693000158,False,,,,obra_nova,"AL - NOV PDA 12558/26 BARRAGEM DA BANANEIRA — Arapiraca, 1.804.690 Outra (pessoa jurídica construtora, vínculo)",vínculo,0053,Pessoa jurídica construtora,ARAPIRACA,SEM BAIRRO,1804690.18,Outra,2026-06-01,2026-06-10,116,5.0,120,900289896777,CNO / Receita Federal
0.17,12367892,12367892000142,(sem nome no CNO) CNPJ 12367892000142,False,,,,obra_nova,"JRV ENGENHARIA LTDA — Canapi, 12.360 m2 (pessoa jurídica construtora, vínculo)",vínculo,0053,Pessoa jurídica construtora,CANAPI,TANCREDO NEVES,12360.0,m2,2026-06-01,2026-08-10,116,5.0,120,900299610275,CNO / Receita Federal
0.17,03722728,03722728000115,ENGENHARQ LTDA,True,SESI + SENAI,DEMAIS,Construcao de edificios,obra_nova,"RESIDENCIAL JARDIM DOS COQUEIRAIS — Maceió, 77.390 m2 (proprietário do imóvel, responsável)",responsável,0070,Proprietário do imóvel,MACEIÓ,CIDADE UNIVERSITARIA,77390.29,m2,2026-06-01,2026-06-09,116,5.0,120,900289524671,CNO / Receita Federal
0.17,04660549,04660549000163,GEOX GEOTECNIA E ENGENHARIA DE OBRAS LTDA,False,,,,obra_nova,"GEOX GEOTECNIA E ENGENHARIA DE OBRAS LTDA — Maceió, 8.101 m2 (dono da obra, responsável)",responsável,0057,Dono da obra,MACEIÓ,CHA DE BEBEDOURO,8101.34,m2,2026-06-01,2026-06-03,116,5.0,120,900288914573,CNO / Receita Federal
0.17,57688320,57688320000101,SANTAI SPE LTDA,True,Sem relacionamento,DEMAIS,Construcao de edificios,obra_nova,"SANTAI SPE LTDA — São Miguel Dos Milagres, 8.550 m2 (dono da obra, responsável)",responsável,0057,Dono da obra,SÃO MIGUEL DOS MILAGRES,TOQUE,8550.0,m2,2026-06-01,2026-06-09,116,5.0,120,900289460075,CNO / Receita Federal
0.17,00338885,00338885000990,NOVATEC CONSTRUCOES E EMPREENDIMENTOS LTDA,True,Sem relacionamento,DEMAIS,Construcao de rodovias e ferrovias,obra_nova,"AL - NOV PDA 12558/26 BARRAGEM DA BANANEIRA — Arapiraca, 1.804.690 Outra (pessoa jurídica construtora, responsável)",responsável,0053,Pessoa jurídica construtora,ARAPIRACA,SEM BAIRRO,1804690.18,Outra,2026-06-01,2026-06-10,116,5.0,120,900289896777,CNO / Receita Federal
0.13,26774412,26774412000172,ISOACO INDUSTRIA E COMERCIO DE ACO LTDA,True,Sem relacionamento,DEMAIS,Producao de artefatos estampados de metal,obra_nova,"ISOACO INDUSTRIA E COMERCIO DE ACO LTDA — Maceió, 3.460 m2 (dono da obra, responsável)",responsável,0057,Dono da obra,MACEIÓ,CLIMA BOM,3459.92,m2,2026-06-01,2026-06-02,116,4.0,120,900288518574,CNO / Receita Federal
0.13,29210567,29210567000174,CL2 CONSTRUCOES LTDA,True,Sem relacionamento,MICRO EMPRESA,Construcao de edificios,obra_nova,"CL2 CONSTRUCOES LTDA — Boca Da Mata, 2.540 Outra (pessoa jurídica construtora, responsável)",responsável,0053,Pessoa jurídica construtora,BOCA DA MATA,DISTRITO PERI PERI,2540.33,Outra,2026-06-01,2026-06-25,116,4.0,120,900292668179,CNO / Receita Federal
0.13,00204125,00204125000133,(sem nome no CNO) CNPJ 00204125000133,False,,,,obra_nova,"SEABRA ENGENHARIA E PROJETOS LTDA — Maceió, 4.800 m2 (pessoa jurídica construtora, vínculo)",vínculo,0053,Pessoa jurídica construtora,MACEIÓ,CIDADE UNIVERSITARIA,4800.0,m2,2026-06-01,2026-06-22,116,4.0,120,900291838076,CNO / Receita Federal
0.13,12264396,12264396000163,(sem nome no CNO) CNPJ 12264396000163,False,,,,obra_nova,"CL2 CONSTRUCOES LTDA — Boca Da Mata, 2.540 Outra (pessoa jurídica construtora, vínculo)",vínculo,0053,Pessoa jurídica construtora,BOCA DA MATA,DISTRITO PERI PERI,2540.33,Outra,2026-06-01,2026-06-25,116,4.0,120,900292668179,CNO / Receita Federal
0.13,15193393,15193393000174,CONSTRUTORA SCALISSO LTDA,False,,,,obra_nova,"IGEVE SANTOS DUMONT — Maceió, 3.500 m2 (pessoa jurídica construtora, responsável)",responsável,0053,Pessoa jurídica construtora,MACEIÓ,SANTOS DUMONT,3500.0,m2,2026-06-01,2026-08-03,116,4.0,120,900298631076,CNO / Receita Federal
0.13,26609733,26609733000111,SEABRA ENGENHARIA E PROJETOS LTDA,True,Somente SENAI,PEQUENO PORTE,Construcao de edificios,obra_nova,"SEABRA ENGENHARIA E PROJETOS LTDA — Maceió, 4.800 m2 (pessoa jurídica construtora, responsável)",responsável,0053,Pessoa jurídica construtora,MACEIÓ,CIDADE UNIVERSITARIA,4800.0,m2,2026-06-01,2026-06-22,116,4.0,120,900291838076,CNO / Receita Federal
0.13,15193393,15193393000174,CONSTRUTORA SCALISSO LTDA,False,,,,obra_nova,"IGEVE ANTARES — Maceió, 3.500 m2 (pessoa jurídica construtora, responsável)",responsável,0053,Pessoa jurídica construtora,MACEIÓ,ANTARES,3500.0,m2,2026-06-01,2026-08-03,116,4.0,120,900298623977,CNO / Receita Federal
0.13,92754738,92754738000162,LOJAS RENNER S.A.,False,,,,obra_nova,"RNR - 096 - IGUATEMI MACEIO — Maceió, 3.974 m2 (dono da obra, responsável)",responsável,0057,Dono da obra,MACEIÓ,MANGABEIRAS,3973.86,m2,2026-06-01,2026-06-01,116,4.0,120,900288248271,CNO / Receita Federal
0.13,28413401,28413401002993,(sem nome no CNO) CNPJ 28413401002993,False,,,,obra_nova,"IGEVE ANTARES — Maceió, 3.500 m2 (pessoa jurídica construtora, vínculo)",vínculo,0053,Pessoa jurídica construtora,MACEIÓ,ANTARES,3500.0,m2,2026-06-01,2026-08-03,116,4.0,120,900298623977,CNO / Receita Federal
0.13,28413401,28413401002560,(sem nome no CNO) CNPJ 28413401002560,False,,,,obra_nova,"IGEVE SANTOS DUMONT — Maceió, 3.500 m2 (pessoa jurídica construtora, vínculo)",vínculo,0053,Pessoa jurídica construtora,MACEIÓ,SANTOS DUMONT,3500.0,m2,2026-06-01,2026-08-03,116,4.0,120,900298631076,CNO / Receita Federal
0.12,12207403,12207403000195,(sem nome no CNO) CNPJ 12207403000195,False,,,,obra_nova,"Serviços de Implantação de Vias Urbanas em Concreto Asfáltico (LOTE 2) — Limoeiro De Anadia, 1 km (pessoa jurídica construtora, vínculo)",vínculo,0053,Pessoa jurídica construtora,LIMOEIRO DE ANADIA,CENTRO,1.33,km,2026-06-02,2026-08-28,115,3.0,120,900302748673,CNO / Receita Federal
0.12,41160680,41160680000198,F . P . CONSTRUTORA LTDA,True,SESI + SENAI,DEMAIS,Obras de terraplenagem,obra_nova,"Serviços de Implantação de Vias Urbanas em Concreto Asfáltico (LOTE 2) — Limoeiro De Anadia, 1 km (pessoa jurídica construtora, responsável)",responsável,0053,Pessoa jurídica construtora,LIMOEIRO DE ANADIA,CENTRO,1.33,km,2026-06-02,2026-08-28,115,3.0,120,900302748673,CNO / Receita Federal
0.12,38062130,38062130000121,E C DE OMENA CRUZ INCORPORADORA E CONSTRUTORA LTDA,False,,,,obra_nova,"E C DE OMENA CRUZ INCORPORADORA E CONSTRUTORA LTDA CASA L 67 — Junqueiro, 60 m2 (dono da obra, responsável)",responsável,0057,Dono da obra,JUNQUEIRO,GILBERTO PEREIRA,60.0,m2,2026-06-02,2026-06-23,115,3.0,120,900292180177,CNO / Receita Federal
0.12,65379207,65379207000164,G M ADMINISTRACAO DE BENS PROPRIOS LTDA,False,,,,obra_nova,"G M ADMINISTRACAO DE BENS PROPRIOS LTDA — Paripueira, 457 m2 (dono da obra, responsável)",responsável,0057,Dono da obra,PARIPUEIRA,COSTA BRAVA,457.31,m2,2026-06-02,2026-07-20,115,3.0,120,900296523174,CNO / Receita Federal
0.1,07811608,07811608000145,(sem nome no CNO) CNPJ 07811608000145,False,,,,obra_nova,"EXPANSÃO - RESTAURANTE TAIEIRA — Maceió, 470 m2 (incorporador de construção civil, vínculo)",vínculo,0064,Incorporador de construção civil,MACEIÓ,IPIOCA,469.67,m2,2026-06-01,2026-07-23,116,3.0,120,900297109671,CNO / Receita Federal
0.1,14757564,14757564000188,CAVALCANTE PEIXOTO ENGENHARIA LTDA,True,Sem relacionamento,DEMAIS,Construcao de edificios,obra_nova,"EXPANSÃO - RESTAURANTE TAIEIRA — Maceió, 470 m2 (incorporador de construção civil, responsável)",responsável,0064,Incorporador de construção civil,MACEIÓ,IPIOCA,469.67,m2,2026-06-01,2026-07-23,116,3.0,120,900297109671,CNO / Receita Federal
0.1,69005858,69005858000145,ENIND ENGENHARIA E CONSTRUCAO LTDA,False,,,,obra_nova,"ENIND ENGENHARIA E CONSTRUCAO LTDA — Delmiro Gouveia, 230 Outra (pessoa jurídica construtora, responsável)",responsável,0053,Pessoa jurídica construtora,DELMIRO GOUVEIA,VILA SÃO JOSÉ,230.0,Outra,2026-06-01,2026-06-01,116,3.0,120,900288300078,CNO / Receita Federal
0.1,58939770,58939770000184,ADRIANO NUNES ALVES CONSTRUTORA,True,Sem relacionamento,PEQUENO PORTE,Construcao de edificios,obra_nova,"ADRIANO NUNES ALVES CONSTRUTORA — Coruripe, 82 m2 (pessoa jurídica construtora, responsável)",responsável,0053,Pessoa jurídica construtora,CORURIPE,ComendadorTercio Wanderley,82.2,m2,2026-06-01,2026-06-03,116,3.0,120,900288903777,CNO / Receita Federal
0.1,69005858,69005858000145,ENIND ENGENHARIA E CONSTRUCAO LTDA,False,,,,obra_nova,"ENIND ENGENHARIA E CONSTRUCAO LTDA — Arapiraca, 230 Outra (pessoa jurídica construtora, responsável)",responsável,0053,Pessoa jurídica construtora,ARAPIRACA,VERDES CAMPOS,230.0,Outra,2026-06-01,2026-06-01,116,3.0,120,900288296377,CNO / Receita Federal
0.1,28413401,28413401003027,(sem nome no CNO) CNPJ 28413401003027,False,,,,obra_nova,"IGEVE PONTA DA TERRA — Maceió, 450 m2 (pessoa jurídica construtora, vínculo)",vínculo,0053,Pessoa jurídica construtora,MACEIÓ,PONTA DA TERRA,450.0,m2,2026-06-01,2026-08-03,116,3.0,120,900298632973,CNO / Receita Federal
0.1,15193393,15193393000174,CONSTRUTORA SCALISSO LTDA,False,,,,obra_nova,"IGEVE PONTA DA TERRA — Maceió, 450 m2 (pessoa jurídica construtora, responsável)",responsável,0053,Pessoa jurídica construtora,MACEIÓ,PONTA DA TERRA,450.0,m2,2026-06-01,2026-08-03,116,3.0,120,900298632973,CNO / Receita Federal
0.1,39344690,39344690000131,HIDRYCO SERVICOS PARA SANEAMENTO LTDA,False,,,,obra_nova,"HIDRYCO SERVICOS PARA SANEAMENTO LTDA — Maceió, 1 Outra (pessoa jurídica construtora, responsável)",responsável,0053,Pessoa jurídica construtora,MACEIÓ,ANTARES,1.0,Outra,2026-06-01,2026-06-16,116,3.0,120,900290983275,CNO / Receita Federal
0.1,18676274,18676274000160,MR CONSULTORIA E GESTAO DE NEGOCIOS LTDA,False,,,,obra_nova,"SANTÉ — Marechal Deodoro, 356 m2 (proprietário do imóvel, responsável)",responsável,0070,Proprietário do imóvel,MARECHAL DEODORO,ILHA DE SANTA RITA,355.62,m2,2026-06-01,2026-06-15,116,3.0,120,900290678975,CNO / Receita Federal
0.1,16657707,16657707000105,CONSTRUTORA LINS LTDA,True,Sem relacionamento,PEQUENO PORTE,Construcao de edificios,obra_nova,"CONSTRUTORA LINS LTDA — Marechal Deodoro, 292 m2 (dono da obra, responsável)",responsável,0057,Dono da obra,MARECHAL DEODORO,POVOADO ILHA DE SANTA RITA,292.37,m2,2026-06-01,2026-06-15,116,3.0,120,900290603875,CNO / Receita Federal
0.1,11159179,11159179000140,L T CONSTRUTORA LTDA,True,Sem relacionamento,PEQUENO PORTE,Construcao de edificios,obra_nova,"L T CONSTRUTORA LTDA — Coruripe, 61 m2 (proprietário do imóvel, responsável)",responsável,0070,Proprietário do imóvel,CORURIPE,ALTO DA SAUDADE,60.68,m2,2026-06-01,2026-06-16,116,3.0,120,900290828075,CNO / Receita Federal
0.1,39580673,39580673000101,BRK AMBIENTAL - REGIAO METROPOLITANA DE MACEIO S.A.,True,SESI + SENAI,DEMAIS,"Captacao, tratamento e distribuicao de agua",obra_nova,"HIDRYCO SERVICOS PARA SANEAMENTO LTDA — Maceió, 1 Outra (pessoa jurídica construtora, vínculo)",vínculo,0053,Pessoa jurídica construtora,MACEIÓ,ANTARES,1.0,Outra,2026-06-01,2026-06-16,116,3.0,120,900290983275,CNO / Receita Federal
0.1,33541368,33541368000116,AXIA ENERGIA NORDESTE S.A.,True,Sem relacionamento,DEMAIS,Geracao de energia eletrica,obra_nova,"ENIND ENGENHARIA E CONSTRUCAO LTDA — Delmiro Gouveia, 230 Outra (pessoa jurídica construtora, vínculo)",vínculo,0053,Pessoa jurídica construtora,DELMIRO GOUVEIA,VILA SÃO JOSÉ,230.0,Outra,2026-06-01,2026-06-01,116,3.0,120,900288300078,CNO / Receita Federal
0.1,33541368,33541368032581,AXIA ENERGIA NORDESTE S.A.,True,Sem relacionamento,DEMAIS,Geracao de energia eletrica,obra_nova,"ENIND ENGENHARIA E CONSTRUCAO LTDA — Delmiro Gouveia, 230 Outra (pessoa jurídica construtora, vínculo)",vínculo,0053,Pessoa jurídica construtora,DELMIRO GOUVEIA,VILA SÃO JOSÉ,230.0,Outra,2026-06-01,2026-06-01,116,3.0,120,900288300078,CNO / Receita Federal
0.1,33541368,33541368000116,AXIA ENERGIA NORDESTE S.A.,True,Sem relacionamento,DEMAIS,Geracao de energia eletrica,obra_nova,"ENIND ENGENHARIA E CONSTRUCAO LTDA — Arapiraca, 230 Outra (pessoa jurídica construtora, vínculo)",vínculo,0053,Pessoa jurídica construtora,ARAPIRACA,VERDES CAMPOS,230.0,Outra,2026-06-01,2026-06-01,116,3.0,120,900288296377,CNO / Receita Federal
0.1,33541368,33541368004537,AXIA ENERGIA NORDESTE S.A.,True,Sem relacionamento,DEMAIS,Geracao de energia eletrica,obra_nova,"ENIND ENGENHARIA E CONSTRUCAO LTDA — Arapiraca, 230 Outra (pessoa jurídica construtora, vínculo)",vínculo,0053,Pessoa jurídica construtora,ARAPIRACA,VERDES CAMPOS,230.0,Outra,2026-06-01,2026-06-01,116,3.0,120,900288296377,CNO / Receita Federal
0.02,55560561,55560561000137,FACILIT ENGENHARIA E CONSULTORIA LTDA,True,Sem relacionamento,MICRO EMPRESA,Servicos de engenharia,obra_nova,"JOSE EDUARDO NASCIMENTO VIANA — Senador Rui Palmeira, 49 m2 (pessoa jurídica construtora, responsável)",responsável,0053,Pessoa jurídica construtora,SENADOR RUI PALMEIRA,CENTRO,48.65,m2,2026-05-29,2026-06-15,119,3.0,120,900290691176,CNO / Receita Federal
0.0,02393324,02393324000162,SAMPAIO CONSTRUCOES - EM RECUPERACAO JUDICIAL LTDA,True,Sem relacionamento,PEQUENO PORTE,Construcao de edificios,obra_nova,"SAMPAIO CONSTRUCOES - EM RECUPERACAO JUDICIAL LTDA — Boca Da Mata, 7.150 Outra (dono da obra, responsável)",responsável,0057,Dono da obra,BOCA DA MATA,DISTRITO DO PERI PERI,7150.0,Outra,2026-04-01,2026-04-09,177,5.0,120,900281196373,CNO / Receita Federal
0.0,09538176,09538176000176,L2B ENGENHARIA LTDA,True,Sem relacionamento,PEQUENO PORTE,Construcao de edificios,obra_nova,"L2B ENGENHARIA LTDA — Maceió, 30 Outra (dono da obra, responsável)",responsável,0057,Dono da obra,MACEIÓ,JATIUCA,30.0,Outra,2026-04-06,2026-04-10,172,3.0,120,900281393473,CNO / Receita Federal
0.0,34638513,34638513000144,FERREIRA & NUNES EMPREENDIMENTOS IMOBILIARIOS LTDA,True,Sem relacionamento,PEQUENO PORTE,Construcao de edificios,obra_nova,"LOTE12 MUCURI_FERREIRA & NUNES EMPREENDIMENTOS IMOBILIARIOS LTDA — Marechal Deodoro, 100 m2 (dono da obra, responsável)",responsável,0057,Dono da obra,MARECHAL DEODORO,POVOADO MUCURI,100.0,m2,2026-04-01,2026-04-14,177,3.0,120,900281767670,CNO / Receita Federal
0.0,13748815,13748815000103,TOTEM INFRAESTRUTURA E CONSTRUCAO CIVIL LTDA,True,Somente SENAI,PEQUENO PORTE,Construcao de rodovias e ferrovias,obra_nova,"IMPLANTAÇÃO DO ACESSO AO POVOADO BARRA DO IPANEMA — Belo Monte, 7 km (pessoa jurídica construtora, responsável)",responsável,0053,Pessoa jurídica construtora,BELO MONTE,ZONA RURAL,7.3,km,2026-04-01,2026-04-14,177,3.0,120,900281900476,CNO / Receita Federal
0.0,04287461,04287461000148,UNICON CONSTRUCOES LTDA,True,Somente SENAI,DEMAIS,Construcao de edificios,obra_nova,"UNICON CONSTRUCOES LTDA — Dois Riachos, 1.441 m2 (pessoa jurídica construtora, responsável)",responsável,0053,Pessoa jurídica construtora,DOIS RIACHOS,CENTRO,1441.0,m2,2026-04-01,2026-04-09,177,4.0,120,900281346579,CNO / Receita Federal
0.0,23643019,23643019000151,GIGAMAX TRANSPORTES E SERVICOS LTDA,False,,,,obra_nova,"GIGAMAX TRANSPORTES E SERVICOS LTDA - OBRA LD 69KV SECC RIO LARDO 1 — Marechal Deodoro, 14 km (pessoa jurídica construtora, responsável)",responsável,0053,Pessoa jurídica construtora,MARECHAL DEODORO,FRANCES,14.5,km,2026-04-06,2026-04-16,172,3.0,120,900282292475,CNO / Receita Federal
0.0,09080623,09080623000196,VIPETRO CONSTRUCOES E MONTAGENS INDUSTRIAIS LTDA.,True,Sem relacionamento,DEMAIS,Obras de montagem industrial,obra_nova,"FERROVIA BRASKEM -MACEIÓ — Maceió, 9 kw (pessoa jurídica construtora, responsável)",responsável,0053,Pessoa jurídica construtora,MACEIÓ,DIVERSOS BAIROS,8.88,kw,2026-04-09,2026-04-17,169,3.0,120,900282445374,CNO / Receita Federal
0.0,40389887,40389887000176,BARBOSA E COMPANHIA LTDA,True,Sem relacionamento,MICRO EMPRESA,Construcao de edificios,obra_nova,"ALVARA 4/2026 EXECUÇÃO MELHORIAS HABITACIONAIS PARA O CONTROLE DE DOENÇA DE CHAGAS — Inhapi, 3.264 m2 (dono da obra, responsável)",responsável,0057,Dono da obra,INHAPI,CENTRO,3264.0,m2,2026-04-17,2026-04-17,161,4.0,120,900282486272,CNO / Receita Federal
0.0,54555548,54555548000127,PRADA CONSTRUTORA LTDA,True,Sem relacionamento,MICRO EMPRESA,Construcao de edificios,obra_nova,"PRADA CONSTRUTORA LTDA — Arapiraca, 100 m2 (proprietário do imóvel, responsável)",responsável,0070,Proprietário do imóvel,ARAPIRACA,MASSARANDUBA,99.99,m2,2026-04-20,2026-04-20,158,3.0,120,900282592871,CNO / Receita Federal
0.0,37612035,37612035000191,VICTUM ENERGIE ENGENHARIA LTDA,True,Sem relacionamento,PEQUENO PORTE,Servicos de engenharia,obra_nova,"BESS ALEPACK — Rio Largo, 2.000 kw (pessoa jurídica construtora, responsável)",responsável,0053,Pessoa jurídica construtora,RIO LARGO,MATA RO ROLO,2000.0,kw,2026-04-20,2026-04-21,158,4.0,120,900282676676,CNO / Receita Federal
0.0,52172386,52172386000112,M6 CONTRUCAO DE LARES LTDA,True,Sem relacionamento,MICRO EMPRESA,Construcao de edificios,obra_nova,"ROBERTO FLEURY FERREIRA DE MENDONÇA — Pilar, 122 m2 (proprietário do imóvel, responsável)",responsável,0070,Proprietário do imóvel,PILAR,CHA DO PILAR,122.48,m2,2026-04-01,2026-04-22,177,3.0,120,900282870571,CNO / Receita Federal
0.0,08343492,08343492000120,MRV ENGENHARIA E PARTICIPACOES SA,True,Somente SENAI,DEMAIS,Incorporacao de empreendimentos imobiliarios,obra_nova,"MATA DAS AROEIRAS — Maceió, 28.711 m2 (proprietário do imóvel, responsável)",responsável,0070,Proprietário do imóvel,MACEIÓ,TABULEIRO DO MARTINS,28710.6,m2,2026-04-24,2026-04-24,154,5.0,120,900283181976,CNO / Receita Federal
0.0,55457107,55457107000155,CONSORCIO FABIO BRUNO E SOLUM,True,Sem relacionamento,DEMAIS,Demolicao de edificios e outras estruturas,obra_nova,"CONSORCIO FABIO BRUNO E SOLUM — Maceió, 494.633 m2 (consórcio, responsável)",responsável,0109,Consórcio,MACEIÓ,PINHEIRO,494633.0,m2,2026-04-27,2026-04-27,151,5.0,120,900283360970,CNO / Receita Federal
0.0,00338885,00338885000990,NOVATEC CONSTRUCOES E EMPREENDIMENTOS LTDA,True,Sem relacionamento,DEMAIS,Construcao de rodovias e ferrovias,obra_nova,"AL - NOV PMA  27002.25/26 INFRAESTRUTURA DO RESIDENCIAL VALE DA PERUCABA — Arapiraca, 32.049 Outra (pessoa jurídica construtora, responsável)",responsável,0053,Pessoa jurídica construtora,ARAPIRACA,OLHO D'AGUA DOS CAZUZINHAS,32049.03,Outra,2026-04-06,2026-04-27,172,5.0,120,900283461177,CNO / Receita Federal
0.0,55699378,55699378000117,CONSORCIO CRECHES SEDUC/AL 2024.,True,Somente SENAI,DEMAIS,Construcao de edificios,obra_nova,"CRECHES SEDUC 2024 - MARIBONDO - CT - 10/2015 — Maribondo, 840 m2 (consórcio, responsável)",responsável,0109,Consórcio,MARIBONDO,CENTRO,840.0,m2,2026-04-01,2026-04-27,177,3.0,120,900283462972,CNO / Receita Federal
0.0,17464285,17464285000114,RJV EMPREENDIMENTOS E ENGENHARIA LTDA,False,,,,obra_nova,"CAJUEIRO — Cajueiro, 7.935 m3 (pessoa jurídica construtora, responsável)",responsável,0053,Pessoa jurídica construtora,CAJUEIRO,PITIMIJU,7935.0,m3,2026-04-15,2026-04-28,163,5.0,120,900283559074,CNO / Receita Federal
0.0,51632690,51632690000132,OLERON RESORT RESIDENCE SPE LTDA,True,Sem relacionamento,DEMAIS,Incorporacao de empreendimentos imobiliarios,obra_nova,"OLERON RESORT RESIDENCE SPE LTDA e outros — Marechal Deodoro, 321.250 m2 (incorporador de construção civil, responsável)",responsável,0064,Incorporador de construção civil,MARECHAL DEODORO,FRANCES,321250.0,m2,2026-04-01,2026-04-29,177,5.0,120,900283840578,CNO / Receita Federal
0.0,09066964,09066964000107,ALIANCA CONSTRUCOES LTDA,True,SESI + SENAI,PEQUENO PORTE,Construcao de edificios,obra_nova,"REPARAÇÃO/RECONSTRUÇÃO DE DANOS CAUSADOS PELA CHUVA EM PIRANHAS/AL. — Piranhas, 12.002 m2 (pessoa jurídica construtora, responsável)",responsável,0053,Pessoa jurídica construtora,PIRANHAS,CENTRO HISTORICO,12002.0,m2,2026-04-27,2026-04-30,151,5.0,120,900283929376,CNO / Receita Federal
0.0,13127679,13127679000126,C FARIAS SERVICOS E CONSTRUCOES LTDA,True,Sem relacionamento,PEQUENO PORTE,Construcao de edificios,obra_nova,"C FARIAS SERVICOS E CONSTRUCOES LTDA — Marechal Deodoro, 318 m2 (dono da obra, responsável)",responsável,0057,Dono da obra,MARECHAL DEODORO,POVOADO ILHA DE SANTA RITA,317.72,m2,2026-04-01,2026-04-30,177,3.0,120,900283970373,CNO / Receita Federal
0.0,64570545,64570545000116,D J D REGIS,False,,,,obra_nova,"D J D REGIS — Satuba, 62 m2 (dono da obra, responsável)",responsável,0057,Dono da obra,SATUBA,CENTRO,62.0,m2,2026-05-05,2026-05-05,143,3.0,120,900284486871,CNO / Receita Federal
0.0,23001832,23001832000128,CONSTRUTORA REMAJ LTDA,True,Sem relacionamento,PEQUENO PORTE,Construcao de edificios,obra_nova,"CONSTRUTORA REMAJ LTDA — Rio Largo, 85 m2 (dono da obra, responsável)",responsável,0057,Dono da obra,RIO LARGO,PREFEITO ANTONIO L DE SOUZA,85.1,m2,2026-05-05,2026-05-06,143,3.0,120,900284646179,CNO / Receita Federal
0.0,23001832,23001832000128,CONSTRUTORA REMAJ LTDA,True,Sem relacionamento,PEQUENO PORTE,Construcao de edificios,obra_nova,"CONSTRUTORA REMAJ LTDA — Rio Largo, 76 m2 (dono da obra, responsável)",responsável,0057,Dono da obra,RIO LARGO,PREFEITO ANTONIO L DE SOUZA,76.41,m2,2026-05-05,2026-05-06,143,3.0,120,900284648572,CNO / Receita Federal
0.0,23001832,23001832000128,CONSTRUTORA REMAJ LTDA,True,Sem relacionamento,PEQUENO PORTE,Construcao de edificios,obra_nova,"CONSTRUTORA REMAJ LTDA — Rio Largo, 89 m2 (dono da obra, responsável)",responsável,0057,Dono da obra,RIO LARGO,PREFEITO ANTONIO L DE SOUZA,89.47,m2,2026-05-05,2026-05-06,143,3.0,120,900284649773,CNO / Receita Federal
0.0,23001832,23001832000128,CONSTRUTORA REMAJ LTDA,True,Sem relacionamento,PEQUENO PORTE,Construcao de edificios,obra_nova,"CONSTRUTORA REMAJ LTDA — Rio Largo, 75 m2 (dono da obra, responsável)",responsável,0057,Dono da obra,RIO LARGO,PREFEITO ANTONIO L DE SOUZA,74.55,m2,2026-05-05,2026-05-06,143,3.0,120,900284651272,CNO / Receita Federal
0.0,23001832,23001832000128,CONSTRUTORA REMAJ LTDA,True,Sem relacionamento,PEQUENO PORTE,Construcao de edificios,obra_nova,"CONSTRUTORA REMAJ LTDA — Rio Largo, 75 m2 (dono da obra, responsável)",responsável,0057,Dono da obra,RIO LARGO,PREFEITO ANTONIO L DE SOUZA,74.55,m2,2026-05-05,2026-05-06,143,3.0,120,900284653070,CNO / Receita Federal
0.0,23001832,23001832000128,CONSTRUTORA REMAJ LTDA,True,Sem relacionamento,PEQUENO PORTE,Construcao de edificios,obra_nova,"CONSTRUTORA REMAJ LTDA — Rio Largo, 76 m2 (dono da obra, responsável)",responsável,0057,Dono da obra,RIO LARGO,PREFEITO ANTONIO L DE SOUZA,75.88,m2,2026-05-05,2026-05-06,143,3.0,120,900284654476,CNO / Receita Federal
0.0,23001832,23001832000128,CONSTRUTORA REMAJ LTDA,True,Sem relacionamento,PEQUENO PORTE,Construcao de edificios,obra_nova,"CONSTRUTORA REMAJ LTDA — Rio Largo, 76 m2 (dono da obra, responsável)",responsável,0057,Dono da obra,RIO LARGO,PREFEITO ANTONIO L DE SOUZA,75.88,m2,2026-05-05,2026-05-06,143,3.0,120,900284655473,CNO / Receita Federal
0.0,23001832,23001832000128,CONSTRUTORA REMAJ LTDA,True,Sem relacionamento,PEQUENO PORTE,Construcao de edificios,obra_nova,"CONSTRUTORA REMAJ LTDA — Rio Largo, 76 m2 (dono da obra, responsável)",responsável,0057,Dono da obra,RIO LARGO,PREFEITO ANTONIO L DE SOUZA,76.41,m2,2026-05-05,2026-05-06,143,3.0,120,900284656777,CNO / Receita Federal
0.0,23001832,23001832000128,CONSTRUTORA REMAJ LTDA,True,Sem relacionamento,PEQUENO PORTE,Construcao de edificios,obra_nova,"CONSTRUTORA REMAJ LTDA — Rio Largo, 78 m2 (dono da obra, responsável)",responsável,0057,Dono da obra,RIO LARGO,PREFEITO ANTONIO L DE SOUZA,78.15,m2,2026-05-05,2026-05-06,143,3.0,120,900284658371,CNO / Receita Federal
0.0,23001832,23001832000128,CONSTRUTORA REMAJ LTDA,True,Sem relacionamento,PEQUENO PORTE,Construcao de edificios,obra_nova,"CONSTRUTORA REMAJ LTDA — Rio Largo, 86 m2 (dono da obra, responsável)",responsável,0057,Dono da obra,RIO LARGO,PREFEITO ANTONIO L DE SOUZA,85.67,m2,2026-05-05,2026-05-06,143,3.0,120,900284675470,CNO / Receita Federal
0.0,59279481,59279481000169,CONDOMINIO N. PEDROSA EMPREENDIMENTO IMOBILIARIO SPE LTDA,True,Somente SESI,DEMAIS,Incorporacao de empreendimentos imobiliarios,obra_nova,"CONDOMÍNIO GRAND VIA — Maceió, 19.411 m2 (pessoa jurídica construtora, responsável)",responsável,0053,Pessoa jurídica construtora,MACEIÓ,ANTARES,19411.2,m2,2026-04-07,2026-04-07,171,5.0,120,900280869971,CNO / Receita Federal
0.0,22217896,22217896000106,(sem nome no CNO) CNPJ 22217896000106,False,,,,obra_nova,"REPARAÇÃO/RECONSTRUÇÃO DE DANOS CAUSADOS PELA CHUVA EM PIRANHAS/AL. — Piranhas, 12.002 m2 (pessoa jurídica construtora, vínculo)",vínculo,0053,Pessoa jurídica construtora,PIRANHAS,CENTRO HISTORICO,12002.0,m2,2026-04-27,2026-04-30,151,5.0,120,900283929376,CNO / Receita Federal
0.0,12250916,12250916000189,(sem nome no CNO) CNPJ 12250916000189,False,,,,obra_nova,"COMPLEXO ESPORTIVO SANTANA — Santana Do Ipanema, 2.746 Outra (pessoa jurídica construtora, vínculo)",vínculo,0053,Pessoa jurídica construtora,SANTANA DO IPANEMA,PAULO FERREIRA,2745.9,Outra,2026-05-01,2026-05-07,147,4.0,120,900284759673,CNO / Receita Federal
0.0,12250908,12250908000132,(sem nome no CNO) CNPJ 12250908000132,False,,,,obra_nova,"MANUTENÇÃO DA ESCOLA VALDEMAR CAMILO — Dois Riachos, 189 m2 (pessoa jurídica construtora, vínculo)",vínculo,0053,Pessoa jurídica construtora,DOIS RIACHOS,Zona Rural,188.87,m2,2026-05-07,2026-05-07,141,3.0,120,900284776578,CNO / Receita Federal
0.0,12250908,12250908000132,(sem nome no CNO) CNPJ 12250908000132,False,,,,obra_nova,"MANUTENÇÃO DA ESCOLA VALDEMAR CAMILO — Dois Riachos, 189 m2 (pessoa jurídica construtora, vínculo)",vínculo,0053,Pessoa jurídica construtora,DOIS RIACHOS,Zona Rural,188.87,m2,2026-04-09,2026-05-07,169,3.0,120,900284821075,CNO / Receita Federal
0.0,22217896,22217896000106,(sem nome no CNO) CNPJ 22217896000106,False,,,,obra_nova,"IMPLANTAÇÃO TREC - BR-316/AL-145 /MATA GRANDE AL — Mata Grande, 6 km (pessoa jurídica construtora, vínculo)",vínculo,0053,Pessoa jurídica construtora,MATA GRANDE,RODOVIA,6.35,km,2026-05-08,2026-05-08,140,3.0,120,900284972077,CNO / Receita Federal
0.0,24999463,24999463000177,FLAVIO NUNES FARIAS,False,,,,obra_nova,"FLAVIO NUNES FARIAS — Maceió, 62 m2 (pessoa jurídica construtora, responsável)",responsável,0053,Pessoa jurídica construtora,MACEIÓ,FAROL,62.0,m2,2026-04-15,2026-04-15,163,3.0,120,900282002876,CNO / Receita Federal
0.0,12198693,12198693000158,(sem nome no CNO) CNPJ 12198693000158,False,,,,obra_nova,"MALHA VIÁRIA DA BACIA HIDROGRÁFICA DO RIO CORURIPE /ARAPIRACA - AL — Arapiraca, 21 km (pessoa jurídica construtora, vínculo)",vínculo,0053,Pessoa jurídica construtora,ARAPIRACA,CENTRO,21.05,km,2026-04-16,2026-05-08,162,3.0,120,900284981176,CNO / Receita Federal
0.0,22217896,22217896000106,(sem nome no CNO) CNPJ 22217896000106,False,,,,obra_nova,"AL - NOV SETRAND 008/26 ACESSO POTENGY — Piaçabuçu, 22.339 Outra (pessoa jurídica construtora, vínculo)",vínculo,0053,Pessoa jurídica construtora,PIAÇABUÇU,POVOADO DE POTENGY,22338.97,Outra,2026-03-30,2026-05-11,179,5.0,120,900285114578,CNO / Receita Federal
0.0,12200218,12200218000179,(sem nome no CNO) CNPJ 12200218000179,False,,,,obra_nova,"CRECHES SEDUC 2024 - NOVO LINO - CT - 09/2025 — Novo Lino, 840 m2 (consórcio, vínculo)",vínculo,0109,Consórcio,NOVO LINO,ZONA RURAL,840.0,m2,2026-04-22,2026-05-11,156,3.0,120,900285145176,CNO / Receita Federal
0.0,22217896,22217896000106,(sem nome no CNO) CNPJ 22217896000106,False,,,,obra_nova,"AL - NOV SETRAND 010/26 ACESSO POVOADO CAPIM GROSSO POVOADO ESTRADA — Porto Real Do Colégio, 35.996 Outra (pessoa jurídica construtora, vínculo)",vínculo,0053,Pessoa jurídica construtora,PORTO REAL DO COLÉGIO,Povoado Capim  Grosso e Povoado Entrada,35995.62,Outra,2026-04-27,2026-05-11,151,5.0,120,900285116479,CNO / Receita Federal
0.0,12200226,12200226000115,(sem nome no CNO) CNPJ 12200226000115,False,,,,obra_nova,"Piscina Semiolímpica SSP/AL — Maceió, 1.400 m2 (pessoa jurídica construtora, vínculo)",vínculo,0053,Pessoa jurídica construtora,MACEIÓ,TRAPICHE DA BARRA,1400.0,m2,2026-05-11,2026-05-12,137,4.0,120,900285407971,CNO / Receita Federal
0.0,12224895,12224895000127,(sem nome no CNO) CNPJ 12224895000127,False,,,,obra_nova,"LOTE 2 - ESCOLA MUNICIPAL DE EDUCAÇÃO BÁSICA ELIZEU NORBERTO — Delmiro Gouveia, 1.534 m2 (pessoa jurídica construtora, vínculo)",vínculo,0053,Pessoa jurídica construtora,DELMIRO GOUVEIA,Bom Sussego,1534.42,m2,2026-05-06,2026-05-12,142,4.0,120,900285468374,CNO / Receita Federal
0.0,12224895,12224895000127,(sem nome no CNO) CNPJ 12224895000127,False,,,,obra_nova,"LOTE 3 - ESCOLA MUNICIPAL DE EDUCAÇÃO BÁSICA DOUTOR ANTENOR CORREIA SERPA — Delmiro Gouveia, 757 m2 (pessoa jurídica construtora, vínculo)",vínculo,0053,Pessoa jurídica construtora,DELMIRO GOUVEIA,ZONA RURAL,756.55,m2,2026-05-06,2026-05-13,142,3.0,120,900285597970,CNO / Receita Federal
0.0,12200218,12200218000179,(sem nome no CNO) CNPJ 12200218000179,False,,,,obra_nova,"CRECHES SEDUC 2024 - IGREJA NOVA - CT - 09/2025 — Igreja Nova, 840 m2 (consórcio, vínculo)",vínculo,0109,Consórcio,IGREJA NOVA,ZONA RURAL,840.0,m2,2026-04-22,2026-05-11,156,3.0,120,900285147077,CNO / Receita Federal
0.0,12224895,12224895000127,(sem nome no CNO) CNPJ 12224895000127,False,,,,obra_nova,"LOTE 5 - ESCOLA MUNICIPAL DE EDUCAÇÃO BÁSICA DIVANI MARIA VIEIRA GOMES — Delmiro Gouveia, 717 m2 (pessoa jurídica construtora, vínculo)",vínculo,0053,Pessoa jurídica construtora,DELMIRO GOUVEIA,DISTRITO BARRAGEM LESTE,716.95,m2,2026-05-06,2026-05-13,142,3.0,120,900285604170,CNO / Receita Federal
0.0,12224895,12224895000127,(sem nome no CNO) CNPJ 12224895000127,False,,,,obra_nova,"LOTE 6 - ESCOLA MUNICIPAL DE EDUCAÇÃO BÁSICA CASTRO ALVES — Delmiro Gouveia, 587 m2 (pessoa jurídica construtora, vínculo)",vínculo,0053,Pessoa jurídica construtora,DELMIRO GOUVEIA,ZONA RURAL,586.72,m2,2026-05-06,2026-05-13,142,3.0,120,900285625174,CNO / Receita Federal
0.0,12224895,12224895000127,(sem nome no CNO) CNPJ 12224895000127,False,,,,obra_nova,"LOTE 7 - ESCOLA MUNICIPAL DE EDUCAÇÃO BÁSICA ROSALVO JOSÉ DE SOUZA — Delmiro Gouveia, 1.560 m2 (pessoa jurídica construtora, vínculo)",vínculo,0053,Pessoa jurídica construtora,DELMIRO GOUVEIA,PEDRA VELHA,1559.83,m2,2026-05-06,2026-05-13,142,4.0,120,900285639276,CNO / Receita Federal
0.0,12224895,12224895000127,(sem nome no CNO) CNPJ 12224895000127,False,,,,obra_nova,"LOTE 8 - ESCOLA DE EDUCAÇÃO BÁSICA JUVINIANO BEZERRA DE SOUZA — Delmiro Gouveia, 525 m2 (pessoa jurídica construtora, vínculo)",vínculo,0053,Pessoa jurídica construtora,DELMIRO GOUVEIA,ZONA RURAL,525.47,m2,2026-05-06,2026-05-13,142,3.0,120,900285642477,CNO / Receita Federal
0.0,10557540,10557540000124,CAF - CRYSTAL AGUAS DO NORDESTE LTDA,True,Sem relacionamento,DEMAIS,Fabricacao de aguas envasadas,obra_nova,"M.F. ENGENHARIA LTDA — Maceió, 250 m2 (pessoa jurídica construtora, vínculo)",vínculo,0053,Pessoa jurídica construtora,MACEIÓ,SANTA LUCIA,250.0,m2,2026-05-13,2026-05-13,135,3.0,120,900285646372,CNO / Receita Federal
0.0,12224895,12224895000127,(sem nome no CNO) CNPJ 12224895000127,False,,,,obra_nova,"LOTE 1- ESCOLA MUNICIPAL DE EDUCAÇÃO BÁSICA JOSÉ CORREIA DOS SANTOS — Delmiro Gouveia, 1.402 m2 (pessoa jurídica construtora, vínculo)",vínculo,0053,Pessoa jurídica construtora,DELMIRO GOUVEIA,ZONA RURAL,1401.53,m2,2026-05-06,2026-05-13,142,4.0,120,900285647072,CNO / Receita Federal
0.0,12228375,12228375000192,(sem nome no CNO) CNPJ 12228375000192,False,,,,obra_nova,"Serviços de Perfuração e Instalação de Poços Tubulares no Município de Igaci - PE — Igaci, 19 Outra (pessoa jurídica construtora, vínculo)",vínculo,0053,Pessoa jurídica construtora,IGACI,DIVERSOS,19.0,Outra,2026-04-28,2026-05-13,150,3.0,120,900285700172,CNO / Receita Federal
0.0,12224895,12224895000127,(sem nome no CNO) CNPJ 12224895000127,False,,,,obra_nova,"LOTE 4 - ESCOLA MUNICIPAL DE EDUAÇÃO BÁSICA JUSCELINO KUBSTICHEK — Delmiro Gouveia, 702 m2 (pessoa jurídica construtora, vínculo)",vínculo,0053,Pessoa jurídica construtora,DELMIRO GOUVEIA,ZONA RURAL,702.2,m2,2026-05-06,2026-05-13,142,3.0,120,900285601272,CNO / Receita Federal
0.0,12250908,12250908000132,(sem nome no CNO) CNPJ 12250908000132,False,,,,obra_nova,"MANUTENÇÃO DA ESCOLA CAPITÃO DOMINGOS — Dois Riachos, 403 m2 (pessoa jurídica construtora, vínculo)",vínculo,0053,Pessoa jurídica construtora,DOIS RIACHOS,Zona Rural,403.41,m2,2026-04-09,2026-05-19,169,3.0,120,900286497273,CNO / Receita Federal
0.0,12250908,12250908000132,(sem nome no CNO) CNPJ 12250908000132,False,,,,obra_nova,"MANUTENÇÃO DA ESCOLA MIGUEL VIEIRA — Dois Riachos, 302 m2 (pessoa jurídica construtora, vínculo)",vínculo,0053,Pessoa jurídica construtora,DOIS RIACHOS,CENTRO,302.42,m2,2026-04-09,2026-05-19,169,3.0,120,900286499870,CNO / Receita Federal
0.0,00399857,00399857000126,(sem nome no CNO) CNPJ 00399857000126,False,,,,obra_nova,"JK LOCACOES CONSTRUCOES E TRANSQUIMICA LTDA — Maceió, 90.772 m3 (pessoa jurídica construtora, vínculo)",vínculo,0053,Pessoa jurídica construtora,MACEIÓ,CENTRO,90772.5,m3,2026-05-11,2026-05-21,137,5.0,120,900286899477,CNO / Receita Federal
0.0,04892707,04892707001859,(sem nome no CNO) CNPJ 04892707001859,False,,,,obra_nova,"Reforma, ampliação e adequação de acessibilidade no prédio da sede administrativa e Superintendência — Maceió, 1.297 m2 (pessoa jurídica construtora, vínculo)",vínculo,0053,Pessoa jurídica construtora,MACEIÓ,PAJUCARA,1297.18,m2,2026-05-11,2026-05-25,137,4.0,120,900287367773,CNO / Receita Federal
0.0,12227351,12227351000119,(sem nome no CNO) CNPJ 12227351000119,False,,,,obra_nova,"ALICERCE CONSTRUTORA LTDA — Anadia, 550 m2 (pessoa jurídica construtora, vínculo)",vínculo,0053,Pessoa jurídica construtora,ANADIA,CENTRO,550.01,m2,2026-04-02,2026-05-25,176,3.0,120,900287396572,CNO / Receita Federal
0.0,12207528,12207528000115,(sem nome no CNO) CNPJ 12207528000115,False,,,,obra_nova,"AL - NOV PMFG 001/26 PAV NOVO ACESSO RODOVIÁRIO FEIRA GRANDE — Feira Grande, 7.405 Outra (pessoa jurídica construtora, vínculo)",vínculo,0053,Pessoa jurídica construtora,FEIRA GRANDE,SEM BAIRRO,7404.81,Outra,2026-05-25,2026-05-28,123,5.0,120,900287872174,CNO / Receita Federal
0.0,12200226,12200226000115,(sem nome no CNO) CNPJ 12200226000115,False,,,,obra_nova,"DBN-DEBONI SIST CONST LTDA-CENTRAL INTEGRADA DA MULHER — Maceió, 329 m2 (pessoa jurídica construtora, vínculo)",vínculo,0053,Pessoa jurídica construtora,MACEIÓ,BENEDITO BENTES,328.77,m2,2026-05-18,2026-05-28,130,3.0,120,900287917074,CNO / Receita Federal
0.0,12200218,12200218000179,(sem nome no CNO) CNPJ 12200218000179,False,,,,obra_nova,"DBN - DEBONI SIST CONST LTDA-CRECHE CRIA-BELO MONTE — Belo Monte, 811 m2 (pessoa jurídica construtora, vínculo)",vínculo,0053,Pessoa jurídica construtora,BELO MONTE,ZONA RURAL,811.46,m2,2026-05-19,2026-05-28,129,3.0,120,900287918470,CNO / Receita Federal
0.0,12200218,12200218000179,(sem nome no CNO) CNPJ 12200218000179,False,,,,obra_nova,"DBN-DEBONI SIST CONST LTDA-CRECHE CRIA-SANTANA DO IPANEMA II — Santana Do Ipanema, 811 m2 (pessoa jurídica construtora, vínculo)",vínculo,0053,Pessoa jurídica construtora,SANTANA DO IPANEMA,MONUMENTO,811.46,m2,2026-05-19,2026-05-28,129,3.0,120,900287925176,CNO / Receita Federal
0.0,04892707,04892707000100,(sem nome no CNO) CNPJ 04892707000100,False,,,,obra_nova,"ENZFLUOR COMERCIO, SERVICOS E TECNOLOGIA LTDA — Ibateguara, 20.000 Outra (pessoa jurídica construtora, vínculo)",vínculo,0053,Pessoa jurídica construtora,IBATEGUARA,SERRA DA CATITA,20000.0,Outra,2026-05-28,2026-05-28,120,5.0,120,900288021975,CNO / Receita Federal
0.0,00000000,00000000000191,(sem nome no CNO) CNPJ 00000000000191,False,,,,obra_nova,"ENGNORD CONSTRUCOES E SERVICOS LTDA — Feira Grande, 680 m2 (pessoa jurídica construtora, vínculo)",vínculo,0053,Pessoa jurídica construtora,FEIRA GRANDE,CENTRO,680.5,m2,2026-03-31,2026-05-29,178,3.0,120,900288154371,CNO / Receita Federal
0.0,24464109,24464109000148,(sem nome no CNO) CNPJ 24464109000148,False,,,,obra_nova,"BLOCO DE SALAS DE AULA CAMPUS ARAPIRACA — Arapiraca, 5.600 m2 (pessoa jurídica construtora, vínculo)",vínculo,0053,Pessoa jurídica construtora,ARAPIRACA,BOM SUCESSO,5600.0,m2,2026-05-07,2026-05-29,141,5.0,120,900288156374,CNO / Receita Federal
0.0,24464109,24464109000148,(sem nome no CNO) CNPJ 24464109000148,False,,,,obra_nova,"CONSTRUÇAO DO BLOCO DE SALAS DE AULA DO CECA/ UFAL — Rio Largo, 3.798 m2 (pessoa jurídica construtora, vínculo)",vínculo,0053,Pessoa jurídica construtora,RIO LARGO,MATA DO ROLO,3798.0,m2,2026-04-22,2026-05-29,156,4.0,120,900288157770,CNO / Receita Federal
0.0,12369872,12369872000100,(sem nome no CNO) CNPJ 12369872000100,False,,,,obra_nova,"MC CONSTRUCOES E ASSESSORIA LTDA — Palestina, 390 m2 (pessoa jurídica construtora, vínculo)",vínculo,0053,Pessoa jurídica construtora,PALESTINA,CENTRO,389.78,m2,2026-05-22,2026-06-01,126,3.0,120,900288377877,CNO / Receita Federal
0.0,62485543,62485543000101,LETICIA LEOPOLDINO BRAGA CAVALCANTI LTDA,True,Sem relacionamento,MICRO EMPRESA,Construcao de edificios,obra_nova,"SHOPPING PATACHO — Porto De Pedras, 1.155 m2 (pessoa jurídica construtora, vínculo)",vínculo,0053,Pessoa jurídica construtora,PORTO DE PEDRAS,PATACHO,1155.36,m2,2026-05-18,2026-06-05,130,4.0,120,900289064670,CNO / Receita Federal
0.0,12243697,12243697000100,(sem nome no CNO) CNPJ 12243697000100,False,,,,obra_nova,"UNIDADE BÁSICA DE SAÚDE (UBS) PENEDO/AL — Penedo, 780 m2 (pessoa jurídica construtora, vínculo)",vínculo,0053,Pessoa jurídica construtora,PENEDO,ZONA URBANA,779.56,m2,2026-05-08,2026-05-19,140,3.0,120,900286314871,CNO / Receita Federal
0.0,12241865,12241865000129,(sem nome no CNO) CNPJ 12241865000129,False,,,,obra_nova,"Pavimentação, Drenagem e Sinalização Viária da Rua: Trecho São José, Zona Rural, Tanque D'Arca - AL — Tanque D'Arca, 9.165 m2 (pessoa jurídica construtora, vínculo)",vínculo,0053,Pessoa jurídica construtora,TANQUE D'ARCA,Zona Rural,9164.75,m2,2026-04-30,2026-06-08,148,5.0,120,900289422771,CNO / Receita Federal
0.0,12224895,12224895000127,(sem nome no CNO) CNPJ 12224895000127,False,,,,obra_nova,"Unidade Básica de Saúde (UBS) Porte II — Delmiro Gouveia, 366 m2 (pessoa jurídica construtora, vínculo)",vínculo,0053,Pessoa jurídica construtora,DELMIRO GOUVEIA,ELDORADO,366.29,m2,2026-05-25,2026-06-09,123,3.0,120,900289493075,CNO / Receita Federal
0.0,26333042,26333042000138,BTO INCORPORADORA LTDA,True,Sem relacionamento,MICRO EMPRESA,Incorporacao de empreendimentos imobiliarios,obra_nova,"OBRA COND RESID RESERVA DA BARRA — Barra De Santo Antônio, 1 Outra (pessoa jurídica construtora, vínculo)",vínculo,0053,Pessoa jurídica construtora,BARRA DE SANTO ANTÔNIO,CENTRO,1.0,Outra,2026-03-31,2026-03-31,178,3.0,120,900280082479,CNO / Receita Federal
0.0,12200143,12200143000126,(sem nome no CNO) CNPJ 12200143000126,False,,,,obra_nova,"PAVIMENTAÇÃO E URBANIZACÃO POVOADO SANTO ANTONIO — Atalaia, 966 Outra (pessoa jurídica construtora, vínculo)",vínculo,0053,Pessoa jurídica construtora,ATALAIA,ZONA RURAL,965.6,Outra,2026-05-12,2026-06-11,136,3.0,120,900290212078,CNO / Receita Federal
0.0,00360305,00360305000104,(sem nome no CNO) CNPJ 00360305000104,False,,,,obra_nova,"CONDOMÍNIO GRAND VIA — Maceió, 19.411 m2 (pessoa jurídica construtora, vínculo)",vínculo,0053,Pessoa jurídica construtora,MACEIÓ,ANTARES,19411.2,m2,2026-04-07,2026-04-07,171,5.0,120,900280869971,CNO / Receita Federal
0.0,12250908,12250908000132,(sem nome no CNO) CNPJ 12250908000132,False,,,,obra_nova,"UNICON CONSTRUCOES LTDA — Dois Riachos, 1.441 m2 (pessoa jurídica construtora, vínculo)",vínculo,0053,Pessoa jurídica construtora,DOIS RIACHOS,CENTRO,1441.0,m2,2026-04-01,2026-04-09,177,4.0,120,900281346579,CNO / Receita Federal
0.0,22217896,22217896000106,(sem nome no CNO) CNPJ 22217896000106,False,,,,obra_nova,"IMPLANTAÇÃO DO ACESSO AO POVOADO BARRA DO IPANEMA — Belo Monte, 7 km (pessoa jurídica construtora, vínculo)",vínculo,0053,Pessoa jurídica construtora,BELO MONTE,ZONA RURAL,7.3,km,2026-04-01,2026-04-14,177,3.0,120,900281900476,CNO / Receita Federal
0.0,08188499,08188499000114,(sem nome no CNO) CNPJ 08188499000114,False,,,,obra_nova,"PRISTA CONSTRUTORA LTDA — Maceió, 371 m2 (pessoa jurídica construtora, vínculo)",vínculo,0053,Pessoa jurídica construtora,MACEIÓ,JATIUCA,370.58,m2,2026-03-31,2026-03-31,178,3.0,120,900280204575,CNO / Receita Federal
0.0,12272084,12272084000100,EQUATORIAL ALAGOAS DISTRIBUIDORA DE ENERGIA S.A.,True,Somente SENAI,DEMAIS,Distribuicao de energia eletrica,obra_nova,"GIGAMAX TRANSPORTES E SERVICOS LTDA - OBRA LD 69KV SECC RIO LARDO 1 — Marechal Deodoro, 14 km (pessoa jurídica construtora, vínculo)",vínculo,0053,Pessoa jurídica construtora,MARECHAL DEODORO,FRANCES,14.5,km,2026-04-06,2026-04-16,172,3.0,120,900282292475,CNO / Receita Federal
0.0,42150391,42150391000170,BRASKEM S.A,True,SESI + SENAI,DEMAIS,Extracao de sal gema,obra_nova,"FERROVIA BRASKEM -MACEIÓ — Maceió, 9 kw (pessoa jurídica construtora, vínculo)",vínculo,0053,Pessoa jurídica construtora,MACEIÓ,DIVERSOS BAIROS,8.88,kw,2026-04-09,2026-04-17,169,3.0,120,900282445374,CNO / Receita Federal
0.0,62648056,62648056000104,(sem nome no CNO) CNPJ 62648056000104,False,,,,obra_nova,"BESS ALEPACK — Rio Largo, 2.000 kw (pessoa jurídica construtora, vínculo)",vínculo,0053,Pessoa jurídica construtora,RIO LARGO,MATA RO ROLO,2000.0,kw,2026-04-20,2026-04-21,158,4.0,120,900282676676,CNO / Receita Federal
0.0,42150391,42150391000170,BRASKEM S.A,True,SESI + SENAI,DEMAIS,Extracao de sal gema,obra_nova,"CONSORCIO FABIO BRUNO E SOLUM — Maceió, 494.633 m2 (consórcio, vínculo)",vínculo,0109,Consórcio,MACEIÓ,PINHEIRO,494633.0,m2,2026-04-27,2026-04-27,151,5.0,120,900283360970,CNO / Receita Federal
0.0,12198693,12198693000158,(sem nome no CNO) CNPJ 12198693000158,False,,,,obra_nova,"AL - NOV PMA  27002.25/26 INFRAESTRUTURA DO RESIDENCIAL VALE DA PERUCABA — Arapiraca, 32.049 Outra (pessoa jurídica construtora, vínculo)",vínculo,0053,Pessoa jurídica construtora,ARAPIRACA,OLHO D'AGUA DOS CAZUZINHAS,32049.03,Outra,2026-04-06,2026-04-27,172,5.0,120,900283461177,CNO / Receita Federal
0.0,12200218,12200218000179,(sem nome no CNO) CNPJ 12200218000179,False,,,,obra_nova,"CRECHES SEDUC 2024 - MARIBONDO - CT - 10/2015 — Maribondo, 840 m2 (consórcio, vínculo)",vínculo,0109,Consórcio,MARIBONDO,CENTRO,840.0,m2,2026-04-01,2026-04-27,177,3.0,120,900283462972,CNO / Receita Federal
0.0,12200218,12200218000179,(sem nome no CNO) CNPJ 12200218000179,False,,,,obra_nova,"CRECHES SEDUC 2024 - PIACABUCU - CT - 09/2025 — Piaçabuçu, 840 m2 (consórcio, vínculo)",vínculo,0109,Consórcio,PIAÇABUÇU,ZONA RURAL,840.0,m2,2026-04-01,2026-04-27,177,3.0,120,900283463877,CNO / Receita Federal
0.0,04986320,04986320010186,(sem nome no CNO) CNPJ 04986320010186,False,,,,obra_nova,"FLAVIO NUNES FARIAS — Maceió, 62 m2 (pessoa jurídica construtora, vínculo)",vínculo,0053,Pessoa jurídica construtora,MACEIÓ,FAROL,62.0,m2,2026-04-15,2026-04-15,163,3.0,120,900282002876,CNO / Receita Federal
0.0,22217896,22217896000106,(sem nome no CNO) CNPJ 22217896000106,False,,,,obra_nova,"CAJUEIRO — Cajueiro, 7.935 m3 (pessoa jurídica construtora, vínculo)",vínculo,0053,Pessoa jurídica construtora,CAJUEIRO,PITIMIJU,7935.0,m3,2026-04-15,2026-04-28,163,5.0,120,900283559074,CNO / Receita Federal
0.0,23252664,23252664000143,(sem nome no CNO) CNPJ 23252664000143,False,,,,obra_nova,"OLERON RESORT RESIDENCE SPE LTDA e outros — Marechal Deodoro, 321.250 m2 (incorporador de construção civil, vínculo)",vínculo,0064,Incorporador de construção civil,MARECHAL DEODORO,FRANCES,321250.0,m2,2026-04-01,2026-04-29,177,5.0,120,900283840578,CNO / Receita Federal
0.0,12200143,12200143000126,(sem nome no CNO) CNPJ 12200143000126,False,,,,obra_nova,"manutenção preventiva e corretiva bem como adequações prediais e de praças — Atalaia, 20.000 m2 (pessoa jurídica construtora, vínculo)",vínculo,0053,Pessoa jurídica construtora,ATALAIA,CENTRO,20000.0,m2,2026-05-19,2026-06-16,129,5.0,120,900290856573,CNO / Receita Federal
0.0,04892707,04892707000100,(sem nome no CNO) CNPJ 04892707000100,False,,,,obra_nova,"CONSORCIO SBM/ ENZFLUOR — Ibateguara, 20.000 Outra (consórcio, vínculo)",vínculo,0109,Consórcio,IBATEGUARA,SERRA DA CATITA,20000.0,Outra,2026-05-28,2026-06-12,120,5.0,120,900290400970,CNO / Receita Federal
0.0,66328333,66328333000152,(sem nome no CNO) CNPJ 66328333000152,False,,,,obra_nova,"MARIA EDILSA DE CASTRO e outros — Santana Do Ipanema, 66 m2 (incorporador de construção civil, vínculo)",vínculo,0064,Incorporador de construção civil,SANTANA DO IPANEMA,CAMOXINGA,66.0,m2,2026-05-25,2026-06-19,123,3.0,120,900291697261,CNO / Receita Federal
0.0,66328333,66328333000152,(sem nome no CNO) CNPJ 66328333000152,False,,,,obra_nova,"MARIA EDILSA DE CASTRO e outros — Santana Do Ipanema, 66 m2 (incorporador de construção civil, vínculo)",vínculo,0064,Incorporador de construção civil,SANTANA DO IPANEMA,CAMOXINGA,66.0,m2,2026-05-25,2026-06-19,123,3.0,120,900291706662,CNO / Receita Federal
0.0,12200218,12200218000179,(sem nome no CNO) CNPJ 12200218000179,False,,,,obra_nova,"CONSORCIO EDUCACAO POÇO DAS TRINCHEIRAS — Maceió, 3.597 m2 (consórcio, vínculo)",vínculo,0109,Consórcio,MACEIÓ,CENTRO,3596.68,m2,2026-05-05,2026-06-22,143,4.0,120,900292040175,CNO / Receita Federal
0.0,00204125,00204125000133,(sem nome no CNO) CNPJ 00204125000133,False,,,,obra_nova,"CENTRO DE ATENÇÃO PSICOSSOCIAL (CAPS) AD III — Maceió, 741 m2 (pessoa jurídica construtora, vínculo)",vínculo,0053,Pessoa jurídica construtora,MACEIÓ,CIDADE UNIVERSITARIA,741.23,m2,2026-05-05,2026-06-17,143,3.0,120,900291179279,CNO / Receita Federal
0.0,12200218,12200218000179,(sem nome no CNO) CNPJ 12200218000179,False,,,,obra_nova,"CONSORCIO EDUCACAO ALAGOAS POÇO DAS TRINCHEIRAS — Poço Das Trincheiras, 3.597 m2 (consórcio, vínculo)",vínculo,0109,Consórcio,POÇO DAS TRINCHEIRAS,CENTRO,3596.68,m2,2026-05-05,2026-06-23,143,4.0,120,900292095370,CNO / Receita Federal
0.0,12264396,12264396000163,(sem nome no CNO) CNPJ 12264396000163,False,,,,obra_nova,"DELTA SERVICOS GERAIS LTDA — Boca Da Mata, 25 Outra (pessoa jurídica construtora, vínculo)",vínculo,0053,Pessoa jurídica construtora,BOCA DA MATA,ZONA RURAL,25.0,Outra,2026-04-28,2026-06-25,150,3.0,120,900292592773,CNO / Receita Federal
0.0,12200275,12200275000158,(sem nome no CNO) CNPJ 12200275000158,False,,,,obra_nova,"SOLUCAO CONSTRUCOES E SERVICOS LTDA — Marechal Deodoro, 30.000 m2 (pessoa jurídica construtora, vínculo)",vínculo,0053,Pessoa jurídica construtora,MARECHAL DEODORO,CENTRO,30000.0,m2,2026-04-24,2026-07-02,154,5.0,120,900293968378,CNO / Receita Federal
0.0,12332953,12332953000136,(sem nome no CNO) CNPJ 12332953000136,False,,,,obra_nova,"Execução da obra de construção do Centro Especializado em Reabilitação (CER) Tipo IV — Murici, 638 m2 (pessoa jurídica construtora, vínculo)",vínculo,0053,Pessoa jurídica construtora,MURICI,Campo Grande,638.0,m2,2026-04-22,2026-06-27,156,3.0,120,900293066476,CNO / Receita Federal
0.0,62313497,62313497000155,MVK INCORPORADORA LTDA,True,Sem relacionamento,DEMAIS,Incorporacao de empreendimentos imobiliarios,obra_nova,"MVK INCORPORADORA LTDA — Arapiraca, 1.251 m2 (incorporador de construção civil, responsável)",responsável,0064,Incorporador de construção civil,ARAPIRACA,JARDIM TROPICAL,1251.33,m2,2026-04-06,2026-09-23,172,4.0,120,900306649979,CNO / Receita Federal
0.0,57829840,57829840000189,CONSTRUTORA ABENCOADA LTDA,True,Sem relacionamento,MICRO EMPRESA,Construcao de edificios,obra_nova,"CONSTRUTORA ABENCOADA LTDA — Maribondo, 56 m2 (proprietário do imóvel, responsável)",responsável,0070,Proprietário do imóvel,MARIBONDO,CENTRO,56.2,m2,2026-05-28,2026-06-11,120,3.0,120,900290174779,CNO / Receita Federal
0.0,26399954,26399954000102,M D M CONSTRUCAO E LOCACAO LTDA,True,Sem relacionamento,PEQUENO PORTE,Construcao de edificios,obra_nova,"PAVIMENTAÇÃO E URBANIZACÃO POVOADO SANTO ANTONIO — Atalaia, 966 Outra (pessoa jurídica construtora, responsável)",responsável,0053,Pessoa jurídica construtora,ATALAIA,ZONA RURAL,965.6,Outra,2026-05-12,2026-06-11,136,3.0,120,900290212078,CNO / Receita Federal
0.0,66711692,66711692000194,CONSORCIO SBM/ ENZFLUOR,False,,,,obra_nova,"CONSORCIO SBM/ ENZFLUOR — Ibateguara, 20.000 Outra (consórcio, responsável)",responsável,0109,Consórcio,IBATEGUARA,SERRA DA CATITA,20000.0,Outra,2026-05-28,2026-06-12,120,5.0,120,900290400970,CNO / Receita Federal
0.0,12264396,12264396000163,(sem nome no CNO) CNPJ 12264396000163,False,,,,obra_nova,"BOCA DA MATA - AL — Boca Da Mata, 23.771 Outra (pessoa jurídica construtora, vínculo)",vínculo,0053,Pessoa jurídica construtora,BOCA DA MATA,MUTIRÃO,23770.64,Outra,2026-03-31,2026-07-06,178,5.0,120,900294374676,CNO / Receita Federal
0.0,12200275,12200275000158,(sem nome no CNO) CNPJ 12200275000158,False,,,,obra_nova,"MANUTENCAO ASFALTICA OBRA MARECHAL CT º N° 1205.002.2026 — Marechal Deodoro, 17.182 Outra (pessoa jurídica construtora, vínculo)",vínculo,0053,Pessoa jurídica construtora,MARECHAL DEODORO,CENTRO,17181.9,Outra,2026-05-12,2026-07-08,136,5.0,120,900294855875,CNO / Receita Federal
0.0,22217896,22217896000106,(sem nome no CNO) CNPJ 22217896000106,False,,,,obra_nova,"AL - NOV SETRAND 002/2026 RODOVIA VICINAL LIMOEIRO E TAQUARANA — Limoeiro De Anadia, 38.608 Outra (pessoa jurídica construtora, vínculo)",vínculo,0053,Pessoa jurídica construtora,LIMOEIRO DE ANADIA,SEM BAIRRO,38608.46,Outra,2026-05-26,2026-07-10,122,5.0,120,900295215374,CNO / Receita Federal
0.0,12200218,12200218000179,(sem nome no CNO) CNPJ 12200218000179,False,,,,obra_nova,"ESCOLA BENEDITO BENTES (CAIC) - PEDCAC — Maceió, 3.000 m2 (sociedade líder de consórcio, vínculo)",vínculo,0111,Sociedade líder de consórcio,MACEIÓ,BENEDITO BENTES,3000.0,m2,2026-05-05,2026-07-14,143,4.0,120,900295644578,CNO / Receita Federal
0.0,55246486,55246486000134,CONSORCIO PEDCAC,True,Somente SESI,DEMAIS,Construcao de edificios,obra_nova,"ESCOLA BENEDITO BENTES (CAIC) - PEDCAC — Maceió, 3.000 m2 (sociedade líder de consórcio, vínculo)",vínculo,0111,Sociedade líder de consórcio,MACEIÓ,BENEDITO BENTES,3000.0,m2,2026-05-05,2026-07-14,143,4.0,120,900295644578,CNO / Receita Federal
0.0,56173759,56173759000120,CONSORCIO EDUCACAO ALAGOAS,True,Somente SENAI,DEMAIS,Administracao de obras,obra_nova,"CONSORCIO EDUCACAO POÇO DAS TRINCHEIRAS — Maceió, 3.597 m2 (consórcio, responsável)",responsável,0109,Consórcio,MACEIÓ,CENTRO,3596.68,m2,2026-05-05,2026-06-22,143,4.0,120,900292040175,CNO / Receita Federal
0.0,56173759,56173759000120,CONSORCIO EDUCACAO ALAGOAS,True,Somente SENAI,DEMAIS,Administracao de obras,obra_nova,"CONSORCIO EDUCACAO ALAGOAS POÇO DAS TRINCHEIRAS — Poço Das Trincheiras, 3.597 m2 (consórcio, responsável)",responsável,0109,Consórcio,POÇO DAS TRINCHEIRAS,CENTRO,3596.68,m2,2026-05-05,2026-06-23,143,4.0,120,900292095370,CNO / Receita Federal
0.0,24509006,24509006000157,DELTA SERVICOS GERAIS LTDA,True,Sem relacionamento,PEQUENO PORTE,Construcao de edificios,obra_nova,"DELTA SERVICOS GERAIS LTDA — Boca Da Mata, 25 Outra (pessoa jurídica construtora, responsável)",responsável,0053,Pessoa jurídica construtora,BOCA DA MATA,ZONA RURAL,25.0,Outra,2026-04-28,2026-06-25,150,3.0,120,900292592773,CNO / Receita Federal
0.0,46208557,46208557000113,C A V MEDEIROS ENGENHARIA LTDA,True,Sem relacionamento,MICRO EMPRESA,Construcao de edificios,obra_nova,"Casa de Cultura na comunidade indígena de Karapotó Terra Nova — São Sebastião, 259 m2 (dono da obra, responsável)",responsável,0057,Dono da obra,SÃO SEBASTIÃO,ZONA RURAL,258.72,m2,2026-05-17,2026-06-25,131,3.0,120,900292703470,CNO / Receita Federal
0.0,11035491,11035491000122,MIRAMAR CONSTRUTORA LTDA,True,Sem relacionamento,DEMAIS,Construcao de edificios,obra_nova,"Execução da obra de construção do Centro Especializado em Reabilitação (CER) Tipo IV — Murici, 638 m2 (pessoa jurídica construtora, responsável)",responsável,0053,Pessoa jurídica construtora,MURICI,Campo Grande,638.0,m2,2026-04-22,2026-06-27,156,3.0,120,900293066476,CNO / Receita Federal
0.0,48477037,48477037000131,BRENO NUNES MONTEIRO CONSTRUTORA,True,Sem relacionamento,MICRO EMPRESA,Construcao de edificios,obra_nova,"BRENO NUNES MONTEIRO CONSTRUTORA — Pindoba, 949 m2 (dono da obra, responsável)",responsável,0057,Dono da obra,PINDOBA,CENTRO,949.2,m2,2026-04-13,2026-09-18,165,3.0,120,900306044470,CNO / Receita Federal
0.0,22648905,22648905000105,S C T CONSTRUCOES LTDA,True,Sem relacionamento,PEQUENO PORTE,Construcao de edificios,obra_nova,"S C T CONSTRUCOES LTDA — Santana Do Ipanema, 302 m2 (incorporador de construção civil, responsável)",responsável,0064,Incorporador de construção civil,SANTANA DO IPANEMA,CAMUXINGA,302.2,m2,2026-04-01,2026-09-21,177,3.0,120,900306320678,CNO / Receita Federal
0.0,23001832,23001832000128,CONSTRUTORA REMAJ LTDA,True,Sem relacionamento,PEQUENO PORTE,Construcao de edificios,obra_nova,"CONSTRUTORA REMAJ LTDA — Rio Largo, 102 m2 (dono da obra, responsável)",responsável,0057,Dono da obra,RIO LARGO,PREFEITO ANTONIO L DE SOUZA,102.0,m2,2026-05-26,2026-06-08,122,3.0,120,900289226473,CNO / Receita Federal
0.0,23001832,23001832000128,CONSTRUTORA REMAJ LTDA,True,Sem relacionamento,PEQUENO PORTE,Construcao de edificios,obra_nova,"CONSTRUTORA REMAJ LTDA — Rio Largo, 80 m2 (dono da obra, responsável)",responsável,0057,Dono da obra,RIO LARGO,PREFEITO ANTONIO L DE SOUZA,80.16,m2,2026-05-26,2026-06-08,122,3.0,120,900289230179,CNO / Receita Federal
0.0,23001832,23001832000128,CONSTRUTORA REMAJ LTDA,True,Sem relacionamento,PEQUENO PORTE,Construcao de edificios,obra_nova,"CONSTRUTORA REMAJ LTDA — Rio Largo, 89 m2 (dono da obra, responsável)",responsável,0057,Dono da obra,RIO LARGO,PREFEITO ANTONIO L DE SOUZA,88.97,m2,2026-05-26,2026-06-08,122,3.0,120,900289235777,CNO / Receita Federal
0.0,23001832,23001832000128,CONSTRUTORA REMAJ LTDA,True,Sem relacionamento,PEQUENO PORTE,Construcao de edificios,obra_nova,"CONSTRUTORA REMAJ LTDA — Rio Largo, 82 m2 (dono da obra, responsável)",responsável,0057,Dono da obra,RIO LARGO,PREFEITO ANTONIO L DE SOUZA,81.6,m2,2026-05-26,2026-06-08,122,3.0,120,900289239374,CNO / Receita Federal
0.0,23001832,23001832000128,CONSTRUTORA REMAJ LTDA,True,Sem relacionamento,PEQUENO PORTE,Construcao de edificios,obra_nova,"CONSTRUTORA REMAJ LTDA — Rio Largo, 80 m2 (dono da obra, responsável)",responsável,0057,Dono da obra,RIO LARGO,PREFEITO ANTONIO L DE SOUZA,79.82,m2,2026-05-26,2026-06-08,122,3.0,120,900289241179,CNO / Receita Federal
0.0,23001832,23001832000128,CONSTRUTORA REMAJ LTDA,True,Sem relacionamento,PEQUENO PORTE,Construcao de edificios,obra_nova,"CONSTRUTORA REMAJ LTDA — Rio Largo, 80 m2 (dono da obra, responsável)",responsável,0057,Dono da obra,RIO LARGO,PREFEITO ANTONIO L DE SOUZA,79.82,m2,2026-05-26,2026-06-08,122,3.0,120,900289243572,CNO / Receita Federal
0.0,23001832,23001832000128,CONSTRUTORA REMAJ LTDA,True,Sem relacionamento,PEQUENO PORTE,Construcao de edificios,obra_nova,"CONSTRUTORA REMAJ LTDA — Rio Largo, 80 m2 (dono da obra, responsável)",responsável,0057,Dono da obra,RIO LARGO,PREFEITO ANTONIO L DE SOUZA,79.82,m2,2026-05-26,2026-06-08,122,3.0,120,900289245278,CNO / Receita Federal
0.0,23001832,23001832000128,CONSTRUTORA REMAJ LTDA,True,Sem relacionamento,PEQUENO PORTE,Construcao de edificios,obra_nova,"CONSTRUTORA REMAJ LTDA — Rio Largo, 80 m2 (dono da obra, responsável)",responsável,0057,Dono da obra,RIO LARGO,PREFEITO ANTONIO L DE SOUZA,79.82,m2,2026-05-26,2026-06-08,122,3.0,120,900289249777,CNO / Receita Federal
0.0,64068374,64068374000121,DM ENGENHARIA E CONSTRUCAO LTDA,True,Sem relacionamento,PEQUENO PORTE,Servicos especializados para construcao nao especificados anteriormente,obra_nova,"CONSTRUÇAO PISCINA ESCOLA TUQUANDUBA MARECHAL DEODORO — Marechal Deodoro, 1.305 m2 (dono da obra, responsável)",responsável,0057,Dono da obra,MARECHAL DEODORO,POVOADO TUQUANDUBA,1304.66,m2,2026-05-04,2026-06-08,144,4.0,120,900289371875,CNO / Receita Federal
0.0,23085532,23085532000174,INJETEC CONSTRUCOES E SERVICOS LTDA,True,Sem relacionamento,PEQUENO PORTE,Obras de alvenaria,obra_nova,"Pavimentação, Drenagem e Sinalização Viária da Rua: Trecho São José, Zona Rural, Tanque D'Arca - AL — Tanque D'Arca, 9.165 m2 (pessoa jurídica construtora, responsável)",responsável,0053,Pessoa jurídica construtora,TANQUE D'ARCA,Zona Rural,9164.75,m2,2026-04-30,2026-06-08,148,5.0,120,900289422771,CNO / Receita Federal
0.0,04940894,04940894000231,LEANDRO FERRAZ EMPREENDIMENTOS LTDA,True,Sem relacionamento,PEQUENO PORTE,Construcao de edificios,obra_nova,"Unidade Básica de Saúde (UBS) Porte II — Delmiro Gouveia, 366 m2 (pessoa jurídica construtora, responsável)",responsável,0053,Pessoa jurídica construtora,DELMIRO GOUVEIA,ELDORADO,366.29,m2,2026-05-25,2026-06-09,123,3.0,120,900289493075,CNO / Receita Federal
0.0,11091079,11091079000120,A R ENGENHARIA E SERVICOS DE CONSTRUCAO LTDA,True,Sem relacionamento,DEMAIS,Construcao de edificios,obra_nova,"A R ENGENHARIA E SERVICOS DE CONSTRUCAO LTDA - CONTRUCAO DA PRACA MULTIECENTOS DA BARRA DE SANTO ANT — Barra De Santo Antônio, 100 m2 (dono da obra, responsável)",responsável,0057,Dono da obra,BARRA DE SANTO ANTÔNIO,CENTRO,100.0,m2,2026-04-29,2026-07-03,149,3.0,120,900294296575,CNO / Receita Federal
0.0,17464285,17464285000114,RJV EMPREENDIMENTOS E ENGENHARIA LTDA,False,,,,obra_nova,"BOCA DA MATA - AL — Boca Da Mata, 23.771 Outra (pessoa jurídica construtora, responsável)",responsável,0053,Pessoa jurídica construtora,BOCA DA MATA,MUTIRÃO,23770.64,Outra,2026-03-31,2026-07-06,178,5.0,120,900294374676,CNO / Receita Federal
0.0,37887315,37887315000102,DOREA INSTALACOES E CONSULTORIA LTDA,False,,,,obra_nova,"SMARTFIT ESCOLA DE GINASTICA E DANCA S.A — Maceió, 677 m2 (incorporador de construção civil, responsável)",responsável,0064,Incorporador de construção civil,MACEIÓ,CIDADE UNIVERSITARIA,677.24,m2,2026-05-26,2026-07-07,122,3.0,120,900294638471,CNO / Receita Federal
0.0,41157967,41157967000169,ENGENHARIA DE MATERIAIS LTDA,True,Somente SESI,DEMAIS,Construcao de edificios,obra_nova,"MANUTENCAO ASFALTICA OBRA MARECHAL CT º N° 1205.002.2026 — Marechal Deodoro, 17.182 Outra (pessoa jurídica construtora, responsável)",responsável,0053,Pessoa jurídica construtora,MARECHAL DEODORO,CENTRO,17181.9,Outra,2026-05-12,2026-07-08,136,5.0,120,900294855875,CNO / Receita Federal
0.0,46108926,46108926000104,SOLAR CONSTRUCOES LTDA,True,Sem relacionamento,PEQUENO PORTE,Construcao de edificios,obra_nova,"manutenção preventiva e corretiva bem como adequações prediais e de praças — Atalaia, 20.000 m2 (pessoa jurídica construtora, responsável)",responsável,0053,Pessoa jurídica construtora,ATALAIA,CENTRO,20000.0,m2,2026-05-19,2026-06-16,129,5.0,120,900290856573,CNO / Receita Federal
0.0,18964274,18964274000166,R. A FIREMAN CONSTRUTORA E INCORPORADORA LTDA,True,Sem relacionamento,MICRO EMPRESA,Construcao de edificios,obra_nova,"CENTRO DE ATENÇÃO PSICOSSOCIAL (CAPS) AD III — Maceió, 741 m2 (pessoa jurídica construtora, responsável)",responsável,0053,Pessoa jurídica construtora,MACEIÓ,CIDADE UNIVERSITARIA,741.23,m2,2026-05-05,2026-06-17,143,3.0,120,900291179279,CNO / Receita Federal
0.0,00338885,00338885000990,NOVATEC CONSTRUCOES E EMPREENDIMENTOS LTDA,True,Sem relacionamento,DEMAIS,Construcao de rodovias e ferrovias,obra_nova,"AL - NOV SETRAND 002/2026 RODOVIA VICINAL LIMOEIRO E TAQUARANA — Limoeiro De Anadia, 38.608 Outra (pessoa jurídica construtora, responsável)",responsável,0053,Pessoa jurídica construtora,LIMOEIRO DE ANADIA,SEM BAIRRO,38608.46,Outra,2026-05-26,2026-07-10,122,5.0,120,900295215374,CNO / Receita Federal
0.0,49557653,49557653000165,VASTRA CONSTRUTORA LTDA,True,Sem relacionamento,PEQUENO PORTE,Construcao de edificios,obra_nova,"VASTRA CONSTRUTORA LTDA — Arapiraca, 113 m2 (proprietário do imóvel, responsável)",responsável,0070,Proprietário do imóvel,ARAPIRACA,SENADOR NILO COELHO,112.76,m2,2026-05-12,2026-07-10,136,3.0,120,900295264579,CNO / Receita Federal
0.0,06034228,06034228000189,PLATAFORMA ENGENHARIA LTDA,True,Somente SENAI,DEMAIS,Construcao de edificios,obra_nova,"ESCOLA BENEDITO BENTES (CAIC) - PEDCAC — Maceió, 3.000 m2 (sociedade líder de consórcio, responsável)",responsável,0111,Sociedade líder de consórcio,MACEIÓ,BENEDITO BENTES,3000.0,m2,2026-05-05,2026-07-14,143,4.0,120,900295644578,CNO / Receita Federal
0.0,11446462,11446462000153,R J DOS SANTOS LTDA,True,Sem relacionamento,MICRO EMPRESA,"Obras de urbanizacao - ruas, pracas e calcadas",obra_nova,"R J DOS SANTOS LTDA — Canapi, 1.062 m2 (dono da obra, responsável)",responsável,0057,Dono da obra,CANAPI,CENTRO,1062.25,m2,2026-05-07,2026-07-01,141,4.0,120,900293788970,CNO / Receita Federal
0.0,39808835,39808835000108,SOLUCAO CONSTRUCOES E SERVICOS LTDA,True,Somente SENAI,DEMAIS,Servicos de engenharia,obra_nova,"SOLUCAO CONSTRUCOES E SERVICOS LTDA — Marechal Deodoro, 30.000 m2 (pessoa jurídica construtora, responsável)",responsável,0053,Pessoa jurídica construtora,MARECHAL DEODORO,CENTRO,30000.0,m2,2026-04-24,2026-07-02,154,5.0,120,900293968378,CNO / Receita Federal
0.0,34905197,34905197000120,DVL CONSTRUCAO CIVIL E LOCACAO LTDA,True,Sem relacionamento,PEQUENO PORTE,Construcao de edificios,obra_nova,"DVL CONSTRUCAO CIVIL E LOCACAO LTDA — São Sebastião, 473 m2 (pessoa jurídica construtora, responsável)",responsável,0053,Pessoa jurídica construtora,SÃO SEBASTIÃO,RANCHO ALEGRE,473.26,m2,2026-05-20,2026-07-24,128,3.0,120,900297421272,CNO / Receita Federal
0.0,19535072,19535072000161,CONSTRUTORA E M G LTDA,True,Sem relacionamento,MICRO EMPRESA,Construcao de edificios,obra_nova,"CONSTRUTORA E M G LTDA — Marechal Deodoro, 607 m2 (dono da obra, responsável)",responsável,0057,Dono da obra,MARECHAL DEODORO,ILHA DE SANTA RITA,606.83,m2,2026-05-22,2026-07-27,126,3.0,120,900297625972,CNO / Receita Federal
0.0,00796655,00796655000118,C DA C DA SILVA LTDA,True,Sem relacionamento,MICRO EMPRESA,Construcao de edificios,obra_nova,"C DA C DA SILVA  LTDA — Teotônio Vilela, 66 m2 (proprietário do imóvel, responsável)",responsável,0070,Proprietário do imóvel,TEOTÔNIO VILELA,SAO JORGE,66.0,m2,2026-04-20,2026-07-28,158,3.0,120,900297690573,CNO / Receita Federal
0.0,34348652,34348652000133,METRA CONSTRUCOES LTDA,True,Sem relacionamento,PEQUENO PORTE,Construcao de edificios,obra_nova,"METRA CONSTRUCOES LTDA — Viçosa, 1 Outra (pessoa jurídica construtora, responsável)",responsável,0053,Pessoa jurídica construtora,VIÇOSA,ZONA RURAL,1.0,Outra,2026-03-30,2026-09-04,179,3.0,120,900303861270,CNO / Receita Federal
0.0,22217896,22217896000106,(sem nome no CNO) CNPJ 22217896000106,False,,,,obra_nova,"AMORIM BARRETO ENGENHARIA LTDA — Arapiraca, 6 Outra (pessoa jurídica construtora, vínculo)",vínculo,0053,Pessoa jurídica construtora,ARAPIRACA,ZONA RURAL,6.3,Outra,2026-05-20,2026-07-23,128,3.0,120,900297125875,CNO / Receita Federal
0.0,12248522,12248522000196,(sem nome no CNO) CNPJ 12248522000196,False,,,,obra_nova,"RVV CONSTRUCOES E EMPREENDIMENTOS LTDA — Maragogi, 200 m2 (pessoa jurídica construtora, vínculo)",vínculo,0053,Pessoa jurídica construtora,MARAGOGI,Loteamento Portal de Maragogi,200.0,m2,2026-05-05,2026-07-29,143,3.0,120,900298018574,CNO / Receita Federal
0.0,18286438,18286438000143,CONSTRUTORA NOVO HORIZONTE LTDA,True,Sem relacionamento,DEMAIS,Construcao de edificios,obra_nova,"CONSTRUTORA NOVO HORIZONTE LTDA — Junqueiro, 4.608 m2 (incorporador de construção civil, responsável)",responsável,0064,Incorporador de construção civil,JUNQUEIRO,GILBERTO PEREIRA,4607.69,m2,2026-04-06,2026-07-29,172,4.0,120,900297972474,CNO / Receita Federal
0.0,04895340,04895340000189,RVV CONSTRUCOES E EMPREENDIMENTOS LTDA,False,,,,obra_nova,"RVV CONSTRUCOES E EMPREENDIMENTOS LTDA — Maragogi, 200 m2 (pessoa jurídica construtora, responsável)",responsável,0053,Pessoa jurídica construtora,MARAGOGI,Loteamento Portal de Maragogi,200.0,m2,2026-05-05,2026-07-29,143,3.0,120,900298018574,CNO / Receita Federal
0.0,41160680,41160680000198,F . P . CONSTRUTORA LTDA,True,SESI + SENAI,DEMAIS,Obras de terraplenagem,obra_nova,"IMPLANTAÇÃO E PAVIMENTAÇÃO DA RODOVIA - AL 201. TRECHO CAMPESTRE A JACUIPE — Jacuípe, 15 km (pessoa jurídica construtora, responsável)",responsável,0053,Pessoa jurídica construtora,JACUÍPE,CENTRO,14.67,km,2026-05-20,2026-08-28,128,3.0,120,900302754874,CNO / Receita Federal
0.0,03318115,03318115000117,AMORIM BARRETO ENGENHARIA LTDA,True,Sem relacionamento,DEMAIS,Construcao de rodovias e ferrovias,obra_nova,"AMORIM BARRETO ENGENHARIA LTDA — Arapiraca, 6 Outra (pessoa jurídica construtora, responsável)",responsável,0053,Pessoa jurídica construtora,ARAPIRACA,ZONA RURAL,6.3,Outra,2026-05-20,2026-07-23,128,3.0,120,900297125875,CNO / Receita Federal
0.0,35335154,35335154000119,DBN - DEBONI SISTEMAS CONSTRUTIVOS LTDA,True,Sem relacionamento,DEMAIS,Construcao de edificios,obra_nova,"DBN-DEBONI SIST CONST LTDA-CRECHE CRIA-SANTANA DO IPANEMA II — Santana Do Ipanema, 811 m2 (pessoa jurídica construtora, responsável)",responsável,0053,Pessoa jurídica construtora,SANTANA DO IPANEMA,MONUMENTO,811.46,m2,2026-05-19,2026-05-28,129,3.0,120,900287925176,CNO / Receita Federal
0.0,08563493,08563493000180,J R MELO DE LIMA,False,,,,obra_nova,"J R MELO DE LIMA — Maceió, 620 Outra (proprietário do imóvel, responsável)",responsável,0070,Proprietário do imóvel,MACEIÓ,PITANGUINHA,620.0,Outra,2026-04-15,2026-05-28,163,3.0,120,900287959879,CNO / Receita Federal
0.0,20359020,20359020000160,"ENZFLUOR COMERCIO, SERVICOS E TECNOLOGIA LTDA",True,Sem relacionamento,MICRO EMPRESA,Outras obras de engenharia civil nao especificadas anteriormente,obra_nova,"ENZFLUOR COMERCIO, SERVICOS E TECNOLOGIA LTDA — Ibateguara, 20.000 Outra (pessoa jurídica construtora, responsável)",responsável,0053,Pessoa jurídica construtora,IBATEGUARA,SERRA DA CATITA,20000.0,Outra,2026-05-28,2026-05-28,120,5.0,120,900288021975,CNO / Receita Federal
0.0,32410406,32410406000139,ENGNORD CONSTRUCOES E SERVICOS LTDA,False,,,,obra_nova,"ENGNORD CONSTRUCOES E SERVICOS LTDA — Feira Grande, 680 m2 (pessoa jurídica construtora, responsável)",responsável,0053,Pessoa jurídica construtora,FEIRA GRANDE,CENTRO,680.5,m2,2026-03-31,2026-05-29,178,3.0,120,900288154371,CNO / Receita Federal
0.0,08418714,08418714000126,VEGAS CONSTRUCAO CIVIL E LOCACOES LTDA,False,,,,obra_nova,"BLOCO DE SALAS DE AULA CAMPUS ARAPIRACA — Arapiraca, 5.600 m2 (pessoa jurídica construtora, responsável)",responsável,0053,Pessoa jurídica construtora,ARAPIRACA,BOM SUCESSO,5600.0,m2,2026-05-07,2026-05-29,141,5.0,120,900288156374,CNO / Receita Federal
0.0,08418714,08418714000126,VEGAS CONSTRUCAO CIVIL E LOCACOES LTDA,False,,,,obra_nova,"CONSTRUÇAO DO BLOCO DE SALAS DE AULA DO CECA/ UFAL — Rio Largo, 3.798 m2 (pessoa jurídica construtora, responsável)",responsável,0053,Pessoa jurídica construtora,RIO LARGO,MATA DO ROLO,3798.0,m2,2026-04-22,2026-05-29,156,4.0,120,900288157770,CNO / Receita Federal
0.0,07343582,07343582000158,MC CONSTRUCOES E ASSESSORIA LTDA,True,Sem relacionamento,PEQUENO PORTE,Construcao de edificios,obra_nova,"MC CONSTRUCOES E ASSESSORIA LTDA — Palestina, 390 m2 (pessoa jurídica construtora, responsável)",responsável,0053,Pessoa jurídica construtora,PALESTINA,CENTRO,389.78,m2,2026-05-22,2026-06-01,126,3.0,120,900288377877,CNO / Receita Federal
0.0,16920473,16920473000147,PROGRESSO CONSTRUTORA E INCORPORADORA LTDA,True,Sem relacionamento,PEQUENO PORTE,Construcao de edificios,obra_nova,"PROGRESSO CONSTRUTORA E INCORPORADORA LTDA — Girau Do Ponciano, 158 m2 (dono da obra, responsável)",responsável,0057,Dono da obra,GIRAU DO PONCIANO,PROGRESSO,157.7,m2,2026-05-18,2026-06-03,130,3.0,120,900288809073,CNO / Receita Federal
0.0,55995354,55995354000105,AMSSANTO LTDA,True,Sem relacionamento,MICRO EMPRESA,Construcao de edificios,obra_nova,"SHOPPING PATACHO — Porto De Pedras, 1.155 m2 (pessoa jurídica construtora, responsável)",responsável,0053,Pessoa jurídica construtora,PORTO DE PEDRAS,PATACHO,1155.36,m2,2026-05-18,2026-06-05,130,4.0,120,900289064670,CNO / Receita Federal
0.0,23001832,23001832000128,CONSTRUTORA REMAJ LTDA,True,Sem relacionamento,PEQUENO PORTE,Construcao de edificios,obra_nova,"CONSTRUTORA REMAJ LTDA — Rio Largo, 72 m2 (dono da obra, responsável)",responsável,0057,Dono da obra,RIO LARGO,PREFEITO ANTONIO L DE SOUZA,72.42,m2,2026-05-26,2026-06-08,122,3.0,120,900289220770,CNO / Receita Federal
0.0,08660797,08660797000165,ALGARVE EMPREENDIMENTOS LTDA,False,,,,obra_nova,"ALGARVE EMPREENDIMENTOS LTDA — Maragogi, 3.966 m2 (dono da obra, responsável)",responsável,0057,Dono da obra,MARAGOGI,BARRA GRANDE,3965.91,m2,2026-05-08,2026-08-03,140,4.0,120,900298713573,CNO / Receita Federal
0.0,12618959,12618959000174,E A F CONSTRUCOES LTDA,True,Sem relacionamento,PEQUENO PORTE,Construcao de edificios,obra_nova,"E A F CONSTRUCOES LTDA — Marechal Deodoro, 386 m2 (dono da obra, responsável)",responsável,0057,Dono da obra,MARECHAL DEODORO,ILHA DE SANTA RITA,385.69,m2,2026-05-27,2026-08-04,121,3.0,120,900298777570,CNO / Receita Federal
0.0,59589569,59589569000187,VILLA TERRUA SPE LTDA,True,Sem relacionamento,DEMAIS,Incorporacao de empreendimentos imobiliarios,obra_nova,"VILLA TERRUA SPE LTDA — Porto De Pedras, 668 m2 (proprietário do imóvel, responsável)",responsável,0070,Proprietário do imóvel,PORTO DE PEDRAS,DISTRITO DE TATUAMUNHA,668.13,m2,2026-04-23,2026-08-06,155,3.0,120,900299213279,CNO / Receita Federal
0.0,39808835,39808835000108,SOLUCAO CONSTRUCOES E SERVICOS LTDA,True,Somente SENAI,DEMAIS,Servicos de engenharia,obra_nova,"SOLUCAO CONSTRUCOES E SERVICOS LTDA — Atalaia, 60.000 m2 (pessoa jurídica construtora, responsável)",responsável,0053,Pessoa jurídica construtora,ATALAIA,VILA JOSÉ PAULINO,60000.0,m2,2026-05-18,2026-08-25,130,5.0,120,900302018179,CNO / Receita Federal
0.0,43467841,43467841000116,RODCON SERVICOS UNIPESSOAL LTDA,True,Sem relacionamento,MICRO EMPRESA,Servicos de engenharia,obra_nova,"RODCON SERVICOS UNIPESSOAL LTDA — Joaquim Gomes, 844 m2 (dono da obra, responsável)",responsável,0057,Dono da obra,JOAQUIM GOMES,BR 101,843.89,m2,2026-05-20,2026-07-30,128,3.0,120,900298227476,CNO / Receita Federal
0.0,43467841,43467841000116,RODCON SERVICOS UNIPESSOAL LTDA,True,Sem relacionamento,MICRO EMPRESA,Servicos de engenharia,obra_nova,"RODCON SERVICOS UNIPESSOAL LTDA — São Sebastião, 287 m2 (dono da obra, responsável)",responsável,0057,Dono da obra,SÃO SEBASTIÃO,SAO SEBASTIAO,286.98,m2,2026-05-20,2026-07-30,128,3.0,120,900298230176,CNO / Receita Federal
0.0,12342655,12342655000127,(sem nome no CNO) CNPJ 12342655000127,False,,,,obra_nova,"CONSTRUÇÃO DE RETOMADA DA UNIDADE BÁSICA DE SAÚDE — Passo De Camaragibe, 0 Outra (pessoa jurídica construtora, vínculo)",vínculo,0053,Pessoa jurídica construtora,PASSO DE CAMARAGIBE,CENTRO,0.01,Outra,2026-05-28,2026-08-11,120,3.0,120,900299761073,CNO / Receita Federal
0.0,08298136,08298136000131,R M K F CONSTRUCOES E PROJETOS LTDA,False,,,,obra_nova,"LOTE 1- ESCOLA MUNICIPAL DE EDUCAÇÃO BÁSICA JOSÉ CORREIA DOS SANTOS — Delmiro Gouveia, 1.402 m2 (pessoa jurídica construtora, responsável)",responsável,0053,Pessoa jurídica construtora,DELMIRO GOUVEIA,ZONA RURAL,1401.53,m2,2026-05-06,2026-05-13,142,4.0,120,900285647072,CNO / Receita Federal
0.0,33765202,33765202000183,J A S SERVICOS E LOCACOES LTDA,False,,,,obra_nova,"Serviços de Perfuração e Instalação de Poços Tubulares no Município de Igaci - PE — Igaci, 19 Outra (pessoa jurídica construtora, responsável)",responsável,0053,Pessoa jurídica construtora,IGACI,DIVERSOS,19.0,Outra,2026-04-28,2026-05-13,150,3.0,120,900285700172,CNO / Receita Federal
0.0,13829465,13829465000100,A J PROJETOS E CONSTRUCOES LTDA,False,,,,obra_nova,"A J PROJETOS E CONSTRUCOES LTDA — São Miguel Dos Campos, 107 m2 (pessoa jurídica construtora, responsável)",responsável,0053,Pessoa jurídica construtora,SÃO MIGUEL DOS CAMPOS,LOTEAMENTO CANTO DA SAUDADE,106.58,m2,2026-05-18,2026-05-18,130,3.0,120,900286224374,CNO / Receita Federal
0.0,05786268,05786268000114,CRITERIO ENGENHARIA - EM RECUPERACAO JUDICIAL LTDA,True,Sem relacionamento,PEQUENO PORTE,Construcao de edificios,obra_nova,"UNIDADE BÁSICA DE SAÚDE (UBS) PENEDO/AL — Penedo, 780 m2 (pessoa jurídica construtora, responsável)",responsável,0053,Pessoa jurídica construtora,PENEDO,ZONA URBANA,779.56,m2,2026-05-08,2026-05-19,140,3.0,120,900286314871,CNO / Receita Federal
0.0,51393615,51393615000166,LN CONSTRUCOES E SERVICOS LTDA,True,Sem relacionamento,PEQUENO PORTE,Outras obras de engenharia civil nao especificadas anteriormente,obra_nova,"MANUTENÇÃO DA ESCOLA CAPITÃO DOMINGOS — Dois Riachos, 403 m2 (pessoa jurídica construtora, responsável)",responsável,0053,Pessoa jurídica construtora,DOIS RIACHOS,Zona Rural,403.41,m2,2026-04-09,2026-05-19,169,3.0,120,900286497273,CNO / Receita Federal
0.0,51393615,51393615000166,LN CONSTRUCOES E SERVICOS LTDA,True,Sem relacionamento,PEQUENO PORTE,Outras obras de engenharia civil nao especificadas anteriormente,obra_nova,"MANUTENÇÃO DA ESCOLA MIGUEL VIEIRA — Dois Riachos, 302 m2 (pessoa jurídica construtora, responsável)",responsável,0053,Pessoa jurídica construtora,DOIS RIACHOS,CENTRO,302.42,m2,2026-04-09,2026-05-19,169,3.0,120,900286499870,CNO / Receita Federal
0.0,11159179,11159179000140,L T CONSTRUTORA LTDA,True,Sem relacionamento,PEQUENO PORTE,Construcao de edificios,obra_nova,"L T CONSTRUTORA LTDA — Coruripe, 179 m2 (dono da obra, responsável)",responsável,0057,Dono da obra,CORURIPE,DISTRITO DO PONTAL DE CORURIPE,179.19,m2,2026-05-01,2026-05-21,147,3.0,120,900286782375,CNO / Receita Federal
0.0,07109019,07109019000110,JK LOCACOES CONSTRUCOES E TRANSQUIMICA LTDA,False,,,,obra_nova,"JK LOCACOES CONSTRUCOES E TRANSQUIMICA LTDA — Maceió, 90.772 m3 (pessoa jurídica construtora, responsável)",responsável,0053,Pessoa jurídica construtora,MACEIÓ,CENTRO,90772.5,m3,2026-05-11,2026-05-21,137,5.0,120,900286899477,CNO / Receita Federal
0.0,28249661,28249661000174,MOURACO DISTRIBUIDORA DE MATERIAIS DE CONSTRUCAO LTDA,False,,,,obra_nova,"MOURACO DISTRIBUIDORA DE MATERIAIS DE CONSTRUCAO LTDA — Palmeira Dos Índios, 1.200 m2 (proprietário do imóvel, responsável)",responsável,0070,Proprietário do imóvel,PALMEIRA DOS ÍNDIOS,SONHO VERDE,1200.0,m2,2026-04-01,2026-05-25,177,4.0,120,900287364272,CNO / Receita Federal
0.0,49606655,49606655000105,"GRUPO RZ - ARQUITETURA, ENGENHARIA E CONSTRUCAO LTDA",True,Sem relacionamento,PEQUENO PORTE,Servicos de engenharia,obra_nova,"Reforma, ampliação e adequação de acessibilidade no prédio da sede administrativa e Superintendência — Maceió, 1.297 m2 (pessoa jurídica construtora, responsável)",responsável,0053,Pessoa jurídica construtora,MACEIÓ,PAJUCARA,1297.18,m2,2026-05-11,2026-05-25,137,4.0,120,900287367773,CNO / Receita Federal
0.0,04234822,04234822000198,ALICERCE CONSTRUTORA LTDA,True,Sem relacionamento,PEQUENO PORTE,Construcao de edificios,obra_nova,"ALICERCE CONSTRUTORA LTDA — Anadia, 550 m2 (pessoa jurídica construtora, responsável)",responsável,0053,Pessoa jurídica construtora,ANADIA,CENTRO,550.01,m2,2026-04-02,2026-05-25,176,3.0,120,900287396572,CNO / Receita Federal
0.0,56379643,56379643000142,GL INVESTIMENTOS E PARTICIPACOES LTDA,False,,,,obra_nova,"GL INVESTIMENTOS E PARTICIPACOES LTDA — Passo De Camaragibe, 294 m2 (dono da obra, responsável)",responsável,0057,Dono da obra,PASSO DE CAMARAGIBE,LOTEAMENTO RESERVA PORANGATU,293.84,m2,2026-05-18,2026-05-26,130,3.0,120,900287435175,CNO / Receita Federal
0.0,66535382,66535382000166,ALTO DO FAROL EMPREENDIMENTO IMOBILIARIO SPE LTDA,False,,,,obra_nova,"ALTO DO FAROL EMPREENDIMENTO IMOBILIARIO SPE LTDA — Maceió, 5.706 m2 (dono da obra, responsável)",responsável,0057,Dono da obra,MACEIÓ,PITANGUINHA,5705.9,m2,2026-05-26,2026-05-26,122,5.0,120,900287468677,CNO / Receita Federal
0.0,00338885,00338885000990,NOVATEC CONSTRUCOES E EMPREENDIMENTOS LTDA,True,Sem relacionamento,DEMAIS,Construcao de rodovias e ferrovias,obra_nova,"AL - NOV PMFG 001/26 PAV NOVO ACESSO RODOVIÁRIO FEIRA GRANDE — Feira Grande, 7.405 Outra (pessoa jurídica construtora, responsável)",responsável,0053,Pessoa jurídica construtora,FEIRA GRANDE,SEM BAIRRO,7404.81,Outra,2026-05-25,2026-05-28,123,5.0,120,900287872174,CNO / Receita Federal
0.0,35335154,35335154000119,DBN - DEBONI SISTEMAS CONSTRUTIVOS LTDA,True,Sem relacionamento,DEMAIS,Construcao de edificios,obra_nova,"DBN-DEBONI SIST CONST LTDA-CENTRAL INTEGRADA DA MULHER — Maceió, 329 m2 (pessoa jurídica construtora, responsável)",responsável,0053,Pessoa jurídica construtora,MACEIÓ,BENEDITO BENTES,328.77,m2,2026-05-18,2026-05-28,130,3.0,120,900287917074,CNO / Receita Federal
0.0,35335154,35335154000119,DBN - DEBONI SISTEMAS CONSTRUTIVOS LTDA,True,Sem relacionamento,DEMAIS,Construcao de edificios,obra_nova,"DBN - DEBONI SIST CONST LTDA-CRECHE CRIA-BELO MONTE — Belo Monte, 811 m2 (pessoa jurídica construtora, responsável)",responsável,0053,Pessoa jurídica construtora,BELO MONTE,ZONA RURAL,811.46,m2,2026-05-19,2026-05-28,129,3.0,120,900287918470,CNO / Receita Federal
0.0,12200275,12200275000158,(sem nome no CNO) CNPJ 12200275000158,False,,,,obra_nova,"LC ENGENHARIA E EMPREENDIMENTOS LTDA — Marechal Deodoro, 2.426 Outra (pessoa jurídica construtora, vínculo)",vínculo,0053,Pessoa jurídica construtora,MARECHAL DEODORO,ESTIVAS,2426.48,Outra,2026-05-15,2026-08-18,133,4.0,120,900300946272,CNO / Receita Federal
0.0,12092124,12092124000123,(sem nome no CNO) CNPJ 12092124000123,False,,,,obra_nova,"TIAGO ALVES DA SILVA LTDA — Pariconha, 72 m2 (pessoa jurídica construtora, vínculo)",vínculo,0053,Pessoa jurídica construtora,PARICONHA,ZONA RURAL,72.05,m2,2026-05-06,2026-08-20,142,3.0,120,900301445177,CNO / Receita Federal
0.0,03614296,03614296000129,TORRES CONSTRUCOES & EMPREENDIMENTOS LTDA,True,Sem relacionamento,PEQUENO PORTE,Construcao de edificios,obra_nova,"TORRES CONSTRUCOES & EMPREENDIMENTOS LTDA — Rio Largo, 135 m2 (dono da obra, responsável)",responsável,0057,Dono da obra,RIO LARGO,MATA DA ROLO,135.0,m2,2026-05-01,2026-05-08,147,3.0,120,900285034372,CNO / Receita Federal
0.0,00338885,00338885000990,NOVATEC CONSTRUCOES E EMPREENDIMENTOS LTDA,True,Sem relacionamento,DEMAIS,Construcao de rodovias e ferrovias,obra_nova,"AL - NOV SETRAND 008/26 ACESSO POTENGY — Piaçabuçu, 22.339 Outra (pessoa jurídica construtora, responsável)",responsável,0053,Pessoa jurídica construtora,PIAÇABUÇU,POVOADO DE POTENGY,22338.97,Outra,2026-03-30,2026-05-11,179,5.0,120,900285114578,CNO / Receita Federal
0.0,00338885,00338885000990,NOVATEC CONSTRUCOES E EMPREENDIMENTOS LTDA,True,Sem relacionamento,DEMAIS,Construcao de rodovias e ferrovias,obra_nova,"AL - NOV SETRAND 010/26 ACESSO POVOADO CAPIM GROSSO POVOADO ESTRADA — Porto Real Do Colégio, 35.996 Outra (pessoa jurídica construtora, responsável)",responsável,0053,Pessoa jurídica construtora,PORTO REAL DO COLÉGIO,Povoado Capim  Grosso e Povoado Entrada,35995.62,Outra,2026-04-27,2026-05-11,151,5.0,120,900285116479,CNO / Receita Federal
0.0,55699378,55699378000117,CONSORCIO CRECHES SEDUC/AL 2024.,True,Somente SENAI,DEMAIS,Construcao de edificios,obra_nova,"CRECHES SEDUC 2024 - NOVO LINO - CT - 09/2025 — Novo Lino, 840 m2 (consórcio, responsável)",responsável,0109,Consórcio,NOVO LINO,ZONA RURAL,840.0,m2,2026-04-22,2026-05-11,156,3.0,120,900285145176,CNO / Receita Federal
0.0,55699378,55699378000117,CONSORCIO CRECHES SEDUC/AL 2024.,True,Somente SENAI,DEMAIS,Construcao de edificios,obra_nova,"CRECHES SEDUC 2024 - IGREJA NOVA - CT - 09/2025 — Igreja Nova, 840 m2 (consórcio, responsável)",responsável,0109,Consórcio,IGREJA NOVA,ZONA RURAL,840.0,m2,2026-04-22,2026-05-11,156,3.0,120,900285147077,CNO / Receita Federal
0.0,22576047,22576047000130,SPS CONSTRUCOES E EMPREENDIMENTOS LTDA,True,Sem relacionamento,PEQUENO PORTE,Construcao de edificios,obra_nova,"Piscina Semiolímpica SSP/AL — Maceió, 1.400 m2 (pessoa jurídica construtora, responsável)",responsável,0053,Pessoa jurídica construtora,MACEIÓ,TRAPICHE DA BARRA,1400.0,m2,2026-05-11,2026-05-12,137,4.0,120,900285407971,CNO / Receita Federal
0.0,70000435,70000435000111,MARCA CONSTRUTORA LTDA,True,Sem relacionamento,DEMAIS,Incorporacao de empreendimentos imobiliarios,obra_nova,"EDIFICIO ESSENCE — Maceió, 15.806 m2 (proprietário do imóvel, responsável)",responsável,0070,Proprietário do imóvel,MACEIÓ,JATIUCA,15805.54,m2,2026-04-07,2026-04-08,171,5.0,120,900281100475,CNO / Receita Federal
0.0,57829840,57829840000189,CONSTRUTORA ABENCOADA LTDA,True,Sem relacionamento,MICRO EMPRESA,Construcao de edificios,obra_nova,"CONSTRUTORA ABENCOADA LTDA — Maribondo, 66 m2 (proprietário do imóvel, responsável)",responsável,0070,Proprietário do imóvel,MARIBONDO,CENTRO,66.15,m2,2026-05-27,2026-08-12,121,3.0,120,900300127578,CNO / Receita Federal
0.0,09191102,09191102000106,STANZA INCORPORACAO E CONSTRUCAO LTDA,True,Sem relacionamento,DEMAIS,Incorporacao de empreendimentos imobiliarios,obra_nova,"VIAMAR — Maceió, 36.204 m2 (dono da obra, responsável)",responsável,0057,Dono da obra,MACEIÓ,BARRO DURO,36204.39,m2,2026-05-25,2026-08-17,123,5.0,120,900300670573,CNO / Receita Federal
0.0,38240209,38240209000103,LC ENGENHARIA E EMPREENDIMENTOS LTDA,True,Somente SENAI,DEMAIS,Construcao de edificios,obra_nova,"LC ENGENHARIA E EMPREENDIMENTOS LTDA — Marechal Deodoro, 2.426 Outra (pessoa jurídica construtora, responsável)",responsável,0053,Pessoa jurídica construtora,MARECHAL DEODORO,ESTIVAS,2426.48,Outra,2026-05-15,2026-08-18,133,4.0,120,900300946272,CNO / Receita Federal
0.0,41349474,41349474000120,MORIAH ENGENHARIA E CONSTRUCOES LTDA,True,Sem relacionamento,PEQUENO PORTE,Construcao de edificios,obra_nova,"MORIAH ENGENHARIA E CONSTRUCOES LTDA — Coruripe, 73 m2 (pessoa jurídica construtora, responsável)",responsável,0053,Pessoa jurídica construtora,CORURIPE,Comendador Térc. Wanderley,73.12,m2,2026-05-04,2026-08-20,144,3.0,120,900301372270,CNO / Receita Federal
0.0,29641767,29641767000181,TIAGO ALVES DA SILVA LTDA,True,Sem relacionamento,PEQUENO PORTE,Servicos de engenharia,obra_nova,"TIAGO ALVES DA SILVA LTDA — Pariconha, 72 m2 (pessoa jurídica construtora, responsável)",responsável,0053,Pessoa jurídica construtora,PARICONHA,ZONA RURAL,72.05,m2,2026-05-06,2026-08-20,142,3.0,120,900301445177,CNO / Receita Federal
0.0,18174673,18174673000123,C4 CONSTRUCOES E INCORPORACOES LTDA,True,Sem relacionamento,PEQUENO PORTE,Construcao de edificios,obra_nova,"C4 CONSTRUCOES E INCORPORACOES LTDA — Campo Alegre, 60 m2 (dono da obra, responsável)",responsável,0057,Dono da obra,CAMPO ALEGRE,PARQUE RESIDENCIAL VISTA ALEGRE,60.0,m2,2026-04-05,2026-08-07,173,3.0,120,900299343074,CNO / Receita Federal
0.0,23202729,23202729000146,MCZ CONSTRUCOES E INCORPORACOES LTDA,True,Sem relacionamento,PEQUENO PORTE,Construcao de edificios,obra_nova,"CONSTRUÇÃO DE RETOMADA DA UNIDADE BÁSICA DE SAÚDE — Passo De Camaragibe, 0 Outra (pessoa jurídica construtora, responsável)",responsável,0053,Pessoa jurídica construtora,PASSO DE CAMARAGIBE,CENTRO,0.01,Outra,2026-05-28,2026-08-11,120,3.0,120,900299761073,CNO / Receita Federal
0.0,08298136,08298136000131,R M K F CONSTRUCOES E PROJETOS LTDA,False,,,,obra_nova,"LOTE 2 - ESCOLA MUNICIPAL DE EDUCAÇÃO BÁSICA ELIZEU NORBERTO — Delmiro Gouveia, 1.534 m2 (pessoa jurídica construtora, responsável)",responsável,0053,Pessoa jurídica construtora,DELMIRO GOUVEIA,Bom Sussego,1534.42,m2,2026-05-06,2026-05-12,142,4.0,120,900285468374,CNO / Receita Federal
0.0,52426395,52426395000192,PLUS CONTRUCOES E EMPREENDIMENTOS LTDA,True,Sem relacionamento,MICRO EMPRESA,Construcao de edificios,obra_nova,"CASA MUNDAÚ, CONDOMINIO ANGATU — Marechal Deodoro, 235 m2 (dono da obra, responsável)",responsável,0057,Dono da obra,MARECHAL DEODORO,POVOADO ILHA DE SANTA RITA,234.66,m2,2026-05-02,2026-05-12,146,3.0,120,900285502076,CNO / Receita Federal
0.0,26761178,26761178000149,C L SANTOS & CIA LTDA,True,Sem relacionamento,PEQUENO PORTE,Construcao de edificios,obra_nova,"EXECUÇÃO DA CONSTRUÇÃO DE CENTRO DE ATENÇÃO PSICOSSOCIAL (CAPS) PORTE I — Penedo, 565 Outra (incorporador de construção civil, responsável)",responsável,0064,Incorporador de construção civil,PENEDO,SANTA LUZIA,565.0,Outra,2026-05-12,2026-05-13,136,3.0,120,900285533871,CNO / Receita Federal
0.0,08298136,08298136000131,R M K F CONSTRUCOES E PROJETOS LTDA,False,,,,obra_nova,"LOTE 3 - ESCOLA MUNICIPAL DE EDUCAÇÃO BÁSICA DOUTOR ANTENOR CORREIA SERPA — Delmiro Gouveia, 757 m2 (pessoa jurídica construtora, responsável)",responsável,0053,Pessoa jurídica construtora,DELMIRO GOUVEIA,ZONA RURAL,756.55,m2,2026-05-06,2026-05-13,142,3.0,120,900285597970,CNO / Receita Federal
0.0,08298136,08298136000131,R M K F CONSTRUCOES E PROJETOS LTDA,False,,,,obra_nova,"LOTE 4 - ESCOLA MUNICIPAL DE EDUAÇÃO BÁSICA JUSCELINO KUBSTICHEK — Delmiro Gouveia, 702 m2 (pessoa jurídica construtora, responsável)",responsável,0053,Pessoa jurídica construtora,DELMIRO GOUVEIA,ZONA RURAL,702.2,m2,2026-05-06,2026-05-13,142,3.0,120,900285601272,CNO / Receita Federal
0.0,08298136,08298136000131,R M K F CONSTRUCOES E PROJETOS LTDA,False,,,,obra_nova,"LOTE 5 - ESCOLA MUNICIPAL DE EDUCAÇÃO BÁSICA DIVANI MARIA VIEIRA GOMES — Delmiro Gouveia, 717 m2 (pessoa jurídica construtora, responsável)",responsável,0053,Pessoa jurídica construtora,DELMIRO GOUVEIA,DISTRITO BARRAGEM LESTE,716.95,m2,2026-05-06,2026-05-13,142,3.0,120,900285604170,CNO / Receita Federal
0.0,08298136,08298136000131,R M K F CONSTRUCOES E PROJETOS LTDA,False,,,,obra_nova,"LOTE 6 - ESCOLA MUNICIPAL DE EDUCAÇÃO BÁSICA CASTRO ALVES — Delmiro Gouveia, 587 m2 (pessoa jurídica construtora, responsável)",responsável,0053,Pessoa jurídica construtora,DELMIRO GOUVEIA,ZONA RURAL,586.72,m2,2026-05-06,2026-05-13,142,3.0,120,900285625174,CNO / Receita Federal
0.0,08298136,08298136000131,R M K F CONSTRUCOES E PROJETOS LTDA,False,,,,obra_nova,"LOTE 7 - ESCOLA MUNICIPAL DE EDUCAÇÃO BÁSICA ROSALVO JOSÉ DE SOUZA — Delmiro Gouveia, 1.560 m2 (pessoa jurídica construtora, responsável)",responsável,0053,Pessoa jurídica construtora,DELMIRO GOUVEIA,PEDRA VELHA,1559.83,m2,2026-05-06,2026-05-13,142,4.0,120,900285639276,CNO / Receita Federal
0.0,08298136,08298136000131,R M K F CONSTRUCOES E PROJETOS LTDA,False,,,,obra_nova,"LOTE 8 - ESCOLA DE EDUCAÇÃO BÁSICA JUVINIANO BEZERRA DE SOUZA — Delmiro Gouveia, 525 m2 (pessoa jurídica construtora, responsável)",responsável,0053,Pessoa jurídica construtora,DELMIRO GOUVEIA,ZONA RURAL,525.47,m2,2026-05-06,2026-05-13,142,3.0,120,900285642477,CNO / Receita Federal
0.0,21023674,21023674000181,M.F. ENGENHARIA LTDA,False,,,,obra_nova,"M.F. ENGENHARIA LTDA — Maceió, 250 m2 (pessoa jurídica construtora, responsável)",responsável,0053,Pessoa jurídica construtora,MACEIÓ,SANTA LUCIA,250.0,m2,2026-05-13,2026-05-13,135,3.0,120,900285646372,CNO / Receita Federal
0.0,12200143,12200143000126,(sem nome no CNO) CNPJ 12200143000126,False,,,,obra_nova,"SOLUCAO CONSTRUCOES E SERVICOS LTDA — Atalaia, 60.000 m2 (pessoa jurídica construtora, vínculo)",vínculo,0053,Pessoa jurídica construtora,ATALAIA,VILA JOSÉ PAULINO,60000.0,m2,2026-05-18,2026-08-25,130,5.0,120,900302018179,CNO / Receita Federal
0.0,12201034,12201034000123,(sem nome no CNO) CNPJ 12201034000123,False,,,,obra_nova,"IMPLANTAÇÃO E PAVIMENTAÇÃO DA RODOVIA - AL 201. TRECHO CAMPESTRE A JACUIPE — Jacuípe, 15 km (pessoa jurídica construtora, vínculo)",vínculo,0053,Pessoa jurídica construtora,JACUÍPE,CENTRO,14.67,km,2026-05-20,2026-08-28,128,3.0,120,900302754874,CNO / Receita Federal
0.0,23001832,23001832000128,CONSTRUTORA REMAJ LTDA,True,Sem relacionamento,PEQUENO PORTE,Construcao de edificios,obra_nova,"CONSTRUTORA REMAJ LTDA — Rio Largo, 78 m2 (dono da obra, responsável)",responsável,0057,Dono da obra,RIO LARGO,PREFEITO ANTONIO L DE SOUZA,78.24,m2,2026-05-05,2026-05-06,143,3.0,120,900284676671,CNO / Receita Federal
0.0,23001832,23001832000128,CONSTRUTORA REMAJ LTDA,True,Sem relacionamento,PEQUENO PORTE,Construcao de edificios,obra_nova,"CONSTRUTORA REMAJ LTDA — Rio Largo, 87 m2 (dono da obra, responsável)",responsável,0057,Dono da obra,RIO LARGO,PREFEITO ANTONIO L DE SOUZA,87.2,m2,2026-05-05,2026-05-06,143,3.0,120,900284677371,CNO / Receita Federal
0.0,23001832,23001832000128,CONSTRUTORA REMAJ LTDA,True,Sem relacionamento,PEQUENO PORTE,Construcao de edificios,obra_nova,"CONSTRUTORA REMAJ LTDA — Rio Largo, 72 m2 (dono da obra, responsável)",responsável,0057,Dono da obra,RIO LARGO,PREFEITO ANTONIO L DE SOUZA,72.42,m2,2026-05-05,2026-05-06,143,3.0,120,900284677770,CNO / Receita Federal
0.0,23001832,23001832000128,CONSTRUTORA REMAJ LTDA,True,Sem relacionamento,PEQUENO PORTE,Construcao de edificios,obra_nova,"CONSTRUTORA REMAJ LTDA — Rio Largo, 96 m2 (dono da obra, responsável)",responsável,0057,Dono da obra,RIO LARGO,PREFEITO ANTONIO L DE SOUZA,96.2,m2,2026-05-05,2026-05-06,143,3.0,120,900284678572,CNO / Receita Federal
0.0,23001832,23001832000128,CONSTRUTORA REMAJ LTDA,True,Sem relacionamento,PEQUENO PORTE,Construcao de edificios,obra_nova,"CONSTRUTORA REMAJ LTDA — Rio Largo, 94 m2 (dono da obra, responsável)",responsável,0057,Dono da obra,RIO LARGO,PREFEITO ANTONIO L DE SOUZA,94.45,m2,2026-05-05,2026-05-06,143,3.0,120,900284679170,CNO / Receita Federal
0.0,23001832,23001832000128,CONSTRUTORA REMAJ LTDA,True,Sem relacionamento,PEQUENO PORTE,Construcao de edificios,obra_nova,"CONSTRUTORA REMAJ LTDA — Rio Largo, 80 m2 (dono da obra, responsável)",responsável,0057,Dono da obra,RIO LARGO,PREFEITO ANTONIO L DE SOUZA,80.5,m2,2026-05-05,2026-05-06,143,3.0,120,900284679876,CNO / Receita Federal
0.0,23001832,23001832000128,CONSTRUTORA REMAJ LTDA,True,Sem relacionamento,PEQUENO PORTE,Construcao de edificios,obra_nova,"CONSTRUTORA REMAJ LTDA — Rio Largo, 81 m2 (dono da obra, responsável)",responsável,0057,Dono da obra,RIO LARGO,PREFEITO ANTONIO L DE SOUZA,81.0,m2,2026-05-05,2026-05-06,143,3.0,120,900284680377,CNO / Receita Federal
0.0,04287461,04287461000148,UNICON CONSTRUCOES LTDA,True,Somente SENAI,DEMAIS,Construcao de edificios,obra_nova,"COMPLEXO ESPORTIVO SANTANA — Santana Do Ipanema, 2.746 Outra (pessoa jurídica construtora, responsável)",responsável,0053,Pessoa jurídica construtora,SANTANA DO IPANEMA,PAULO FERREIRA,2745.9,Outra,2026-05-01,2026-05-07,147,4.0,120,900284759673,CNO / Receita Federal
0.0,51393615,51393615000166,LN CONSTRUCOES E SERVICOS LTDA,True,Sem relacionamento,PEQUENO PORTE,Outras obras de engenharia civil nao especificadas anteriormente,obra_nova,"MANUTENÇÃO DA ESCOLA VALDEMAR CAMILO — Dois Riachos, 189 m2 (pessoa jurídica construtora, responsável)",responsável,0053,Pessoa jurídica construtora,DOIS RIACHOS,Zona Rural,188.87,m2,2026-05-07,2026-05-07,141,3.0,120,900284776578,CNO / Receita Federal
0.0,07621799,07621799000182,CONSTRUTORA CONCEITO A LTDA,True,Sem relacionamento,MICRO EMPRESA,Construcao de edificios,obra_nova,"CONSTRUTORA CONCEITO A LTDA ARENA  BARRAMAR — Barra De São Miguel, 783 Outra (dono da obra, responsável)",responsável,0057,Dono da obra,BARRA DE SÃO MIGUEL,BREJO,782.52,Outra,2026-05-04,2026-05-07,144,3.0,120,900284793370,CNO / Receita Federal
0.0,07621799,07621799000182,CONSTRUTORA CONCEITO A LTDA,True,Sem relacionamento,MICRO EMPRESA,Construcao de edificios,obra_nova,"CONSTRUTORA CONCEITO A LTDA ARENA ALTO DA BARRA — Barra De São Miguel, 794 Outra (dono da obra, responsável)",responsável,0057,Dono da obra,BARRA DE SÃO MIGUEL,ALTO DA BARRA,794.28,Outra,2026-05-04,2026-05-07,144,3.0,120,900284795875,CNO / Receita Federal
0.0,22213836,22213836000107,"J3 INCORPORACAO, ENGENHARIA E CONSTRUCAO LTDA",True,Sem relacionamento,DEMAIS,Construcao de edificios,obra_nova,"SAO BRAS  25 UNIDADES HABITACIONAIS — São Brás, 1.346 m2 (dono da obra, responsável)",responsável,0057,Dono da obra,SÃO BRÁS,ALTO DO CEMITERIO,1346.5,m2,2026-04-22,2026-05-07,156,4.0,120,900284815375,CNO / Receita Federal
0.0,51393615,51393615000166,LN CONSTRUCOES E SERVICOS LTDA,True,Sem relacionamento,PEQUENO PORTE,Outras obras de engenharia civil nao especificadas anteriormente,obra_nova,"MANUTENÇÃO DA ESCOLA VALDEMAR CAMILO — Dois Riachos, 189 m2 (pessoa jurídica construtora, responsável)",responsável,0053,Pessoa jurídica construtora,DOIS RIACHOS,Zona Rural,188.87,m2,2026-04-09,2026-05-07,169,3.0,120,900284821075,CNO / Receita Federal
0.0,41160680,41160680000198,F . P . CONSTRUTORA LTDA,True,SESI + SENAI,DEMAIS,Obras de terraplenagem,obra_nova,"IMPLANTAÇÃO TREC - BR-316/AL-145 /MATA GRANDE AL — Mata Grande, 6 km (pessoa jurídica construtora, responsável)",responsável,0053,Pessoa jurídica construtora,MATA GRANDE,RODOVIA,6.35,km,2026-05-08,2026-05-08,140,3.0,120,900284972077,CNO / Receita Federal
0.0,41160680,41160680000198,F . P . CONSTRUTORA LTDA,True,SESI + SENAI,DEMAIS,Obras de terraplenagem,obra_nova,"MALHA VIÁRIA DA BACIA HIDROGRÁFICA DO RIO CORURIPE /ARAPIRACA - AL — Arapiraca, 21 km (pessoa jurídica construtora, responsável)",responsável,0053,Pessoa jurídica construtora,ARAPIRACA,CENTRO,21.05,km,2026-04-16,2026-05-08,162,3.0,120,900284981176,CNO / Receita Federal
0.0,41334975,41334975000133,CONSTRUTORA VILANOVA LTDA,True,Sem relacionamento,MICRO EMPRESA,Construcao de edificios,obra_nova,"CONSTRUTORA VILANOVA LTDA G 01  DEL MAR — Paripueira, 105 m2 (pessoa jurídica construtora, responsável)",responsável,0053,Pessoa jurídica construtora,PARIPUEIRA,COSTA BRAVA,105.37,m2,2026-04-08,2026-05-08,170,3.0,120,900284982173,CNO / Receita Federal
0.0,12333746,12333746000104,(sem nome no CNO) CNPJ 12333746000104,False,,,,obra_nova,"METRA CONSTRUCOES LTDA — Viçosa, 1 Outra (pessoa jurídica construtora, vínculo)",vínculo,0053,Pessoa jurídica construtora,VIÇOSA,ZONA RURAL,1.0,Outra,2026-03-30,2026-09-04,179,3.0,120,900303861270,CNO / Receita Federal
0.0,55699378,55699378000117,CONSORCIO CRECHES SEDUC/AL 2024.,True,Somente SENAI,DEMAIS,Construcao de edificios,obra_nova,"CRECHES SEDUC 2024 - PIACABUCU - CT - 09/2025 — Piaçabuçu, 840 m2 (consórcio, responsável)",responsável,0109,Consórcio,PIAÇABUÇU,ZONA RURAL,840.0,m2,2026-04-01,2026-04-27,177,3.0,120,900283463877,CNO / Receita Federal
0.0,63290559,63290559000113,MORAIS CONSTRUCOES LTDA,True,Sem relacionamento,MICRO EMPRESA,Construcao de edificios,obra_nova,"JONATAS MORAIS DE SOUZA — Maceió, 445.000 m2 (dono da obra, responsável)",responsável,0057,Dono da obra,MACEIÓ,JACARECICA,445000.0,m2,2026-04-07,2026-04-07,171,5.0,120,900280795874,CNO / Receita Federal
0.0,61528834,61528834000169,LOG MACEIO II SPE LTDA.,False,,,,obra_nova,"LOG MACEIO II — Maceió, 41.303 m2 (proprietário do imóvel, responsável)",responsável,0070,Proprietário do imóvel,MACEIÓ,SANTA LUCIA,41302.91,m2,2026-04-06,2026-04-06,172,5.0,120,900280670475,CNO / Receita Federal
0.0,62588230,62588230000170,ALTTA PREMOLDADOS LTDA,True,Sem relacionamento,PEQUENO PORTE,"Fabricacao de estruturas pre moldadas de concreto armado, em serie e sob encomenda",obra_nova,"ALTTA PREMOLDADOS LTDA — Rio Largo, 27 m2 (dono da obra, responsável)",responsável,0057,Dono da obra,RIO LARGO,SANTOS DUMONT,27.0,m2,2026-04-01,2026-04-01,177,3.0,120,900280344977,CNO / Receita Federal
0.0,46858287,46858287000196,PRISTA CONSTRUTORA LTDA,True,Sem relacionamento,MICRO EMPRESA,Obras de alvenaria,obra_nova,"PRISTA CONSTRUTORA LTDA — Maceió, 371 m2 (pessoa jurídica construtora, responsável)",responsável,0053,Pessoa jurídica construtora,MACEIÓ,JATIUCA,370.58,m2,2026-03-31,2026-03-31,178,3.0,120,900280204575,CNO / Receita Federal
0.0,10751005,10751005000100,AC2 ENGENHARIA LTDA,True,Sem relacionamento,DEMAIS,Construcao de edificios,obra_nova,"OBRA COND RESID RESERVA DA BARRA — Barra De Santo Antônio, 1 Outra (pessoa jurídica construtora, responsável)",responsável,0053,Pessoa jurídica construtora,BARRA DE SANTO ANTÔNIO,CENTRO,1.0,Outra,2026-03-31,2026-03-31,178,3.0,120,900280082479,CNO / Receita Federal
