cnpj_basico,cnpj,razao_social,nome_fantasia,situacao,municipio,uf,endereco,cep,telefone_1,telefone_2,whatsapp_provavel,email,decisor,decisor_cargo,socios,cnae_principal,cnaes_secundarios,contato_de_contador,confianca,fonte,atualizado_em
03722728,03722728000115,ENGENHARQ LTDA,ENGENHARQ,ATIVA,Maceio,AL,"Avenida Eraldo Lins Cavalcante, 237, Loteamento Murilopol, Serraria",57046570,(82) 3338-2232,,,,Fernando Raposo Ramires Saldanha,Sócio-Administrador,Fernando Raposo Ramires Saldanha (Sócio-Administrador); Jose Hugo Cardoso Ferro (Sócio-Administrador); Jose Hugo Cardoso Ferro Junior (Sócio-Administrador),4120400 - Construção de edifícios,4110700 - Incorporação de empreendimentos imobiliários; 4299599 - Outras obras de engenharia civil não especificadas anteriormente,False,alta,Receita Federal (BrasilAPI),2026-09-28T10:01:47
04287461,04287461000148,UNICON CONSTRUCOES LTDA,UNICON CONSTRUCOES,ATIVA,Santana Do Ipanema,AL,"Rua Maria Francisca Da Silva, 373, Camoxinga",57500000,(82) 3316-8570,,,,Gilson Simoes Mascarenhas,Sócio-Administrador,Fernando Henrique Silva E Moura (Sócio); Gilson Simoes Mascarenhas (Sócio-Administrador); Ricardo Voss Villanueva (Sócio-Administrador),4120400 - Construção de edifícios,4110700 - Incorporação de empreendimentos imobiliários; 4212000 - Construção de obras de arte especiais; 4299501 - Construção de instalações esportivas e recreativas; 4313400 - Obras de terraplenagem; 4391600 - Obras de fundações; 4399199 - Serviços especializados para construção não especificados anteriormente; 6821801 - Corretagem na compra e venda e avaliação de imóveis; 7112000 - Serviços de engenharia,True,baixa,Receita Federal (BrasilAPI),2026-09-28T10:01:49
06034228,06034228000189,PLATAFORMA ENGENHARIA LTDA,PLATAFORMA ENGENHARIA,ATIVA,Maceio,AL,"Rua Comendador Palmeira, 593, Sala B, Farol",57051150,(82) 3221-1916,,,,Rafael Melo De Oliveira,Sócio-Administrador,Ana Suely Melo De Oliveira (Sócio); Rafael Melo De Oliveira (Sócio-Administrador),4120400 - Construção de edifícios,"4212000 - Construção de obras de arte especiais; 4221901 - Construção de barragens e represas para geração de energia elétrica; 4222701 - Construção de redes de abastecimento de água, coleta de esgoto e construções correlatas, exceto obras de irrigação; 4299501 - Construção de instalações esportivas e recreativas; 4299599 - Outras obras de engenharia civil não especificadas anteriormente; 4311802 - Preparação de canteiro e limpeza de terreno; 4313400 - Obras de terraplenagem; 4319300 - Serviços de preparação do terreno não especificados anteriormente; 4321500 - Instalação e manutenção elétrica; 4322301 - Instalações hidráulicas, sanitárias e de gás; 4330499 - Outras obras de acabamento da construção; 4399199 - Serviços especializados para construção não especificados anteriormente; 7111100 - Serviços de arquitetura; 7112000 - Serviços de engenharia",True,baixa,Receita Federal (BrasilAPI),2026-09-28T10:01:51
06937784,06937784000165,SOLIDEZ ENGENHARIA LTDA,,ATIVA,Maceio,AL,"Avenida Comendador Gustavo Paiva, 2789, Sala 214 - B, Mangabeiras",57031530,(82) 3325-5918,(82) 9916-7045,,,Jose Luiz De Souza Soares,Administrador,Jls Holding Servicos Ltda (Sócio); Jose Luiz De Souza Soares (Administrador); Sl Invest Participacoes Ltda (Sócio),4120400 - Construção de edifícios,"4299501 - Construção de instalações esportivas e recreativas; 4313400 - Obras de terraplenagem; 4330499 - Outras obras de acabamento da construção; 6810201 - Compra e venda de imóveis próprios; 6810202 - Aluguel de imóveis próprios; 7732201 - Aluguel de máquinas e equipamentos para construção sem operador, exceto andaimes",True,alta,Receita Federal (BrasilAPI),2026-09-28T10:01:53
09411692,09411692000135,ENGEMATLOC - TERRAPLENAGEM E LOCACOES LTDA,,ATIVA,Maceio,AL,"Avenida Hamilton De Barros Soutinho, 797, Andar 1, Jatiuca",57035690,(82) 3033-0539,(82) 3033-7983,,,Marcos Jose Loudal Florentino Teixeira,Administrador,Brasileiro Administracao E Participacao Ltda (Sócio); Marcos Jose Loudal Florentino Teixeira (Administrador); T3 Administracao E Participacoes Ltda (Sócio); Virgilio Vilar Brasileiro (Administrador),4120400 - Construção de edifícios,"4110700 - Incorporação de empreendimentos imobiliários; 4292801 - Montagem de estruturas metálicas; 4399105 - Perfuração e construção de poços de água; 4322301 - Instalações hidráulicas, sanitárias e de gás; 4211101 - Construção de rodovias e ferrovias; 4313400 - Obras de terraplenagem; 4319300 - Serviços de preparação do terreno não especificados anteriormente; 8130300 - Atividades paisagísticas; 4213800 - Obras de urbanização - ruas, praças e calçadas; 7112000 - Serviços de engenharia",False,alta,Receita Federal (BrasilAPI),2026-09-28T10:01:54
12272084,12272084000100,EQUATORIAL ALAGOAS DISTRIBUIDORA DE ENERGIA S.A.,EQUATORIAL ENERGIA ALAGOAS,ATIVA,Maceio,AL,"Avenida Fernandes Lima, 3349, Farol",57055000,,,,,Sergio Ricardo De Andrade Oliveira,Presidente,Augusto Miranda Da Paz Junior (Conselheiro de Administração); Cicero Vladimir De Abreu Cavalcanti (Conselheiro de Administração); Cristiano De Lima Logrado (Diretor); Henderson Rovay (Diretor); Leonardo Da Silva Lucas Tavares De Lima (Diretor); Marcos Antonio Souza De Almeida (Conselheiro de Administração); Sergio Ricardo De Andrade Oliveira (Presidente),3514000 - Distribuição de energia elétrica,3513100 - Comércio atacadista de energia elétrica,False,baixa,Receita Federal (BrasilAPI),2026-09-28T10:01:56
15401489,15401489000180,AGRESTE SANEAMENTO S.A.,AGRESTE SANEAMENTO,ATIVA,Arapiraca,AL,"Rua Antonio Estevao Da Silva, 274, Jardim Esperanca",57307600,(82) 3529-8200,,,,Angela Cristina Lins Da Silva,Diretor,Angela Cristina Lins Da Silva (Diretor); Marcello Cardoso Silva Almeida (Diretor),"3600601 - Captação, tratamento e distribuição de água",,False,alta,Receita Federal (BrasilAPI),2026-09-28T10:01:58
18729404,18729404000186,METAL INFRAESTRUTURA LTDA,METAL INFRAESTRUTURA,ATIVA,Maceio,AL,"Rua J, S/N, Cidade Universitaria",57073481,(82) 3025-9996,,,,Constantino Antonio Da Silva Filho,Sócio-Administrador,Constantino Antonio Da Silva Filho (Sócio-Administrador); Joao Fernando Sampaio Peixoto (Sócio-Administrador),"4222701 - Construção de redes de abastecimento de água, coleta de esgoto e construções correlatas, exceto obras de irrigação","2832100 - Fabricação de equipamentos para irrigação agrícola, peças e acessórios; 4120400 - Construção de edifícios; 4321500 - Instalação e manutenção elétrica; 4322303 - Instalações de sistema de prevenção contra incêndio; 4619200 - Representantes comerciais e agentes do comércio de mercadorias em geral não especializado; 4789099 - Comércio varejista de outros produtos não especificados anteriormente; 7112000 - Serviços de engenharia; 9609299 - Outras atividades de serviços pessoais não especificadas anteriormente",False,alta,Receita Federal (BrasilAPI),2026-09-28T10:02:00
19585028,19585028000166,ETHICA SERVICOS DE ENGENHARIA E CONSTRUCAO LTDA,ETHICA ENGENHARIA,ATIVA,Maceio,AL,"Avenida Deputado Humberto Mendes, 268, Jaragua",57022060,(82) 9980-4820,,,,Gustavo Franklin Costa Da Silva,Sócio-Administrador,Fhabricya Coda Palagani Oliveira (Sócio); Gustavo Franklin Costa Da Silva (Sócio-Administrador); Paulo Henrique De Andrade Nascimento (Sócio-Administrador),4120400 - Construção de edifícios,"3314710 - Manutenção e reparação de máquinas e equipamentos para uso geral não especificados anteriormente; 4110700 - Incorporação de empreendimentos imobiliários; 4213800 - Obras de urbanização - ruas, praças e calçadas; 4221901 - Construção de barragens e represas para geração de energia elétrica; 4221902 - Construção de estações e redes de distribuição de energia elétrica; 4222701 - Construção de redes de abastecimento de água, coleta de esgoto e construções correlatas, exceto obras de irrigação; 4223500 - Construção de redes de transportes por dutos, exceto para água e esgoto; 4292801 - Montagem de estruturas metálicas; 4313400 - Obras de terraplenagem; 4321500 - Instalação e manutenção elétrica; 4322302 - Instalação e manutenção de sistemas centrais de ar condicionado, de ventilação e refrigeração; 4329103 - Instalação, manutenção e reparação de elevadores, escadas e esteiras rolantes; 4399101 - Administração de obras; 7112000 - Serviços de engenharia; 7732201 - Aluguel de máquinas e equipamentos para construção sem operador, exceto andaimes; 8111700 - Serviços combinados para apoio a edifícios, exceto condomínios prediais; 8130300 - Atividades paisagísticas",False,alta,Receita Federal (BrasilAPI),2026-09-28T10:02:02
31035574,31035574000129,EUDES JERONIMO & CIA LTDA,JMJ COMERCIAL,ATIVA,Maceio,AL,"Avenida Menino Marcelo, 1134, Brcao A Sala 01, Tabuleiro Do Martins",57081385,(82) 3317-5549,,,,Eudes Jeronimo,Sócio-Administrador,Eudes Jeronimo (Sócio-Administrador); Rodrigo Gustavo De Araujo Lima (Sócio-Administrador),4120400 - Construção de edifícios,"4321500 - Instalação e manutenção elétrica; 4322301 - Instalações hidráulicas, sanitárias e de gás; 4330402 - Instalação de portas, janelas, tetos, divisórias e armários embutidos de qualquer material; 4330403 - Obras de acabamento em gesso e estuque; 4330499 - Outras obras de acabamento da construção; 4399103 - Obras de alvenaria",False,alta,Receita Federal (BrasilAPI),2026-09-28T10:02:04
35189044,35189044000196,HARCOS EMPREENDIMENTOS IMOBILIARIOS LTDA,,ATIVA,Maceio,AL,"Avenida Fernandes Lima, 08, Edif Cent. Plaza Center Sala 121, Farol",57055000,(82) 2121-1000,(82) 2121-1067,,,Jose Luis Coutinho De Freitas,Administrador,Harcos Participacoes Ltda (Sócio); Jose Luis Coutinho De Freitas (Administrador); Paulo Rolemberg Lessa De Albuquerque Neto (Administrador),4110700 - Incorporação de empreendimentos imobiliários,"6810201 - Compra e venda de imóveis próprios; 6810203 - Loteamento de imóveis próprios; 6821801 - Corretagem na compra e venda e avaliação de imóveis; 6822600 - Gestão e administração da propriedade imobiliária; 7020400 - Atividades de consultoria em gestão empresarial, exceto consultoria técnica específica",True,alta,Receita Federal (BrasilAPI),2026-09-28T10:02:06
38240209,38240209000103,LC ENGENHARIA E EMPREENDIMENTOS LTDA,,ATIVA,Maceio,AL,"Avenida Doutor Antonio Gomes De Barros, 637, Sala 04, Jatiuca",57036000,(82) 9627-1515,,,,Leonardo Arruda Costa,Sócio-Administrador,Leonardo Arruda Costa (Sócio-Administrador),4120400 - Construção de edifícios,4110700 - Incorporação de empreendimentos imobiliários; 4399101 - Administração de obras; 7112000 - Serviços de engenharia; 7820500 - Locação de mão-de-obra temporária,False,alta,Receita Federal (BrasilAPI),2026-09-28T10:02:08
39580673,39580673000101,BRK AMBIENTAL - REGIAO METROPOLITANA DE MACEIO S.A.,BRK AMBIENTAL,ATIVA,Maceio,AL,"Avenida Fernandes Lima, 679, Farol",57055000,(11) 3830-2647,(11) 3030-2503,,,Herbert Arnaud Dantas,Presidente,Daniela Mattos Sandoval Coli (Conselheiro de Administração); Emerson Ferreira De Almeida (Conselheiro de Administração); Felipe Cardoso De Gusmao Cunha (Conselheiro de Administração); Herbert Arnaud Dantas (Presidente); Jorge Augusto Regis Gomes (Diretor); Juliana Rayel Chequi (Conselheiro de Administração); Mateus Lemos Longman (Diretor); Ramon Sanches Silva (Conselheiro de Administração); Wilson Luiz Bombo Junior (Diretor),"3600601 - Captação, tratamento e distribuição de água","3701100 - Gestão de redes de esgoto; 4222701 - Construção de redes de abastecimento de água, coleta de esgoto e construções correlatas, exceto obras de irrigação; 7312200 - Agenciamento de espaços para publicidade, exceto em veículos de comunicação",False,alta,Receita Federal (BrasilAPI),2026-09-28T10:02:10
39808835,39808835000108,SOLUCAO CONSTRUCOES E SERVICOS LTDA,SOLUCAO CONSTRUCOES E SERVICOS,ATIVA,Maceio,AL,"Avenida Juca Sampaio, 1590, Barro Duro",57045365,(82) 3028-1370,,,,Celia Maria Trindade De Oliveira,Sócio-Administrador,Celia Maria Trindade De Oliveira (Sócio-Administrador),7112000 - Serviços de engenharia,"4120400 - Construção de edifícios; 4211101 - Construção de rodovias e ferrovias; 4213800 - Obras de urbanização - ruas, praças e calçadas; 4313400 - Obras de terraplenagem; 4319300 - Serviços de preparação do terreno não especificados anteriormente; 4399103 - Obras de alvenaria; 4399105 - Perfuração e construção de poços de água; 7111100 - Serviços de arquitetura; 7119799 - Atividades técnicas relacionadas à engenharia e arquitetura não especificadas anteriormente; 7711000 - Locação de automóveis sem condutor; 7732201 - Aluguel de máquinas e equipamentos para construção sem operador, exceto andaimes; 8121400 - Limpeza em prédios e em domicílios",False,alta,Receita Federal (BrasilAPI),2026-09-28T10:02:11
41157967,41157967000169,ENGENHARIA DE MATERIAIS LTDA,ENGEMAT,ATIVA,Maceio,AL,"Avenida Hamilton De Barros Soutinho, 797, Jatiuca",57035690,(82) 8709-8817,,,,Virgilio Vilar Brasileiro,Administrador,Prata Administradora De Participacoes Ltda (Sócio); Vill Administracao E Participacoes Ltda (Sócio); Virgilio Vilar Brasileiro (Administrador),4120400 - Construção de edifícios,"4110700 - Incorporação de empreendimentos imobiliários; 4211101 - Construção de rodovias e ferrovias; 4212000 - Construção de obras de arte especiais; 4213800 - Obras de urbanização - ruas, praças e calçadas; 4221901 - Construção de barragens e represas para geração de energia elétrica; 4221902 - Construção de estações e redes de distribuição de energia elétrica; 4222701 - Construção de redes de abastecimento de água, coleta de esgoto e construções correlatas, exceto obras de irrigação; 4223500 - Construção de redes de transportes por dutos, exceto para água e esgoto; 4292801 - Montagem de estruturas metálicas; 4313400 - Obras de terraplenagem; 4319300 - Serviços de preparação do terreno não especificados anteriormente; 4321500 - Instalação e manutenção elétrica; 4399103 - Obras de alvenaria; 4399105 - Perfuração e construção de poços de água; 6462000 - Holdings de instituições não-financeiras; 6810201 - Compra e venda de imóveis próprios; 6810202 - Aluguel de imóveis próprios; 6810203 - Loteamento de imóveis próprios; 6821801 - Corretagem na compra e venda e avaliação de imóveis; 6822600 - Gestão e administração da propriedade imobiliária; 7111100 - Serviços de arquitetura; 7112000 - Serviços de engenharia; 7711000 - Locação de automóveis sem condutor; 7732201 - Aluguel de máquinas e equipamentos para construção sem operador, exceto andaimes; 8121400 - Limpeza em prédios e em domicílios; 8130300 - Atividades paisagísticas",True,baixa,Receita Federal (BrasilAPI),2026-09-28T10:02:13
41160680,41160680000198,F . P . CONSTRUTORA LTDA,F . P . CONSTRUTORA,ATIVA,Maceio,AL,"Via Secundaria 2 (Distrito Industrial), S/N, Quadra: 5; Lote: 7 -Lot. Dist. Indust;, Tabuleiro Do Martins",57081585,(82) 3316-6604,(82) 3324-2268,,,Edenir Moreira Peixoto,Sócio-Administrador,Edenir Moreira Peixoto (Sócio-Administrador); Lucilene Freire Peixoto (Sócio-Administrador),4313400 - Obras de terraplenagem,"3811400 - Coleta de resíduos não-perigosos; 3812200 - Coleta de resíduos perigosos; 4110700 - Incorporação de empreendimentos imobiliários; 4120400 - Construção de edifícios; 4211101 - Construção de rodovias e ferrovias; 4211102 - Pintura para sinalização em pistas rodoviárias e aeroportos; 4212000 - Construção de obras de arte especiais; 4213800 - Obras de urbanização - ruas, praças e calçadas; 4222701 - Construção de redes de abastecimento de água, coleta de esgoto e construções correlatas, exceto obras de irrigação; 4299599 - Outras obras de engenharia civil não especificadas anteriormente; 4319300 - Serviços de preparação do terreno não especificados anteriormente; 4391600 - Obras de fundações; 4399101 - Administração de obras; 4399199 - Serviços especializados para construção não especificados anteriormente; 6810201 - Compra e venda de imóveis próprios; 6810203 - Loteamento de imóveis próprios; 6821801 - Corretagem na compra e venda e avaliação de imóveis; 7112000 - Serviços de engenharia; 7732201 - Aluguel de máquinas e equipamentos para construção sem operador, exceto andaimes; 8121400 - Limpeza em prédios e em domicílios; 8129000 - Atividades de limpeza não especificadas anteriormente; 8130300 - Atividades paisagísticas",True,alta,Receita Federal (BrasilAPI),2026-09-28T10:02:15
41391511,41391511000169,CAVALCANTI FARIAS LTDA,EX PARTNER,ATIVA,Maceio,AL,"Avenida Comendador Gustavo Paiva, 3506, Sala 203, Mangabeiras",57037285,(82) 9321-5116,,,,Expedito Farias De Hollanda Cavalcanti,Sócio-Administrador,Expedito Farias De Hollanda Cavalcanti (Sócio-Administrador),4120400 - Construção de edifícios,"4211101 - Construção de rodovias e ferrovias; 4211102 - Pintura para sinalização em pistas rodoviárias e aeroportos; 4213800 - Obras de urbanização - ruas, praças e calçadas; 4222701 - Construção de redes de abastecimento de água, coleta de esgoto e construções correlatas, exceto obras de irrigação; 4291000 - Obras portuárias, marítimas e fluviais; 4292801 - Montagem de estruturas metálicas; 4292802 - Obras de montagem industrial; 4299599 - Outras obras de engenharia civil não especificadas anteriormente; 4311801 - Demolição de edifícios e outras estruturas; 4313400 - Obras de terraplenagem; 4923002 - Serviço de transporte de passageiros - locação de automóveis com motorista; 4930201 - Transporte rodoviário de carga, exceto produtos perigosos e mudanças, municipal.; 4930202 - Transporte rodoviário de carga, exceto produtos perigosos e mudanças, intermunicipal, interestadual e internacional; 6204000 - Consultoria em tecnologia da informação; 7711000 - Locação de automóveis sem condutor; 7719599 - Locação de outros meios de transporte não especificados anteriormente, sem condutor; 7732201 - Aluguel de máquinas e equipamentos para construção sem operador, exceto andaimes; 7739099 - Aluguel de outras máquinas e equipamentos comerciais e industriais não especificados anteriormente, sem operador; 7820500 - Locação de mão-de-obra temporária",False,alta,Receita Federal (BrasilAPI),2026-09-28T10:02:17
44992350,44992350000157,VERDE AMBIENTAL ALAGOAS S.A.,,ATIVA,Uniao Dos Palmares,AL,"Avenida Doutor Antonio Gomes De Barros, 302, Centro",57800000,(82) 8179-6344,,,,Alexandre Ferreira Lopes,Diretor,Alexandre Ferreira Lopes (Diretor); Carlos Eduardo Assumpcao Olesko (Conselheiro de Administração); Dalton Cardozo Bracarense (Diretor); Gabriel Norberto Zarpellon (Conselheiro de Administração); German Sanchez Gonzalez (Conselheiro de Administração); Igor Jefferson Lima Clemente (Conselheiro de Administração); Isabel Cristina Conceicao Da Silva (Diretor); Leandro Da Silva Reis (Conselheiro de Administração); Vaney Iori (Conselheiro de Administração),"3600601 - Captação, tratamento e distribuição de água","3701100 - Gestão de redes de esgoto; 4222701 - Construção de redes de abastecimento de água, coleta de esgoto e construções correlatas, exceto obras de irrigação; 7112000 - Serviços de engenharia",False,alta,Receita Federal (BrasilAPI),2026-09-28T10:02:19
55246486,55246486000134,CONSORCIO PEDCAC,,ATIVA,Maceio,AL,"Rua Comendador Palmeira, 593, Farol",57051150,(82) 3221-1916,,,,Rafael Melo De Oliveira,Administrador,Alianca Construcoes Ltda (Sociedade Consorciada); Duppla Construcoes Ltda (Sociedade Consorciada); Plataforma Engenharia Ltda (Sociedade Consorciada); Rafael Melo De Oliveira (Administrador),4120400 - Construção de edifícios,"4213800 - Obras de urbanização - ruas, praças e calçadas; 4299501 - Construção de instalações esportivas e recreativas; 4330499 - Outras obras de acabamento da construção; 7112000 - Serviços de engenharia",True,baixa,Receita Federal (BrasilAPI),2026-09-28T10:02:21
55699378,55699378000117,CONSORCIO CRECHES SEDUC/AL 2024.,,ATIVA,Maceio,AL,"Avenida Hamilton De Barros Soutinho, 797, Jatiuca",57035690,(82) 8709-8817,,,,Virgilio Vilar Brasileiro,Administrador,Engenharia De Materiais Ltda (Sociedade Consorciada); Enord Engenharia Ltda (Sociedade Consorciada); Virgilio Vilar Brasileiro (Administrador),4120400 - Construção de edifícios,7111100 - Serviços de arquitetura; 7112000 - Serviços de engenharia,True,baixa,Receita Federal (BrasilAPI),2026-09-28T10:02:23
56173759,56173759000120,CONSORCIO EDUCACAO ALAGOAS,,ATIVA,Maceio,AL,"Rua Professor Silvio De Macedo, 68, Jatiuca",57036740,(82) 3327-1820,(82) 3327-6725,,,Joao Medeiros Rocha,Administrador,"Arquitec - Arquitetura, Engenharia E Construcao Ltda (Sociedade Consorciada); Joao Medeiros Rocha (Administrador); Seabra Engenharia E Projetos Ltda (Sociedade Consorciada)",4399101 - Administração de obras,7112000 - Serviços de engenharia; 4120400 - Construção de edifícios,False,alta,Receita Federal (BrasilAPI),2026-09-28T10:05:12
57179215,57179215000139,CONDOMINIO RESERVA DO CAJUEIRO EMPREENDIMENTO IMOBILIARIO SPE LTDA,CONDOMINIO RESERVA DO CAJUEIRO,ATIVA,Maceio,AL,"Rua Jangadeiros Alagoanos, 1188, Edif Millenium Tower Andar 9 Sala 901, Pajuçara",57030000,(82) 3336-1991,,,,Alfredo Guttenberg De Mendonca Breda,Administrador,Alfredo Guttenberg De Mendonca Breda (Administrador); Enord Engenharia Ltda (Sócio); Gaspar Guttenberg De Mendonca Breda (Administrador); Leonardo Cesar Breda (Administrador); Osman Ramires Neto (Administrador),4110700 - Incorporação de empreendimentos imobiliários,,True,baixa,Receita Federal (BrasilAPI),2026-09-28T10:05:14
59279481,59279481000169,CONDOMINIO N. PEDROSA EMPREENDIMENTO IMOBILIARIO SPE LTDA,CONDOMINIO N. PEDROSA,ATIVA,Maceio,AL,"Rua Jangadeiros Alagoanos, 1188, Edif Millenium Tower Andar 8 Sala 804, Pajuçara",57030000,(82) 3336-1991,,,,Alfredo Guttenberg De Mendonca Breda,Administrador,Alfredo Guttenberg De Mendonca Breda (Administrador); Enord Engenharia Ltda (Sócio),4110700 - Incorporação de empreendimentos imobiliários,,True,baixa,Receita Federal (BrasilAPI),2026-09-28T10:05:16
60481718,60481718000179,RESIDENCIAL C. ALBUQUERQUE EMPREENDIMENTO IMOBILIARIO SPE LTDA,RESIDENCIAL C. ALBUQUERQUE,ATIVA,Maceio,AL,"Rua Jangadeiros Alagoanos, 1188, Edif Millenium Tower Andar 8 Sala 803, Pajuçara",57030000,(82) 3336-1991,,,,Alfredo Guttenberg De Mendonca Breda,Administrador,Alfredo Guttenberg De Mendonca Breda (Administrador); Enord Engenharia Ltda (Sócio),4110700 - Incorporação de empreendimentos imobiliários,,True,baixa,Receita Federal (BrasilAPI),2026-09-28T10:05:18
02450308,02450308000164,ARECIPPO & MADEIRO CONSTRUCOES LTDA,CONSTRUTORA UNIQUE,ATIVA,Marechal Deodoro,AL,"Rodovia Divaldo Suruagy, 11895, Edif Empr. Unique Office Sala 301, Praia Do Frances",57160000,(82) 3260-1309,,,,Adherbal De Arecippo Neto,Sócio-Administrador,Adherbal De Arecippo Neto (Sócio-Administrador); Fernando Geraldo Madeiro Filho (Sócio-Administrador),4120400 - Construção de edifícios,"4213800 - Obras de urbanização - ruas, praças e calçadas; 4222701 - Construção de redes de abastecimento de água, coleta de esgoto e construções correlatas, exceto obras de irrigação; 4299501 - Construção de instalações esportivas e recreativas; 4313400 - Obras de terraplenagem; 4399101 - Administração de obras; 4923002 - Serviço de transporte de passageiros - locação de automóveis com motorista; 4930201 - Transporte rodoviário de carga, exceto produtos perigosos e mudanças, municipal.; 6463800 - Outras sociedades de participação, exceto holdings; 6810202 - Aluguel de imóveis próprios; 7719599 - Locação de outros meios de transporte não especificados anteriormente, sem condutor; 7732201 - Aluguel de máquinas e equipamentos para construção sem operador, exceto andaimes",False,alta,Receita Federal (BrasilAPI),2026-09-28T10:05:20
04191808,04191808000154,TECMASTER ENGENHARIA E CONSTRUCOES LTDA - EM RECUPERACAO JUDICIAL,TECMASTER,ATIVA,Maceio,AL,"Rua Dom Vital, 115, Edif Emp.Cecilia Nogueirasala 27, Farol",57051200,(82) 8883-3213,,,,Pericles Renet De Medeiros,Sócio-Administrador,Pericles Renet De Medeiros (Sócio-Administrador),"4223500 - Construção de redes de transportes por dutos, exceto para água e esgoto","3702900 - Atividades relacionadas a esgoto, exceto a gestão de redes; 4222701 - Construção de redes de abastecimento de água, coleta de esgoto e construções correlatas, exceto obras de irrigação; 4292802 - Obras de montagem industrial; 4299599 - Outras obras de engenharia civil não especificadas anteriormente; 7112000 - Serviços de engenharia; 7120100 - Testes e análises técnicas; 7711000 - Locação de automóveis sem condutor; 7732201 - Aluguel de máquinas e equipamentos para construção sem operador, exceto andaimes",False,alta,Receita Federal (BrasilAPI),2026-09-28T10:05:22
04287961,04287961000180,DEPARTAMENTO DE AGUA E ESGOTO SANITARIO DE CORURIPE,DAESC,ATIVA,Coruripe,AL,"Rua Da Rodagem, S/N, -, Tercio Wanderley",57230000,,,,,,,,"3600601 - Captação, tratamento e distribuição de água",,False,baixa,Receita Federal (BrasilAPI),2026-09-28T10:05:24
05841115,05841115000122,CONSTRUSAT ENGENHARIA LTDA,CONSTRUSAT,ATIVA,Maceio,AL,"Avenida Humberto Mendes, 796, Sala 16, Poco",57022060,,,,,Sergio Antonio Tavares Cavalcanti,Sócio-Administrador,Sergio Antonio Tavares Cavalcanti (Sócio-Administrador); Sergio Antonio Tavares Cavalcanti Filho (Sócio-Administrador),4120400 - Construção de edifícios,"4212000 - Construção de obras de arte especiais; 4211101 - Construção de rodovias e ferrovias; 4222702 - Obras de irrigação; 4222701 - Construção de redes de abastecimento de água, coleta de esgoto e construções correlatas, exceto obras de irrigação; 7732201 - Aluguel de máquinas e equipamentos para construção sem operador, exceto andaimes; 4313400 - Obras de terraplenagem",False,baixa,Receita Federal (BrasilAPI),2026-09-28T10:05:26
08620924,08620924000100,ALMEIDA CONSTRUCOES E INCORPORACOES E T LIMITADA,E T LIMITADA,ATIVA,Maceio,AL,"Avenida Gal. Luiz De Franca Albuquerque, 38, Guaxuma",57038800,(82) 3355-5008,(82) 3355-3214,,,Ines Falcao Wanderley De Almeida,Sócio-Administrador,Ines Falcao Wanderley De Almeida (Sócio-Administrador); Omar Saldanha Malaquias De Almeida (Sócio-Administrador),4313400 - Obras de terraplenagem,"4120400 - Construção de edifícios; 4222701 - Construção de redes de abastecimento de água, coleta de esgoto e construções correlatas, exceto obras de irrigação; 4291000 - Obras portuárias, marítimas e fluviais; 4311801 - Demolição de edifícios e outras estruturas; 4399103 - Obras de alvenaria; 4744099 - Comércio varejista de materiais de construção em geral; 4930202 - Transporte rodoviário de carga, exceto produtos perigosos e mudanças, intermunicipal, interestadual e internacional; 7112000 - Serviços de engenharia; 7732201 - Aluguel de máquinas e equipamentos para construção sem operador, exceto andaimes",False,alta,Receita Federal (BrasilAPI),2026-09-28T10:05:28
09276767,09276767000112,UCHOA CONSTRUCOES LTDA,UCHOA CONSTRUCOES,ATIVA,Maceio,AL,"Avenida Dona Constanca De Goes Monteiro, 167, Jatiuca",57036370,(82) 2122-0493,,,,Amintas Jorge Viana Machado,Sócio-Administrador,Amintas Jorge Viana Machado (Sócio-Administrador); Felipe Gloor Uchoa Lopes (Sócio-Administrador); Guilherme Nunes Uchoa Lopes (Sócio); Jubson Uchoa Lopes (Sócio-Administrador); Rodrigo Gloor Uchoa Lopes (Sócio-Administrador),4299599 - Outras obras de engenharia civil não especificadas anteriormente,"4110700 - Incorporação de empreendimentos imobiliários; 4120400 - Construção de edifícios; 4211101 - Construção de rodovias e ferrovias; 4212000 - Construção de obras de arte especiais; 4213800 - Obras de urbanização - ruas, praças e calçadas; 4222701 - Construção de redes de abastecimento de água, coleta de esgoto e construções correlatas, exceto obras de irrigação; 4313400 - Obras de terraplenagem; 4399104 - Serviços de operação e fornecimento de equipamentos para transporte e elevação de cargas e pessoas para uso em obras; 6810201 - Compra e venda de imóveis próprios; 6810202 - Aluguel de imóveis próprios; 7732201 - Aluguel de máquinas e equipamentos para construção sem operador, exceto andaimes",False,alta,Receita Federal (BrasilAPI),2026-09-28T10:05:30
10198262,10198262000166,GAMMA SOLUCOES LTDA,,ATIVA,Sao Luis Do Quitunde,AL,"Rua Dr Julio De Mendonca, 338, Centro",57920000,(82) 3316-8570,,,,Mesaque Da Silva Quitino,Sócio-Administrador,Mesaque Da Silva Quitino (Sócio-Administrador),4321500 - Instalação e manutenção elétrica,"4120400 - Construção de edifícios; 4211101 - Construção de rodovias e ferrovias; 4212000 - Construção de obras de arte especiais; 4213800 - Obras de urbanização - ruas, praças e calçadas; 4221902 - Construção de estações e redes de distribuição de energia elétrica; 4221903 - Manutenção de redes de distribuição de energia elétrica; 4221904 - Construção de estações e redes de telecomunicações; 4221905 - Manutenção de estações e redes de telecomunicações; 4222701 - Construção de redes de abastecimento de água, coleta de esgoto e construções correlatas, exceto obras de irrigação; 4222702 - Obras de irrigação; 4223500 - Construção de redes de transportes por dutos, exceto para água e esgoto; 4292801 - Montagem de estruturas metálicas; 4292802 - Obras de montagem industrial; 4299501 - Construção de instalações esportivas e recreativas; 4311801 - Demolição de edifícios e outras estruturas; 4311802 - Preparação de canteiro e limpeza de terreno; 4313400 - Obras de terraplenagem; 4319300 - Serviços de preparação do terreno não especificados anteriormente; 4322301 - Instalações hidráulicas, sanitárias e de gás; 4322302 - Instalação e manutenção de sistemas centrais de ar condicionado, de ventilação e refrigeração; 4322303 - Instalações de sistema de prevenção contra incêndio; 4329103 - Instalação, manutenção e reparação de elevadores, escadas e esteiras rolantes; 4329104 - Montagem e instalação de sistemas e equipamentos de iluminação e sinalização em vias públicas, portos e aeroportos; 4329105 - Tratamentos térmicos, acústicos ou de vibração; 4329199 - Outras obras de instalações em construções não especificadas anteriormente; 4330401 - Impermeabilização em obras de engenharia civil; 4330402 - Instalação de portas, janelas, tetos, divisórias e armários embutidos de qualquer material; 4330403 - Obras de acabamento em gesso e estuque; 4330404 - Serviços de pintura de edifícios em geral; 4330405 - Aplicação de revestimentos e de resinas em interiores e exteriores; 4330499 - Outras obras de acabamento da construção; 4391600 - Obras de fundações; 4399101 - Administração de obras; 4399102 - Montagem e desmontagem de andaimes e outras estruturas temporárias; 4399103 - Obras de alvenaria; 4399104 - Serviços de operação e fornecimento de equipamentos para transporte e elevação de cargas e pessoas para uso em obras; 4399105 - Perfuração e construção de poços de água; 4399199 - Serviços especializados para construção não especificados anteriormente; 6204000 - Consultoria em tecnologia da informação; 7111100 - Serviços de arquitetura; 7112000 - Serviços de engenharia; 7119704 - Serviços de perícia técnica relacionados à segurança do trabalho; 7120100 - Testes e análises técnicas; 7732201 - Aluguel de máquinas e equipamentos para construção sem operador, exceto andaimes; 7739099 - Aluguel de outras máquinas e equipamentos comerciais e industriais não especificados anteriormente, sem operador; 8020001 - Atividades de monitoramento de sistemas de segurança eletrônico; 8130300 - Atividades paisagísticas; 8211300 - Serviços combinados de escritório e apoio administrativo; 8220200 - Atividades de teleatendimento; 8299701 - Medição de consumo de energia elétrica, gás e água; 8599604 - Treinamento em desenvolvimento profissional e gerencial; 9512600 - Reparação e manutenção de equipamentos de comunicação",True,baixa,Receita Federal (BrasilAPI),2026-09-28T10:05:32
10557540,10557540000124,CAF - CRYSTAL AGUAS DO NORDESTE LTDA,,ATIVA,Maceio,AL,"Rua Joao Jose Pereira Filho, 12, Quadra12 Lote Distrito Industrial, Tabuleiro Do Martins",57081000,(85) 3266-6300,,,,Aderson Couto Uchoa,Administrador,Aderson Couto Uchoa (Administrador); Andre Leonardo Alves Seabra Salles (Administrador); Emiliana Ines Albanaz (Administrador); Fabio Goes Acerbi (Administrador); Flavio Luis Scalco (Administrador); Juvenal Gomes Taques Fonseca (Administrador); Maa Investimentos E Participacoes Societarias Ltda (Sócio); Norsa Refrigerantes S.A (Sócio),1121600 - Fabricação de águas envasadas,"1122401 - Fabricação de refrigerantes; 1122402 - Fabricação de chá mate e outros chás prontos para consumo; 1122403 - Fabricação de refrescos, xaropes e pós para refrescos, exceto refrescos de frutas; 1122499 - Fabricação de outras bebidas não-alcoólicas não especificadas anteriormente; 4635401 - Comércio atacadista de água mineral; 4635402 - Comércio atacadista de cerveja, chope e refrigerante; 4635403 - Comércio atacadista de bebidas com atividade de fracionamento e acondicionamento associada; 4635499 - Comércio atacadista de bebidas não especificadas anteriormente; 7319099 - Outras atividades de publicidade não especificadas anteriormente; 7020400 - Atividades de consultoria em gestão empresarial, exceto consultoria técnica específica; 7490199 - Outras atividades profissionais, científicas e técnicas não especificadas anteriormente; 4729699 - Comércio varejista de produtos alimentícios em geral ou especializado em produtos alimentícios não especificados anteriormente; 4723700 - Comércio varejista de bebidas; 6463800 - Outras sociedades de participação, exceto holdings",False,alta,Receita Federal (BrasilAPI),2026-09-28T10:05:34
10751005,10751005000100,AC2 ENGENHARIA LTDA,AC2,ATIVA,Maceio,AL,"Rua Tereza De Azevedo, 01135, Gruta De Lourdes",57052600,(82) 3241-8430,,,,Alvaro Lyra Cintra Esequiel,Sócio-Administrador,Alvaro Lyra Cintra Esequiel (Sócio-Administrador); Christiano Edmundo Cintra Esequiel Filho (Sócio-Administrador); Eduardo Lyra Cintra Ezequiel (Sócio-Administrador),4120400 - Construção de edifícios,"3702900 - Atividades relacionadas a esgoto, exceto a gestão de redes; 4110700 - Incorporação de empreendimentos imobiliários; 4211101 - Construção de rodovias e ferrovias; 4212000 - Construção de obras de arte especiais; 4213800 - Obras de urbanização - ruas, praças e calçadas; 4221901 - Construção de barragens e represas para geração de energia elétrica; 4221902 - Construção de estações e redes de distribuição de energia elétrica; 4222701 - Construção de redes de abastecimento de água, coleta de esgoto e construções correlatas, exceto obras de irrigação; 4223500 - Construção de redes de transportes por dutos, exceto para água e esgoto; 4291000 - Obras portuárias, marítimas e fluviais; 4292801 - Montagem de estruturas metálicas; 4292802 - Obras de montagem industrial; 4299501 - Construção de instalações esportivas e recreativas; 4299599 - Outras obras de engenharia civil não especificadas anteriormente; 4311801 - Demolição de edifícios e outras estruturas; 4311802 - Preparação de canteiro e limpeza de terreno; 4312600 - Perfurações e sondagens; 4313400 - Obras de terraplenagem; 4319300 - Serviços de preparação do terreno não especificados anteriormente; 4321500 - Instalação e manutenção elétrica; 4322301 - Instalações hidráulicas, sanitárias e de gás; 4322303 - Instalações de sistema de prevenção contra incêndio; 4329199 - Outras obras de instalações em construções não especificadas anteriormente; 4330401 - Impermeabilização em obras de engenharia civil; 4330402 - Instalação de portas, janelas, tetos, divisórias e armários embutidos de qualquer material; 4330403 - Obras de acabamento em gesso e estuque; 4330404 - Serviços de pintura de edifícios em geral; 4330405 - Aplicação de revestimentos e de resinas em interiores e exteriores; 4330499 - Outras obras de acabamento da construção; 4391600 - Obras de fundações; 4399101 - Administração de obras; 4399102 - Montagem e desmontagem de andaimes e outras estruturas temporárias; 4399103 - Obras de alvenaria; 4399104 - Serviços de operação e fornecimento de equipamentos para transporte e elevação de cargas e pessoas para uso em obras; 4399105 - Perfuração e construção de poços de água; 4399199 - Serviços especializados para construção não especificados anteriormente; 7111100 - Serviços de arquitetura; 7112000 - Serviços de engenharia; 9002702 - Restauração de obras-de-arte",True,baixa,Receita Federal (BrasilAPI),2026-09-28T10:05:36
11035491,11035491000122,MIRAMAR CONSTRUTORA LTDA,MIRAMAR CONSTRUTORA,ATIVA,Maceio,AL,"Rua A, Lot. Parque Miramar, Quadra L, Lote 38, Sala 01, S/N, Sao Jorge",57044102,(82) 3325-2864,(82) 3375-9109,,,Paulo Guilherme Ataide Acioli,Sócio-Administrador,Anderson Acioli E Silva (Sócio); Paulo Guilherme Ataide Acioli (Sócio-Administrador),4120400 - Construção de edifícios,"4211101 - Construção de rodovias e ferrovias; 4212000 - Construção de obras de arte especiais; 4213800 - Obras de urbanização - ruas, praças e calçadas; 4299501 - Construção de instalações esportivas e recreativas; 4311801 - Demolição de edifícios e outras estruturas; 4313400 - Obras de terraplenagem; 7111100 - Serviços de arquitetura; 7119703 - Serviços de desenho técnico relacionados à arquitetura e engenharia",False,alta,Receita Federal (BrasilAPI),2026-09-28T10:05:38
11091079,11091079000120,A R ENGENHARIA E SERVICOS DE CONSTRUCAO LTDA,A R ENGENHARIA,ATIVA,Porto De Pedras,AL,"Acesso Povoado Tatuamunha, S/N, Zona Rural",57945000,(82) 8817-0202,,,,Diogo Jose Andrade Romao,Sócio-Administrador,Diogo Jose Andrade Romao (Sócio-Administrador),4120400 - Construção de edifícios,"3811400 - Coleta de resíduos não-perigosos; 4211101 - Construção de rodovias e ferrovias; 4213800 - Obras de urbanização - ruas, praças e calçadas; 4222701 - Construção de redes de abastecimento de água, coleta de esgoto e construções correlatas, exceto obras de irrigação; 4222702 - Obras de irrigação; 4299599 - Outras obras de engenharia civil não especificadas anteriormente; 4311801 - Demolição de edifícios e outras estruturas; 4312600 - Perfurações e sondagens; 4313400 - Obras de terraplenagem; 4321500 - Instalação e manutenção elétrica; 4322301 - Instalações hidráulicas, sanitárias e de gás; 4322302 - Instalação e manutenção de sistemas centrais de ar condicionado, de ventilação e refrigeração; 4329104 - Montagem e instalação de sistemas e equipamentos de iluminação e sinalização em vias públicas, portos e aeroportos; 4330401 - Impermeabilização em obras de engenharia civil; 4330403 - Obras de acabamento em gesso e estuque; 4330404 - Serviços de pintura de edifícios em geral; 4330405 - Aplicação de revestimentos e de resinas em interiores e exteriores; 4330499 - Outras obras de acabamento da construção; 4391600 - Obras de fundações; 4399102 - Montagem e desmontagem de andaimes e outras estruturas temporárias; 4399103 - Obras de alvenaria; 4399199 - Serviços especializados para construção não especificados anteriormente; 8121400 - Limpeza em prédios e em domicílios; 8122200 - Imunização e controle de pragas urbanas",False,alta,Receita Federal (BrasilAPI),2026-09-28T10:05:40
12316402,12316402000189,L PEREIRA & CIA LTDA,,ATIVA,Maceio,AL,"Rua Engenheiro Otavio Cabral, 1123, Gruta De Lourdes",57052483,(82) 3111-1111,,,,Luciana Maria Pereira Macambira,Sócio-Administrador,Jocelia Pereira Macambira Rocha (Sócio); Luciana Maria Pereira Macambira (Sócio-Administrador); Luiz Carlos Pereira Macambira (Sócio-Administrador); Luiz Pereira Da Silva (Sócio-Administrador),4211101 - Construção de rodovias e ferrovias,4120400 - Construção de edifícios; 4211102 - Pintura para sinalização em pistas rodoviárias e aeroportos; 4221901 - Construção de barragens e represas para geração de energia elétrica; 4221902 - Construção de estações e redes de distribuição de energia elétrica; 4299599 - Outras obras de engenharia civil não especificadas anteriormente; 4319300 - Serviços de preparação do terreno não especificados anteriormente; 6810202 - Aluguel de imóveis próprios; 7112000 - Serviços de engenharia; 8130300 - Atividades paisagísticas,False,alta,Receita Federal (BrasilAPI),2026-09-28T10:05:41
12423715,12423715000136,CONSTRUTORA ROCHA LTDA,ROCHA EMPREENDIMENTOS,ATIVA,Maceio,AL,"Avenida Fernandes Lima, 2229, Pinheiro",57057450,(82) 3313-3395,,,,Bruno Soares Carvalho,Sócio-Administrador,Bruno Soares Carvalho (Sócio-Administrador); Simonne Maria Calheiros Correia (Sócio),4120400 - Construção de edifícios,"4110700 - Incorporação de empreendimentos imobiliários; 6810201 - Compra e venda de imóveis próprios; 6810202 - Aluguel de imóveis próprios; 7111100 - Serviços de arquitetura; 7112000 - Serviços de engenharia; 7732201 - Aluguel de máquinas e equipamentos para construção sem operador, exceto andaimes",False,alta,Receita Federal (BrasilAPI),2026-09-28T10:05:43
14757564,14757564000188,CAVALCANTE PEIXOTO ENGENHARIA LTDA,CAVALCANTE PEIXOTO ENGENHARIA,ATIVA,Maceio,AL,"Avenida Veneravel Joao Vieira Chagas, 42, Jatiuca",57036655,(82) 3317-5564,,,,Anderson Cavalcante Peixoto,Sócio-Administrador,Anderson Cavalcante Peixoto (Sócio-Administrador),4120400 - Construção de edifícios,"161003 - Serviço de preparação de terreno, cultivo e colheita; 2539002 - Serviços de tratamento e revestimento em metais; 3321000 - Instalação de máquinas e equipamentos industriais; 4110700 - Incorporação de empreendimentos imobiliários; 4211101 - Construção de rodovias e ferrovias; 4211102 - Pintura para sinalização em pistas rodoviárias e aeroportos; 4212000 - Construção de obras de arte especiais; 4213800 - Obras de urbanização - ruas, praças e calçadas; 4221901 - Construção de barragens e represas para geração de energia elétrica; 4221903 - Manutenção de redes de distribuição de energia elétrica; 4221904 - Construção de estações e redes de telecomunicações; 4222701 - Construção de redes de abastecimento de água, coleta de esgoto e construções correlatas, exceto obras de irrigação; 4223500 - Construção de redes de transportes por dutos, exceto para água e esgoto; 4292801 - Montagem de estruturas metálicas; 4292802 - Obras de montagem industrial; 4299501 - Construção de instalações esportivas e recreativas; 4299599 - Outras obras de engenharia civil não especificadas anteriormente; 4311801 - Demolição de edifícios e outras estruturas; 4312600 - Perfurações e sondagens; 4313400 - Obras de terraplenagem; 4319300 - Serviços de preparação do terreno não especificados anteriormente; 4321500 - Instalação e manutenção elétrica; 4322302 - Instalação e manutenção de sistemas centrais de ar condicionado, de ventilação e refrigeração; 4329199 - Outras obras de instalações em construções não especificadas anteriormente; 4330401 - Impermeabilização em obras de engenharia civil; 4330403 - Obras de acabamento em gesso e estuque; 4330404 - Serviços de pintura de edifícios em geral; 4330405 - Aplicação de revestimentos e de resinas em interiores e exteriores; 4330499 - Outras obras de acabamento da construção; 4399101 - Administração de obras; 4399102 - Montagem e desmontagem de andaimes e outras estruturas temporárias; 4399103 - Obras de alvenaria; 4399104 - Serviços de operação e fornecimento de equipamentos para transporte e elevação de cargas e pessoas para uso em obras; 4399105 - Perfuração e construção de poços de água; 4399199 - Serviços especializados para construção não especificados anteriormente; 4929901 - Transporte rodoviário coletivo de passageiros, sob regime de fretamento, municipal; 5030102 - Navegação de apoio portuário; 5030103 - Serviço de rebocadores e empurradores; 5212500 - Carga e descarga; 5231101 - Administração da infra-estrutura portuária; 5231102 - Atividades do Operador Portuário; 5239799 - Atividades auxiliares dos transportes aquaviários não especificadas anteriormente; 6463800 - Outras sociedades de participação, exceto holdings; 7020400 - Atividades de consultoria em gestão empresarial, exceto consultoria técnica específica; 7112000 - Serviços de engenharia; 7119701 - Serviços de cartografia, topografia e geodésia; 7119703 - Serviços de desenho técnico relacionados à arquitetura e engenharia; 7319002 - Promoção de vendas; 7711000 - Locação de automóveis sem condutor; 7719599 - Locação de outros meios de transporte não especificados anteriormente, sem condutor; 7729202 - Aluguel de móveis, utensílios e aparelhos de uso doméstico e pessoal; instrumentos musicais; 7732201 - Aluguel de máquinas e equipamentos para construção sem operador, exceto andaimes; 7732202 - Aluguel de andaimes; 7733100 - Aluguel de máquinas e equipamentos para escritórios; 7739003 - Aluguel de palcos, coberturas e outras estruturas de uso temporário, exceto andaimes; 7810800 - Seleção e agenciamento de mão-de-obra; 7820500 - Locação de mão-de-obra temporária; 7830200 - Fornecimento e gestão de recursos humanos para terceiros; 7911200 - Agências de viagens; 7990200 - Serviços de reservas e outros serviços de turismo não especificados anteriormente; 8111700 - Serviços combinados para apoio a edifícios, exceto condomínios prediais; 8121400 - Limpeza em prédios e em domicílios; 8130300 - Atividades paisagísticas; 8211300 - Serviços combinados de escritório e apoio administrativo; 8219999 - Preparação de documentos e serviços especializados de apoio administrativo não especificados anteriormente; 8230001 - Serviços de organização de feiras, congressos, exposições e festas; 8299799 - Outras atividades de serviços prestados principalmente às empresas não especificadas anteriormente",False,alta,Receita Federal (BrasilAPI),2026-09-28T10:05:45
16970437,16970437000198,RNS CONSTRUCOES LTDA,LOBAO CONSTRUCOES,ATIVA,Delmiro Gouveia,AL,"Rua Senador Teotonio Vilela, 187, Sala B, Novo",57480000,(82) 9609-2114,,,,Rheostato Ewerton Fernandes Barretto,Sócio-Administrador,Rheostato Ewerton Fernandes Barretto (Sócio-Administrador); Sania Mendonca Da Fonseca Lisboa Das Chagas (Sócio),4399103 - Obras de alvenaria,"4120400 - Construção de edifícios; 4211101 - Construção de rodovias e ferrovias; 4212000 - Construção de obras de arte especiais; 4213800 - Obras de urbanização - ruas, praças e calçadas; 4222701 - Construção de redes de abastecimento de água, coleta de esgoto e construções correlatas, exceto obras de irrigação; 4299599 - Outras obras de engenharia civil não especificadas anteriormente; 4313400 - Obras de terraplenagem; 4319300 - Serviços de preparação do terreno não especificados anteriormente; 4330401 - Impermeabilização em obras de engenharia civil; 4330499 - Outras obras de acabamento da construção; 7719599 - Locação de outros meios de transporte não especificados anteriormente, sem condutor; 7732201 - Aluguel de máquinas e equipamentos para construção sem operador, exceto andaimes",False,alta,Receita Federal (BrasilAPI),2026-09-28T10:05:47
18286438,18286438000143,CONSTRUTORA NOVO HORIZONTE LTDA,CONSTRUTORA NOVO HORIZONTE,ATIVA,Arapiraca,AL,"Rua Nossa Senhora Do O, 682, Sala 02 E 03, Brasilia",57313310,(82) 9999-9999,,,,Joel Pereira Silva,Sócio-Administrador,Joel Pereira Silva (Sócio-Administrador),4120400 - Construção de edifícios,"161099 - Atividades de apoio à agricultura não especificadas anteriormente; 3811400 - Coleta de resíduos não-perigosos; 4211101 - Construção de rodovias e ferrovias; 4212000 - Construção de obras de arte especiais; 4213800 - Obras de urbanização - ruas, praças e calçadas; 4221901 - Construção de barragens e represas para geração de energia elétrica; 4222701 - Construção de redes de abastecimento de água, coleta de esgoto e construções correlatas, exceto obras de irrigação; 4222702 - Obras de irrigação; 4292801 - Montagem de estruturas metálicas; 4311801 - Demolição de edifícios e outras estruturas; 4313400 - Obras de terraplenagem; 4321500 - Instalação e manutenção elétrica; 4322301 - Instalações hidráulicas, sanitárias e de gás; 4322302 - Instalação e manutenção de sistemas centrais de ar condicionado, de ventilação e refrigeração; 4322303 - Instalações de sistema de prevenção contra incêndio; 4329199 - Outras obras de instalações em construções não especificadas anteriormente; 4330402 - Instalação de portas, janelas, tetos, divisórias e armários embutidos de qualquer material; 4330403 - Obras de acabamento em gesso e estuque; 4330404 - Serviços de pintura de edifícios em geral; 4330405 - Aplicação de revestimentos e de resinas em interiores e exteriores; 4330499 - Outras obras de acabamento da construção; 4391600 - Obras de fundações; 4399101 - Administração de obras; 4399102 - Montagem e desmontagem de andaimes e outras estruturas temporárias; 4399103 - Obras de alvenaria; 4399105 - Perfuração e construção de poços de água; 4399199 - Serviços especializados para construção não especificados anteriormente; 4923002 - Serviço de transporte de passageiros - locação de automóveis com motorista; 4924800 - Transporte escolar; 4929901 - Transporte rodoviário coletivo de passageiros, sob regime de fretamento, municipal; 4929902 - Transporte rodoviário coletivo de passageiros, sob regime de fretamento, intermunicipal, interestadual e internacional; 7711000 - Locação de automóveis sem condutor; 7719599 - Locação de outros meios de transporte não especificados anteriormente, sem condutor; 7732201 - Aluguel de máquinas e equipamentos para construção sem operador, exceto andaimes",True,baixa,Receita Federal (BrasilAPI),2026-09-28T10:05:49
22213836,22213836000107,"J3 INCORPORACAO, ENGENHARIA E CONSTRUCAO LTDA",J3 CONSTRUCOES,ATIVA,Maceio,AL,"Rua Professor Silvio De Macedo, 68, Andar: 4 Sala 2 3 E 4;, Jatiuca",57036740,(82) 4101-2013,,,,Diogo Jose Lima Rocha,Sócio-Administrador,Diogo Jose Lima Rocha (Sócio-Administrador); Joao Bruno Lima Rocha (Sócio),4120400 - Construção de edifícios,4110700 - Incorporação de empreendimentos imobiliários; 4299501 - Construção de instalações esportivas e recreativas; 4313400 - Obras de terraplenagem; 4391600 - Obras de fundações; 4399101 - Administração de obras; 4399199 - Serviços especializados para construção não especificados anteriormente; 7112000 - Serviços de engenharia,False,alta,Receita Federal (BrasilAPI),2026-09-28T10:05:51
24166688,24166688000142,CONSTRUTORA R PONTES LTDA,,ATIVA,Maceio,AL,"Rua Jose Soares Sobrinho, 119, Sala 405 A 408, Jatiuca",57036640,(82) 3241-4165,,,,Jose Roberto Leite De Pontes,Administrador,Jose Roberto Leite De Pontes (Administrador); Marta Rodrigues De Lima Pontes (Administrador); R Pontes & Cia - Participacoes Em Capital Ltda (Sócio),4120400 - Construção de edifícios,4110700 - Incorporação de empreendimentos imobiliários; 4299501 - Construção de instalações esportivas e recreativas; 6810202 - Aluguel de imóveis próprios,True,baixa,Receita Federal (BrasilAPI),2026-09-28T10:05:53
26774412,26774412000172,ISOACO INDUSTRIA E COMERCIO DE ACO LTDA,ISOACO INDUSTRIA E COMERCIO,ATIVA,Maceio,AL,"Avenida Deputado Serzedelo De Barros Correia, 6841, Lote 03 04 Parte Do 02 Lote 11 12 Parte Do 13, Clima Bom",57071230,(82) 4009-2304,(82) 4009-2324,,,Fernando Pedri,Sócio-Administrador,Fernando Pedri (Sócio-Administrador); Francisco Pedri (Sócio-Administrador); P S Comercio De Ferro E Aco Ltda (Sócio),2532201 - Produção de artefatos estampados de metal,"2229399 - Fabricação de artefatos de material plástico para outros usos não especificados anteriormente; 2423702 - Produção de laminados longos de aço, exceto tubos; 2431800 - Produção de tubos de aço com costura; 2439300 - Produção de outros tubos de ferro e aço; 2592602 - Fabricação de produtos de trefilados de metal, exceto padronizados; 2599302 - Serviço de corte e dobra de metais; 2599399 - Fabricação de outros produtos de metal não especificados anteriormente; 4679604 - Comércio atacadista especializado de materiais de construção não especificados anteriormente; 4744001 - Comércio varejista de ferragens e ferramentas; 4744099 - Comércio varejista de materiais de construção em geral",False,alta,Receita Federal (BrasilAPI),2026-09-28T10:05:55
35378132,35378132000136,PRECOL ENGENHARIA LTDA,PRECOL ENGENHARIA,ATIVA,Maceio,AL,"Rua Antonio Gerbase, 107, Terreo, Farol",57050160,(08) 2223-5920,,,,Marcelo Constantino Tavares,Sócio-Administrador,Marcelo Constantino Tavares (Sócio-Administrador),4120400 - Construção de edifícios,"7732201 - Aluguel de máquinas e equipamentos para construção sem operador, exceto andaimes; 7112000 - Serviços de engenharia",False,alta,Receita Federal (BrasilAPI),2026-09-28T10:05:57
37075344,37075344000170,PHS ENGENHARIA LTDA,PHS ENGENHARIA,ATIVA,Maceio,AL,"Rua Artur Vital Da Silva, 168, Gruta De Lourdes",57052790,(82) 3432-2596,,,,Phillipe De Jesus Salvador Santos,Sócio-Administrador,Phillipe De Jesus Salvador Santos (Sócio-Administrador),4120400 - Construção de edifícios,"4211101 - Construção de rodovias e ferrovias; 4221901 - Construção de barragens e represas para geração de energia elétrica; 4222701 - Construção de redes de abastecimento de água, coleta de esgoto e construções correlatas, exceto obras de irrigação; 4222702 - Obras de irrigação; 4291000 - Obras portuárias, marítimas e fluviais; 4292801 - Montagem de estruturas metálicas; 4292802 - Obras de montagem industrial; 4299501 - Construção de instalações esportivas e recreativas; 4312600 - Perfurações e sondagens; 4313400 - Obras de terraplenagem; 4321500 - Instalação e manutenção elétrica; 4391600 - Obras de fundações; 4399102 - Montagem e desmontagem de andaimes e outras estruturas temporárias; 4399105 - Perfuração e construção de poços de água; 7112000 - Serviços de engenharia; 7119701 - Serviços de cartografia, topografia e geodésia; 7119703 - Serviços de desenho técnico relacionados à arquitetura e engenharia; 7119799 - Atividades técnicas relacionadas à engenharia e arquitetura não especificadas anteriormente; 7732202 - Aluguel de andaimes; 7739003 - Aluguel de palcos, coberturas e outras estruturas de uso temporário, exceto andaimes; 7739099 - Aluguel de outras máquinas e equipamentos comerciais e industriais não especificados anteriormente, sem operador",False,alta,Receita Federal (BrasilAPI),2026-09-28T10:05:58
49122901,49122901000145,J L L INCORPORADORA E CONSTRUTORA LTDA,,ATIVA,Arapiraca,AL,"Sitio Balsamo, Sn, Zona Rural",57318350,(82) 8804-5050,,,,Jose Luciano Lino Da Silva,Sócio-Administrador,Jose Luciano Lino Da Silva (Sócio-Administrador),4110700 - Incorporação de empreendimentos imobiliários,4120400 - Construção de edifícios,False,alta,Receita Federal (BrasilAPI),2026-09-28T10:06:00
51482387,51482387000109,PROJETO IMOBILIARIO RECORD 27 SPE LTDA,,ATIVA,Maceio,AL,"Rua Santa Fernanda, 208, Sala 13, Jatiúca",57035670,(82) 3177-6500,,,,Caetano Ximenes De Aragao Filho,Administrador,Caetano Ximenes De Aragao Filho (Administrador); Helio Ribeiro De Abreu (Administrador); Jose Wagner Mendes Andrade (Administrador); Record Incorporacoes Ltda (Sócio); Record Planejamento E Construcao Ltda (Sócio),4110700 - Incorporação de empreendimentos imobiliários,4399101 - Administração de obras; 6810201 - Compra e venda de imóveis próprios; 6810202 - Aluguel de imóveis próprios,False,alta,Receita Federal (BrasilAPI),2026-09-28T10:06:02
51632690,51632690000132,OLERON RESORT RESIDENCE SPE LTDA,OLERON RESORT RESIDENCE SPE,ATIVA,Maceio,AL,"Avenida Governador Osman Loureiro, 49, Sala 504 Edif Business Tower, Mangabeiras",57037630,(11) 3087-6688,,,,Joao Gilberto De Carvalho Accioly,Sócio-Administrador,Engenharia Carvalho Accioly Ltda (Sócio); Geniusz Engenharia Integrada Ltda (Sócio); Joao Gilberto De Carvalho Accioly (Sócio-Administrador); Leandro Martins Kalinoski (Administrador); Marcelo De Carvalho Accioly (Sócio-Administrador); Renata De Carvalho Accioly Lima (Sócio); Rodrigo Carvalho Accioly (Sócio-Administrador),4110700 - Incorporação de empreendimentos imobiliários,6810201 - Compra e venda de imóveis próprios; 6810202 - Aluguel de imóveis próprios,False,alta,Receita Federal (BrasilAPI),2026-09-28T10:06:04
54416214,54416214000172,SUNRISE EMPREENDIMENTO IMOBILIARIO SPE LTDA,SUNRISE,ATIVA,Maceio,AL,"Rua Jangadeiros Alagoanos, 1188, Edif Millenium Tower Andar 8 Sala 802, Pajuçara",57030000,(82) 3336-1991,,,,Alfredo Guttenberg De Mendonca Breda,Administrador,Alfredo Guttenberg De Mendonca Breda (Administrador); Enord Engenharia Ltda (Sócio); Gaspar Guttenberg De Mendonca Breda (Administrador); Osman Ramires Neto (Administrador),4110700 - Incorporação de empreendimentos imobiliários,,True,baixa,Receita Federal (BrasilAPI),2026-09-28T10:06:06
55457107,55457107000155,CONSORCIO FABIO BRUNO E SOLUM,,ATIVA,Maceio,AL,"Rua Desembargador Hermann Soares Torres, 219, Gruta De Lourdes",57052402,(21) 2253-9515,,,,Giordano Bruno Pinto,Administrador,Fabio Bruno Construcoes Ltda. (Sociedade Consorciada); Giordano Bruno Pinto (Administrador); Solum Demolicoes E Terraplenagem Ltda (Sociedade Consorciada),4311801 - Demolição de edifícios e outras estruturas,"2391501 - Britamento de pedras, exceto associado à extração; 3314710 - Manutenção e reparação de máquinas e equipamentos para uso geral não especificados anteriormente; 3314713 - Manutenção e reparação de máquinas-ferramenta; 3314717 - Manutenção e reparação de máquinas e equipamentos de terraplenagem, pavimentação e construção, exceto tratores; 3319800 - Manutenção e reparação de equipamentos e produtos não especificados anteriormente; 3811400 - Coleta de resíduos não-perigosos; 3812200 - Coleta de resíduos perigosos; 3821100 - Tratamento e disposição de resíduos não-perigosos; 3831901 - Recuperação de sucatas de alumínio; 3831999 - Recuperação de materiais metálicos, exceto alumínio; 3900500 - Descontaminação e outros serviços de gestão de resíduos; 4212000 - Construção de obras de arte especiais; 4291000 - Obras portuárias, marítimas e fluviais; 4299599 - Outras obras de engenharia civil não especificadas anteriormente; 4311802 - Preparação de canteiro e limpeza de terreno; 4313400 - Obras de terraplenagem; 4319300 - Serviços de preparação do terreno não especificados anteriormente; 4391600 - Obras de fundações; 4399101 - Administração de obras; 4399102 - Montagem e desmontagem de andaimes e outras estruturas temporárias; 4399104 - Serviços de operação e fornecimento de equipamentos para transporte e elevação de cargas e pessoas para uso em obras; 4399199 - Serviços especializados para construção não especificados anteriormente; 4930201 - Transporte rodoviário de carga, exceto produtos perigosos e mudanças, municipal.; 4930202 - Transporte rodoviário de carga, exceto produtos perigosos e mudanças, intermunicipal, interestadual e internacional; 4930203 - Transporte rodoviário de produtos perigosos; 7112000 - Serviços de engenharia; 7732201 - Aluguel de máquinas e equipamentos para construção sem operador, exceto andaimes; 8121400 - Limpeza em prédios e em domicílios; 8122200 - Imunização e controle de pragas urbanas; 8129000 - Atividades de limpeza não especificadas anteriormente; 8130300 - Atividades paisagísticas",False,alta,Receita Federal (BrasilAPI),2026-09-28T10:06:08
57206917,57206917000164,CONSORCIO PDA,,ATIVA,Maceio,AL,"Rua Comendador Palmeira, 593, Farol",57051150,(82) 3221-1916,,,,Rafael Melo De Oliveira,Administrador,Alianca Construcoes Ltda (Sociedade Consorciada); Duppla Construcoes Ltda (Sociedade Consorciada); Plataforma Engenharia Ltda (Sociedade Consorciada); Rafael Melo De Oliveira (Administrador),4120400 - Construção de edifícios,"4213800 - Obras de urbanização - ruas, praças e calçadas; 4299501 - Construção de instalações esportivas e recreativas; 4330499 - Outras obras de acabamento da construção; 7112000 - Serviços de engenharia",True,baixa,Receita Federal (BrasilAPI),2026-09-28T10:06:10
57688320,57688320000101,SANTAI SPE LTDA,,ATIVA,Arapiraca,AL,"Avenida Deputada Ceci Cunha, 1179, Loja 02 Terreo, Novo Horizonte",57312675,(21) 9700-0304,,,,Antonio Marcos Lopes Fernandes Cursino,Administrador,Antonio Marcos Lopes Fernandes Cursino (Administrador); Carlos Eduardo Gomes Ribeiro (Sócio); Christiano Dos Santos Araujo (Sócio); Thomaz Ribeiro Santos (Administrador); Ype Investimentos E Participacoes Ltda. (Sócio),4120400 - Construção de edifícios,"4110700 - Incorporação de empreendimentos imobiliários; 4299599 - Outras obras de engenharia civil não especificadas anteriormente; 5510801 - Hotéis; 6810201 - Compra e venda de imóveis próprios; 6810202 - Aluguel de imóveis próprios; 7020400 - Atividades de consultoria em gestão empresarial, exceto consultoria técnica específica",False,alta,Receita Federal (BrasilAPI),2026-09-28T10:06:12
58075489,58075489000140,FORTALLECE EMPREENDIMENTO IMOBILIARIO SPE LTDA.,FORTALLECE CONSTRUCOES,ATIVA,Maceio,AL,"Avenida Doutor Antônio Gouveia, 61, Sala 403, Pajuçara",57030170,(82) 8812-0642,,,,Gilson Jose Lins Calheiros Junior,Administrador,Controle Construcoes Ltda (Sócio); Gilson Jose Lins Calheiros Junior (Administrador); Pedro Augusto Mendonca De Araujo Junior (Administrador); Pma Construcoes Ltda (Sócio),4110700 - Incorporação de empreendimentos imobiliários,,False,alta,Receita Federal (BrasilAPI),2026-09-28T10:06:14
59589569,59589569000187,VILLA TERRUA SPE LTDA,,ATIVA,Porto De Pedras,AL,"Loteamento Praia Dos Coqueiros, S/N, Dist. Tatuamunha P.P",57945000,(82) 9944-1000,,,,Kleber Gilo Dos Santos,Administrador,Empretec Construcoes Ltda (Sócio); Kleber Gilo Dos Santos (Administrador); Projecao Engenharia E Arquitetura Ltda (Sócio); Vitor De Oliveira Coelho (Administrador),4110700 - Incorporação de empreendimentos imobiliários,6810201 - Compra e venda de imóveis próprios; 6821801 - Corretagem na compra e venda e avaliação de imóveis,False,alta,Receita Federal (BrasilAPI),2026-09-28T10:06:16
60142273,60142273000100,CONSORCIO CEIS ARAPIRACA,,ATIVA,Maceio,AL,"Avenida Menino Marcelo, 2301, Galpaob Sala 02, Cidade Universitaria",57073470,(82) 9138-7576,,,,Joelice Jessica Basilio Da Silva,Administrador,J R A Construtora Ltda (Sociedade Consorciada); Joelice Jessica Basilio Da Silva (Administrador); Lc Engenharia E Empreendimentos Ltda (Sociedade Consorciada),4120400 - Construção de edifícios,,False,alta,Receita Federal (BrasilAPI),2026-09-28T10:06:18
61226615,61226615000125,AMARANTE EMPREENDIMENTO IMOBILIARIO SPE LTDA,,ATIVA,Maceio,AL,"Avenida Hamilton De Barros Soutinho, 797, Andar 1, Jatiúca",57035690,(82) 3327-6574,,,,Artur Mendonca Cavalcante Teixeira,Administrador,Artur Mendonca Cavalcante Teixeira (Administrador); Aurus Engenharia E Incorporacoes Ltda. (Sócio); Lucas Loureiro Brasileiro (Administrador); Luiza Loureiro Brasileiro (Administrador),4110700 - Incorporação de empreendimentos imobiliários,,False,alta,Receita Federal (BrasilAPI),2026-09-28T10:06:20
61966631,61966631000154,MIRAJ PATACHO EMPREENDIMENTO IMOBILIARIO SPE LTDA,,ATIVA,Maceio,AL,"Avenida Engenheiro Roberto Duarte Santana, 25, Sala 805, Pajucara",57030107,(82) 3022-9898,,,,Davi Toledo Tenorio De Amorim,Administrador,Ancol Anjos Engenharia Industria E Comercio Ltda (Sócio); Davi Toledo Tenorio De Amorim (Administrador); Lara Pinto Farias (Administrador); Vivant Incorporadora Ltda (Sócio),4110700 - Incorporação de empreendimentos imobiliários,6810201 - Compra e venda de imóveis próprios; 6822600 - Gestão e administração da propriedade imobiliária,False,alta,Receita Federal (BrasilAPI),2026-09-28T10:06:22
62313497,62313497000155,MVK INCORPORADORA LTDA,MVK INCORPORADORA,ATIVA,Arapiraca,AL,"Rua Brasília, 434, Brasília",57313130,(82) 9999-9999,,,,Maxsuel Fabian Cavalcante Silva,Sócio-Administrador,Maxsuel Fabian Cavalcante Silva (Sócio-Administrador),4110700 - Incorporação de empreendimentos imobiliários,4120400 - Construção de edifícios; 6810201 - Compra e venda de imóveis próprios,True,baixa,Receita Federal (BrasilAPI),2026-09-28T10:06:24
62525146,62525146000108,SF CONSTRUCOES E INCORPORACOES IMOBILIARIAS LTDA.,,ATIVA,Maceio,AL,"Rua Doutor José Corrêa Filho, 113, Apt 506, Ponta Verde",57035285,(11) 4023-6996,,,,Charles Fonseca De Paula,Administrador,Charles Fonseca De Paula (Administrador); Italo Luis Fonseca (Sócio Pessoa Física Residente no Exterior); Philip Willy Das Virgens Peeters (Administrador),4120400 - Construção de edifícios,4110700 - Incorporação de empreendimentos imobiliários; 4399199 - Serviços especializados para construção não especificados anteriormente; 6810201 - Compra e venda de imóveis próprios,False,alta,Receita Federal (BrasilAPI),2026-09-28T10:06:25
63432565,63432565000168,PIRANHAS 01 SPE EMPREENDIMENTO IMOBILIARIO LTDA,,ATIVA,Maceio,AL,"Avenida Fernandes Lima, 2229, Pinheiro",57057450,(82) 2103-0280,,,,Bruno Soares Carvalho,Administrador,Bruno Soares Carvalho (Administrador); Construtora Rocha Ltda (Sócio); Lenilton Fernando Pinto De Castro (Sócio); S & F Gestao Imobiliaria Ltda (Sócio),4110700 - Incorporação de empreendimentos imobiliários,,False,alta,Receita Federal (BrasilAPI),2026-09-28T10:06:27
64272150,64272150000137,BARCELOS INCORPORACAO E INVESTIMENTOS SPE LTDA,,ATIVA,Marechal Deodoro,AL,"Avenida Caravelas, 01, Quiosq069, Praia Do Frances",57160000,(82) 2103-0280,,,,Adriano De Oliveira Miranda,Administrador,Adriano De Oliveira Miranda (Administrador); Construart Ltda (Sócio); Jose Rui Lima Malgueiro Da Silva (Administrador); Paulo Henrique De Oliveira Miranda (Administrador); Paulo Jorge Nogueira Malgueiro Da Silva (Administrador); Torre - Engenharia E Servicos Ltda (Sócio),4110700 - Incorporação de empreendimentos imobiliários,,False,alta,Receita Federal (BrasilAPI),2026-09-28T10:06:29
70000435,70000435000111,MARCA CONSTRUTORA LTDA,,ATIVA,Maceio,AL,"Avenida Dr. Antonio Gomes De Barros, 625, Sala 201 E 202 Edif The Square Park Offi, Jatiuca",57036000,(82) 3231-3841,,,,Sizino Dos Passos Moura Junior,Sócio-Administrador,Sizino Dos Passos Moura Junior (Sócio-Administrador),4110700 - Incorporação de empreendimentos imobiliários,4120400 - Construção de edifícios; 6810201 - Compra e venda de imóveis próprios; 6810202 - Aluguel de imóveis próprios; 6810203 - Loteamento de imóveis próprios,False,alta,Receita Federal (BrasilAPI),2026-09-28T10:06:31
08343492,08343492011164,MRV ENGENHARIA E PARTICIPACOES SA,,ATIVA,Maceio,AL,"Avenida Comendador Gustavo Paiva, 188, Cruz Das Almas",57037532,(31) 3615-8000,(31) 1111-1111,,,Rafael Nazareth Menin Teixeira De Souza,Presidente,Eduardo Fischer Teixeira De Souza (Diretor); Junia Maria De Sousa Lima Galvao (Diretor); Rafael Nazareth Menin Teixeira De Souza (Presidente); Rafael Pires E Albuquerque (Diretor); Raphael Rocha Lafeta (Diretor); Ricardo Paixao Pinto Rodrigues (Diretor); Rodrigo Martins De Resende (Diretor); Ronaldo Pedreira Ayres Da Motta Filho (Diretor); Thiago Correa Ely (Diretor),4110700 - Incorporação de empreendimentos imobiliários,"4120400 - Construção de edifícios; 6810201 - Compra e venda de imóveis próprios; 6810202 - Aluguel de imóveis próprios; 7490104 - Atividades de intermediação e agenciamento de serviços e negócios em geral, exceto imobiliários",False,alta,Receita Federal (BrasilAPI),2026-09-28T10:06:33
42150391,42150391002033,BRASKEM S.A,,ATIVA,Maceio,AL,"Avenida Major Cicero De Goes Monteiro, S/N, Bebedouro",57017320,(71) 3504-7100,,,,Helcio Tokeshi,Presidente,Alessandro De Castro Melo (Diretor); Camilla Tedeschi De Toledo Tapias (Diretor); Carlos Augusto Machado Pereira De Almeida Brandao (Diretor); Carlos Plachta (Diretor); Fernando Sabbi Melgarejo (Conselheiro de Administração); Helcio Tokeshi (Presidente); Helio Baptista Novaes (Conselheiro de Administração); Isabella Saboya De Albuquerque (Conselheiro de Administração); Luciano Galvao Coutinho (Conselheiro de Administração); Luiz Gustavo Perrotti Rossato (Diretor); Magda Maria De Regina Chambriard (Conselheiro de Administração); Marcelo Weick Pogliese (Conselheiro de Administração); Maria Leticia De Freitas Costa (Conselheiro de Administração); Nir Lander (Diretor); Octavio Cortes Pereira Lopes (Conselheiro de Administração); Paulo Roberto Britto Guimaraes (Conselheiro de Administração); Raphael Franco De Campos (Diretor); Walter Susini (Conselheiro de Administração); William Franca Da Silva (Conselheiro de Administração),892402 - Extração de sal-gema,990403 - Atividades de apoio à extração de minerais não-metálicos,False,alta,Receita Federal (BrasilAPI),2026-09-28T10:06:35
00338885,00338885000990,NOVATEC CONSTRUCOES E EMPREENDIMENTOS LTDA,,ATIVA,Agua Branca,AL,"Rodovia Br 423, S/N, Povoado Maria Bode",57490000,(81) 3322-5522,,,,Alexandre Albuquerque Teixeira,Sócio-Administrador,Alexandre Albuquerque Teixeira (Sócio-Administrador),4211101 - Construção de rodovias e ferrovias,"4299599 - Outras obras de engenharia civil não especificadas anteriormente; 4313400 - Obras de terraplenagem; 4319300 - Serviços de preparação do terreno não especificados anteriormente; 7112000 - Serviços de engenharia; 7732201 - Aluguel de máquinas e equipamentos para construção sem operador, exceto andaimes",False,alta,Receita Federal (BrasilAPI),2026-09-28T10:06:37
03318115,03318115000206,AMORIM BARRETO ENGENHARIA LTDA,,ATIVA,Maceio,AL,"Rua Pernanbuco, 87, Poco",57025350,(08) 2221-4993,,,,Augusto Cesar Barreto De Amorim,Sócio-Administrador,Augusto Cesar Barreto De Amorim (Sócio-Administrador); Hacan Gestao E Participacoes Ltda (Sócio); Hildebrando Augusto Caldas De Amorim Neto (Sócio-Administrador); Marcos Augusto Barreto De Amorim (Sócio-Administrador); Vanessa Barreto De Amorim Falcone (Sócio),4211101 - Construção de rodovias e ferrovias,,False,alta,Receita Federal (BrasilAPI),2026-09-28T10:06:39
04439268,04439268000347,LATICINIOS SANTA MARIA LTDA,NATVILLE,ATIVA,Uniao Dos Palmares,AL,"Distrito Industrial Floriano Rosa, Sn, Quadraa, Roberto Correia De Araujo",57800000,(79) 9182-0079,,,,Janea Maria Mota Santos Dantas,Sócio-Administrador,Acg Participacoes Ltda (Sócio); Janea Maria Mota Santos Dantas (Sócio-Administrador),1052000 - Fabricação de laticínios,"1033301 - Fabricação de sucos concentrados de frutas, hortaliças e legumes; 1051100 - Preparação do leite; 1093701 - Fabricação de produtos derivados do cacau e de chocolates; 1099699 - Fabricação de outros produtos alimentícios não especificados anteriormente; 4930202 - Transporte rodoviário de carga, exceto produtos perigosos e mudanças, intermunicipal, interestadual e internacional; 8292000 - Envasamento e empacotamento sob contrato",False,alta,Receita Federal (BrasilAPI),2026-09-28T10:06:41
09080623,09080623000781,VIPETRO CONSTRUCOES E MONTAGENS INDUSTRIAIS LTDA.,,ATIVA,Maceio,AL,"Rua Maragogi, 15, Canaa",57080110,(84) 3316-7000,,,,Francisco Vilmar Pereira,Sócio-Administrador,Francisco Vilmar Pereira (Sócio-Administrador); Rosana Melo Da Costa Pereira (Sócio),4292802 - Obras de montagem industrial,"910600 - Atividades de apoio à extração de petróleo e gás natural; 2539001 - Serviços de usinagem, tornearia e solda; 4120400 - Construção de edifícios; 4211101 - Construção de rodovias e ferrovias; 4213800 - Obras de urbanização - ruas, praças e calçadas; 4222701 - Construção de redes de abastecimento de água, coleta de esgoto e construções correlatas, exceto obras de irrigação; 4222702 - Obras de irrigação; 4223500 - Construção de redes de transportes por dutos, exceto para água e esgoto; 4299501 - Construção de instalações esportivas e recreativas; 4313400 - Obras de terraplenagem; 4923002 - Serviço de transporte de passageiros - locação de automóveis com motorista; 4930202 - Transporte rodoviário de carga, exceto produtos perigosos e mudanças, intermunicipal, interestadual e internacional; 4930203 - Transporte rodoviário de produtos perigosos; 7711000 - Locação de automóveis sem condutor; 7731400 - Aluguel de máquinas e equipamentos agrícolas sem operador; 7732201 - Aluguel de máquinas e equipamentos para construção sem operador, exceto andaimes; 7732202 - Aluguel de andaimes; 7810800 - Seleção e agenciamento de mão-de-obra; 7820500 - Locação de mão-de-obra temporária",False,alta,Receita Federal (BrasilAPI),2026-09-28T10:06:43
09191102,09191102001269,STANZA INCORPORACAO E CONSTRUCAO LTDA,STANZA,ATIVA,Maceio,AL,"Avenida Comendador Gustavo Paiva, 5945, Loja 3026, Cruz Das Almas",57038000,(79) 9962-7992,,,,Luciano Franco Barreto Neto,Sócio-Administrador,Ana Cecilia Teixeira Barreto De Oliveira (Sócio); Luciano Franco Barreto Neto (Sócio-Administrador),4110700 - Incorporação de empreendimentos imobiliários,4120400 - Construção de edifícios; 6810201 - Compra e venda de imóveis próprios; 6810202 - Aluguel de imóveis próprios; 6821801 - Corretagem na compra e venda e avaliação de imóveis; 6821802 - Corretagem no aluguel de imóveis; 7111100 - Serviços de arquitetura,False,alta,Receita Federal (BrasilAPI),2026-09-28T10:06:45
33541368,33541368001279,AXIA ENERGIA NORDESTE S.A.,SE MACEIO,ATIVA,Maceio,AL,"Rua Santa Quiteria, 9, Quadra H Loteamento Clima Bom, Tabuleiro Dos Martins",57071470,(81) 3229-2330,,,,Tony Ulysses Rodrigues De Matos Firmino,Presidente,Eduardo Haiama (Diretor); Jenner Guimaraes Do Rego (Diretor); Tony Ulysses Rodrigues De Matos Firmino (Presidente),3511501 - Geração de energia elétrica,3512300 - Transmissão de energia elétrica,False,alta,Receita Federal (BrasilAPI),2026-09-28T10:06:47
35335154,35335154000208,DBN - DEBONI SISTEMAS CONSTRUTIVOS LTDA,,ATIVA,Maceio,AL,"Avenida Doutor Sebastiao Correia Da Rocha, 900, Petropolis",57062586,(51) 3085-8361,,,,Carlos Alberto Deboni,Administrador,Carlos Alberto Deboni (Administrador); Fetasa Holding E Participacoes Ltda (Sócio); Patagonia Participacoes Ltda (Sócio),4120400 - Construção de edifícios,"4110700 - Incorporação de empreendimentos imobiliários; 4212000 - Construção de obras de arte especiais; 4213800 - Obras de urbanização - ruas, praças e calçadas; 4222701 - Construção de redes de abastecimento de água, coleta de esgoto e construções correlatas, exceto obras de irrigação; 4299501 - Construção de instalações esportivas e recreativas; 4299599 - Outras obras de engenharia civil não especificadas anteriormente; 4313400 - Obras de terraplenagem; 4319300 - Serviços de preparação do terreno não especificados anteriormente; 4399101 - Administração de obras; 4399199 - Serviços especializados para construção não especificados anteriormente; 6822600 - Gestão e administração da propriedade imobiliária; 7112000 - Serviços de engenharia",False,alta,Receita Federal (BrasilAPI),2026-09-28T10:34:35
09066964,09066964000107,ALIANCA CONSTRUCOES LTDA,,ATIVA,Maceio,AL,"Praca Do Pirulito, 222, Andar 01, Prado",57010295,(82) 3221-5051,,,,Leandro Edmundo Costa Esequiel,Sócio-Administrador,Leandro Edmundo Costa Esequiel (Sócio-Administrador); Leonardo Edmundo Costa Esequiel (Sócio-Administrador),4120400 - Construção de edifícios,"4211101 - Construção de rodovias e ferrovias; 4213800 - Obras de urbanização - ruas, praças e calçadas; 4313400 - Obras de terraplenagem; 4399199 - Serviços especializados para construção não especificados anteriormente; 7732201 - Aluguel de máquinas e equipamentos para construção sem operador, exceto andaimes; 7732202 - Aluguel de andaimes",False,alta,Receita Federal (BrasilAPI),2026-09-28T10:34:36
13748815,13748815000103,TOTEM INFRAESTRUTURA E CONSTRUCAO CIVIL LTDA,TOTEM,ATIVA,Maceio,AL,"Avenida Deputado Humberto Mendes, 796, Sala 40, Poco",57025275,(82) 9128-6970,,,,Deves Brandao De Almeida,Sócio-Administrador,Deves Brandao De Almeida (Sócio-Administrador),4211101 - Construção de rodovias e ferrovias,"4120400 - Construção de edifícios; 4211102 - Pintura para sinalização em pistas rodoviárias e aeroportos; 4212000 - Construção de obras de arte especiais; 4213800 - Obras de urbanização - ruas, praças e calçadas; 4222701 - Construção de redes de abastecimento de água, coleta de esgoto e construções correlatas, exceto obras de irrigação; 4299501 - Construção de instalações esportivas e recreativas; 4299599 - Outras obras de engenharia civil não especificadas anteriormente; 4311801 - Demolição de edifícios e outras estruturas; 4311802 - Preparação de canteiro e limpeza de terreno; 4313400 - Obras de terraplenagem; 4319300 - Serviços de preparação do terreno não especificados anteriormente; 4321500 - Instalação e manutenção elétrica; 4391600 - Obras de fundações; 7112000 - Serviços de engenharia; 7711000 - Locação de automóveis sem condutor; 7732201 - Aluguel de máquinas e equipamentos para construção sem operador, exceto andaimes",False,alta,Receita Federal (BrasilAPI),2026-09-28T10:34:37
18818196,18818196000191,INOVE CONSTRUCOES LTDA,INOVE CONTRUCOES,ATIVA,Maceio,AL,"Rua Pedro Americo, 696 A, Poco",57025890,(82) 8216-3859,,,,Luiz Fernando De Carvalho Falcao,Sócio-Administrador,Luiz Fernando De Carvalho Falcao (Sócio-Administrador),4120400 - Construção de edifícios,"3702900 - Atividades relacionadas a esgoto, exceto a gestão de redes; 4110700 - Incorporação de empreendimentos imobiliários; 4211101 - Construção de rodovias e ferrovias; 4212000 - Construção de obras de arte especiais; 4213800 - Obras de urbanização - ruas, praças e calçadas; 4221901 - Construção de barragens e represas para geração de energia elétrica; 4221902 - Construção de estações e redes de distribuição de energia elétrica; 4222701 - Construção de redes de abastecimento de água, coleta de esgoto e construções correlatas, exceto obras de irrigação; 4223500 - Construção de redes de transportes por dutos, exceto para água e esgoto; 4291000 - Obras portuárias, marítimas e fluviais; 4292801 - Montagem de estruturas metálicas; 4292802 - Obras de montagem industrial; 4299501 - Construção de instalações esportivas e recreativas; 4299599 - Outras obras de engenharia civil não especificadas anteriormente; 4311801 - Demolição de edifícios e outras estruturas; 4311802 - Preparação de canteiro e limpeza de terreno; 4312600 - Perfurações e sondagens; 4313400 - Obras de terraplenagem; 4319300 - Serviços de preparação do terreno não especificados anteriormente; 4321500 - Instalação e manutenção elétrica; 4322301 - Instalações hidráulicas, sanitárias e de gás; 4322303 - Instalações de sistema de prevenção contra incêndio; 4329199 - Outras obras de instalações em construções não especificadas anteriormente; 4330401 - Impermeabilização em obras de engenharia civil; 4330402 - Instalação de portas, janelas, tetos, divisórias e armários embutidos de qualquer material; 4330403 - Obras de acabamento em gesso e estuque; 4330404 - Serviços de pintura de edifícios em geral; 4330405 - Aplicação de revestimentos e de resinas em interiores e exteriores; 4330499 - Outras obras de acabamento da construção; 4399101 - Administração de obras; 4399102 - Montagem e desmontagem de andaimes e outras estruturas temporárias; 4399103 - Obras de alvenaria; 4399104 - Serviços de operação e fornecimento de equipamentos para transporte e elevação de cargas e pessoas para uso em obras; 4399105 - Perfuração e construção de poços de água; 4399199 - Serviços especializados para construção não especificados anteriormente; 7111100 - Serviços de arquitetura; 7112000 - Serviços de engenharia; 7739099 - Aluguel de outras máquinas e equipamentos comerciais e industriais não especificados anteriormente, sem operador",False,alta,Receita Federal (BrasilAPI),2026-09-28T10:34:38
26609733,26609733000111,SEABRA ENGENHARIA E PROJETOS LTDA,SEABRA CONSTRUCOES,ATIVA,Maceio,AL,"Rua Professor Silvio De Macedo, 68, Andar 4, Jatiuca",57036740,(82) 9656-7003,,,,Francisco Paulo De Barros Seabra,Sócio-Administrador,Francisco Paulo De Barros Seabra (Sócio-Administrador),4120400 - Construção de edifícios,"4211101 - Construção de rodovias e ferrovias; 4212000 - Construção de obras de arte especiais; 4213800 - Obras de urbanização - ruas, praças e calçadas; 4221902 - Construção de estações e redes de distribuição de energia elétrica; 4222701 - Construção de redes de abastecimento de água, coleta de esgoto e construções correlatas, exceto obras de irrigação; 4292801 - Montagem de estruturas metálicas; 4292802 - Obras de montagem industrial; 4299501 - Construção de instalações esportivas e recreativas; 4299599 - Outras obras de engenharia civil não especificadas anteriormente; 4311801 - Demolição de edifícios e outras estruturas; 4313400 - Obras de terraplenagem; 4321500 - Instalação e manutenção elétrica; 4322301 - Instalações hidráulicas, sanitárias e de gás; 4322302 - Instalação e manutenção de sistemas centrais de ar condicionado, de ventilação e refrigeração; 4322303 - Instalações de sistema de prevenção contra incêndio; 4330401 - Impermeabilização em obras de engenharia civil; 4330403 - Obras de acabamento em gesso e estuque; 4330404 - Serviços de pintura de edifícios em geral; 4330405 - Aplicação de revestimentos e de resinas em interiores e exteriores; 4330499 - Outras obras de acabamento da construção; 4391600 - Obras de fundações; 4399103 - Obras de alvenaria; 7112000 - Serviços de engenharia",False,alta,Receita Federal (BrasilAPI),2026-09-28T10:34:39
35631449,35631449000132,A QUATRO ARQUITETURA E CONSTRUCOES LTDA,,ATIVA,Maceio,AL,"Rua Manoel Maia Nobre, 33, Sala 12, Farol",57050120,,,,,Jair Nogueira Alves,Sócio-Administrador,Jair Nogueira Alves (Sócio-Administrador); Julia Badra Nogueira Alves (Sócio-Administrador); Pedro Badra Nogueira Alves (Sócio-Administrador),4120400 - Construção de edifícios,"3600601 - Captação, tratamento e distribuição de água; 4110700 - Incorporação de empreendimentos imobiliários; 4211101 - Construção de rodovias e ferrovias; 4212000 - Construção de obras de arte especiais; 4221901 - Construção de barragens e represas para geração de energia elétrica; 4222701 - Construção de redes de abastecimento de água, coleta de esgoto e construções correlatas, exceto obras de irrigação; 4299501 - Construção de instalações esportivas e recreativas; 4313400 - Obras de terraplenagem; 4319300 - Serviços de preparação do terreno não especificados anteriormente; 4321500 - Instalação e manutenção elétrica; 4399101 - Administração de obras; 4399199 - Serviços especializados para construção não especificados anteriormente; 6822600 - Gestão e administração da propriedade imobiliária; 7111100 - Serviços de arquitetura; 7112000 - Serviços de engenharia; 8130300 - Atividades paisagísticas; 9002702 - Restauração de obras-de-arte",False,baixa,Receita Federal (BrasilAPI),2026-09-28T10:34:40
02393324,02393324000162,SAMPAIO CONSTRUCOES - EM RECUPERACAO JUDICIAL LTDA,SAMPAIO CONSTRUCOES LTDA,ATIVA,Maceio,AL,"Rua Franca Morel, 234, Centro",57020560,(08) 2223-5643,,,,Carlos Jorge Uchoa Sampaio,Sócio-Administrador,Carlos Jorge Uchoa Sampaio (Sócio-Administrador),4120400 - Construção de edifícios,"4221902 - Construção de estações e redes de distribuição de energia elétrica; 4329104 - Montagem e instalação de sistemas e equipamentos de iluminação e sinalização em vias públicas, portos e aeroportos",False,alta,Receita Federal (BrasilAPI),2026-09-28T10:34:41
03614296,03614296000129,TORRES CONSTRUCOES & EMPREENDIMENTOS LTDA,,ATIVA,Maceio,AL,"Rua Iris Alagoense, 873, Farol",57051370,(82) 3372-8010,,,,Vanessa Barbosa Prudente Torres,Sócio-Administrador,Luciano De Oliveira Torres (Sócio); Vanessa Barbosa Prudente Torres (Sócio-Administrador),4120400 - Construção de edifícios,"4213800 - Obras de urbanização - ruas, praças e calçadas; 4222701 - Construção de redes de abastecimento de água, coleta de esgoto e construções correlatas, exceto obras de irrigação",False,alta,Receita Federal (BrasilAPI),2026-09-28T10:34:43
04234822,04234822000198,ALICERCE CONSTRUTORA LTDA,,ATIVA,Atalaia,AL,"Rua Projetada, 20, Jose Paulino",57690000,(82) 9822-2277,,,,Alice Danyelle Pinheiro Costa Tenorio,Sócio-Administrador,Alice Danyelle Pinheiro Costa Tenorio (Sócio-Administrador); Marli Pinheiro Costa (Sócio),4120400 - Construção de edifícios,"2330302 - Fabricação de artefatos de cimento para uso na construção; 3102100 - Fabricação de móveis com predominância de metal; 4211101 - Construção de rodovias e ferrovias; 4213800 - Obras de urbanização - ruas, praças e calçadas; 4221902 - Construção de estações e redes de distribuição de energia elétrica; 4221903 - Manutenção de redes de distribuição de energia elétrica; 4222701 - Construção de redes de abastecimento de água, coleta de esgoto e construções correlatas, exceto obras de irrigação; 4292801 - Montagem de estruturas metálicas; 4299501 - Construção de instalações esportivas e recreativas; 4313400 - Obras de terraplenagem; 4321500 - Instalação e manutenção elétrica; 4329104 - Montagem e instalação de sistemas e equipamentos de iluminação e sinalização em vias públicas, portos e aeroportos; 4330401 - Impermeabilização em obras de engenharia civil; 4330402 - Instalação de portas, janelas, tetos, divisórias e armários embutidos de qualquer material; 4330404 - Serviços de pintura de edifícios em geral; 4399104 - Serviços de operação e fornecimento de equipamentos para transporte e elevação de cargas e pessoas para uso em obras; 4399105 - Perfuração e construção de poços de água; 4921301 - Transporte rodoviário coletivo de passageiros, com itinerário fixo, municipal; 4930202 - Transporte rodoviário de carga, exceto produtos perigosos e mudanças, intermunicipal, interestadual e internacional; 7111100 - Serviços de arquitetura; 7119701 - Serviços de cartografia, topografia e geodésia; 7732201 - Aluguel de máquinas e equipamentos para construção sem operador, exceto andaimes; 8122200 - Imunização e controle de pragas urbanas",False,alta,Receita Federal (BrasilAPI),2026-09-28T10:34:44
05541344,05541344000121,CONSTRUTORA TERRA NORDESTE LTDA,CONSTRUTORA TERRA NORDESTE,ATIVA,Barra De Santo Antonio,AL,"Avenida Pedro Lopes De Vasconcelos, Sn, Lote 55 Quadrai, Paraiso",57925000,(82) 3221-1839,,,,Sammy Mota De Vasconcelos,Sócio-Administrador,Sammy Mota De Vasconcelos (Sócio-Administrador),4120400 - Construção de edifícios,"4222701 - Construção de redes de abastecimento de água, coleta de esgoto e construções correlatas, exceto obras de irrigação; 4299501 - Construção de instalações esportivas e recreativas; 4313400 - Obras de terraplenagem; 4322301 - Instalações hidráulicas, sanitárias e de gás; 4213800 - Obras de urbanização - ruas, praças e calçadas",False,alta,Receita Federal (BrasilAPI),2026-09-28T10:34:45
05742344,05742344000190,PRECISAO PROJETOS E CONSTRUCOES LTDA,PRECISAO PROJETOS E CONSTRUCOES,ATIVA,Maceio,AL,"Rua Ernani Bezerra Cavalcante, 5 - A, Feitosa",57042754,(82) 3235-5145,,,,Andre Alexandre De Lira Goveia,Sócio-Administrador,Andre Alexandre De Lira Goveia (Sócio-Administrador),4120400 - Construção de edifícios,"4110700 - Incorporação de empreendimentos imobiliários; 4211101 - Construção de rodovias e ferrovias; 4222701 - Construção de redes de abastecimento de água, coleta de esgoto e construções correlatas, exceto obras de irrigação; 4292801 - Montagem de estruturas metálicas; 4313400 - Obras de terraplenagem; 4321500 - Instalação e manutenção elétrica; 4399101 - Administração de obras; 4399102 - Montagem e desmontagem de andaimes e outras estruturas temporárias; 8130300 - Atividades paisagísticas",False,alta,Receita Federal (BrasilAPI),2026-09-28T10:34:46
05786268,05786268000114,CRITERIO ENGENHARIA - EM RECUPERACAO JUDICIAL LTDA,CRITERIO ENGENHARIA,ATIVA,Maceio,AL,"Rua Jose De Alencar, 126, Farol",57051565,(82) 2140-1179,,,,Israel Jose Coelho Da Paz De Lima,Sócio-Administrador,Israel Jose Coelho Da Paz De Lima (Sócio-Administrador),4120400 - Construção de edifícios,"4321500 - Instalação e manutenção elétrica; 4299501 - Construção de instalações esportivas e recreativas; 4322301 - Instalações hidráulicas, sanitárias e de gás; 4110700 - Incorporação de empreendimentos imobiliários; 7111100 - Serviços de arquitetura; 8130300 - Atividades paisagísticas; 4322303 - Instalações de sistema de prevenção contra incêndio",False,alta,Receita Federal (BrasilAPI),2026-09-28T10:34:47
07343582,07343582000158,MC CONSTRUCOES E ASSESSORIA LTDA,MC ASSESSORIAS,ATIVA,Piranhas,AL,"Rua Campo Grande, S/N, Vila Alagoas",57462020,(82) 9627-5290,,,,Nilmar Alves De Carvalho,Sócio-Administrador,Nilmar Alves De Carvalho (Sócio-Administrador),4120400 - Construção de edifícios,"4213800 - Obras de urbanização - ruas, praças e calçadas; 4330499 - Outras obras de acabamento da construção; 4399199 - Serviços especializados para construção não especificados anteriormente; 4923002 - Serviço de transporte de passageiros - locação de automóveis com motorista; 4924800 - Transporte escolar; 7711000 - Locação de automóveis sem condutor; 7731400 - Aluguel de máquinas e equipamentos agrícolas sem operador; 8121400 - Limpeza em prédios e em domicílios",False,alta,Receita Federal (BrasilAPI),2026-09-28T10:34:48
08447286,08447286000160,CONSTRUTORA MODELO LTDA,CONSTRUTORA MODELO,ATIVA,Maceio,AL,"Condominio Aldebaran Omega, S/N, Quadram Lote 28, Jardim Petropolis",57080900,(82) 9971-6298,(82) 9106-2926,,,Jose Temistocles Pereira Neto,Sócio-Administrador,Jose Temistocles Pereira Neto (Sócio-Administrador),4120400 - Construção de edifícios,4299501 - Construção de instalações esportivas e recreativas,False,alta,Receita Federal (BrasilAPI),2026-09-28T10:34:49
09538176,09538176000176,L2B ENGENHARIA LTDA,L2B ENGENHARIA,ATIVA,Maceio,AL,"Avenida Comendador Leao, 893, Poco",57025000,(82) 9316-4165,,,,Marcus Vinicius Lopes Barbosa,Sócio-Administrador,Marcus Vinicius Lopes Barbosa (Sócio-Administrador),4120400 - Construção de edifícios,"4110700 - Incorporação de empreendimentos imobiliários; 4213800 - Obras de urbanização - ruas, praças e calçadas; 4313400 - Obras de terraplenagem; 4321500 - Instalação e manutenção elétrica; 4322301 - Instalações hidráulicas, sanitárias e de gás; 4322302 - Instalação e manutenção de sistemas centrais de ar condicionado, de ventilação e refrigeração; 4329105 - Tratamentos térmicos, acústicos ou de vibração; 4329199 - Outras obras de instalações em construções não especificadas anteriormente; 4330402 - Instalação de portas, janelas, tetos, divisórias e armários embutidos de qualquer material; 4330499 - Outras obras de acabamento da construção; 4399199 - Serviços especializados para construção não especificados anteriormente; 6810201 - Compra e venda de imóveis próprios; 7112000 - Serviços de engenharia; 7732201 - Aluguel de máquinas e equipamentos para construção sem operador, exceto andaimes; 7732202 - Aluguel de andaimes; 7739099 - Aluguel de outras máquinas e equipamentos comerciais e industriais não especificados anteriormente, sem operador; 7820500 - Locação de mão-de-obra temporária; 8121400 - Limpeza em prédios e em domicílios; 8129000 - Atividades de limpeza não especificadas anteriormente",False,alta,Receita Federal (BrasilAPI),2026-09-28T10:34:50
11159179,11159179000140,L T CONSTRUTORA LTDA,CONSTRUTORA SENHOR DO BOMFIM LTDA,ATIVA,Coruripe,AL,"Rua Alegria, 3, Cond Capiata, Alto Do Cruzeiro",57230000,(82) 3273-3000,,,,Luiz Carlos E Silva,Sócio-Administrador,Jose Samuel E Silva (Sócio); Luiz Carlos E Silva (Sócio-Administrador); Thaiz Da Silva (Sócio-Administrador),4120400 - Construção de edifícios,"4110700 - Incorporação de empreendimentos imobiliários; 4321500 - Instalação e manutenção elétrica; 4322301 - Instalações hidráulicas, sanitárias e de gás",False,alta,Receita Federal (BrasilAPI),2026-09-28T10:34:51
12618959,12618959000174,E A F CONSTRUCOES LTDA,CONSTRUTORA FREITAS,ATIVA,Maceio,AL,"Avenida Dom Antonio Brandao, 203, Sala 809 Cond 203 Offices, Farol",57051190,(82) 3024-3978,,,,Erivaldo Antonio De Freitas,Sócio-Administrador,Erivaldo Antonio De Freitas (Sócio-Administrador); Neilde Carlos De Freitas (Sócio-Administrador),4120400 - Construção de edifícios,4299599 - Outras obras de engenharia civil não especificadas anteriormente,False,alta,Receita Federal (BrasilAPI),2026-09-28T10:34:53
13127679,13127679000126,C FARIAS SERVICOS E CONSTRUCOES LTDA,SOLUCAO SERVICOS,ATIVA,Maceio,AL,"Rua Maria Jose Barbosa Romeiro, 102, Sala A Quadraf Lote 07, Antares",57048090,(82) 3311-9422,,,,Cid Eduardo Marinho De Farias Pita,Sócio-Administrador,Cid Eduardo Marinho De Farias Pita (Sócio-Administrador),4120400 - Construção de edifícios,4391600 - Obras de fundações; 7810800 - Seleção e agenciamento de mão-de-obra,False,alta,Receita Federal (BrasilAPI),2026-09-28T10:34:54
16628118,16628118000107,AM3 ENGENHARIA LTDA,AM3 ENGENHARIA,ATIVA,Maceio,AL,"Avenida Comendador Gustavo Paiva, 3506, Cond Premium Office Quadra346 Lote 169 Sala 618, Mangabeiras",57037285,(82) 3325-5918,,,,Leonardo Rocha De Albuquerque Melo,Sócio-Administrador,Leonardo Rocha De Albuquerque Melo (Sócio-Administrador); Otavio Vinicio Rocha De Albuquerque Melo (Sócio-Administrador),4120400 - Construção de edifícios,"4110700 - Incorporação de empreendimentos imobiliários; 4211101 - Construção de rodovias e ferrovias; 4212000 - Construção de obras de arte especiais; 4213800 - Obras de urbanização - ruas, praças e calçadas; 4221901 - Construção de barragens e represas para geração de energia elétrica; 4221902 - Construção de estações e redes de distribuição de energia elétrica; 4222701 - Construção de redes de abastecimento de água, coleta de esgoto e construções correlatas, exceto obras de irrigação; 4222702 - Obras de irrigação; 4223500 - Construção de redes de transportes por dutos, exceto para água e esgoto; 4292801 - Montagem de estruturas metálicas; 4299501 - Construção de instalações esportivas e recreativas; 4311801 - Demolição de edifícios e outras estruturas; 4311802 - Preparação de canteiro e limpeza de terreno; 4313400 - Obras de terraplenagem; 4321500 - Instalação e manutenção elétrica; 4322301 - Instalações hidráulicas, sanitárias e de gás; 4330401 - Impermeabilização em obras de engenharia civil; 4330499 - Outras obras de acabamento da construção; 4391600 - Obras de fundações; 4399101 - Administração de obras; 4399105 - Perfuração e construção de poços de água; 6810201 - Compra e venda de imóveis próprios; 6810203 - Loteamento de imóveis próprios; 6821801 - Corretagem na compra e venda e avaliação de imóveis; 7111100 - Serviços de arquitetura; 7112000 - Serviços de engenharia; 7119701 - Serviços de cartografia, topografia e geodésia; 7711000 - Locação de automóveis sem condutor; 7732201 - Aluguel de máquinas e equipamentos para construção sem operador, exceto andaimes",True,baixa,Receita Federal (BrasilAPI),2026-09-28T10:34:55
16657707,16657707000105,CONSTRUTORA LINS LTDA,CONSTRUTORA LINS,ATIVA,Maceio,AL,"Avenida Alvaro Otacilio, 3731, Sala 109 Edf Espanha, Jatiuca",57036850,(82) 8802-4252,,,,Ricardo Nascimento Lins,Sócio-Administrador,Ricardo Nascimento Lins (Sócio-Administrador),4120400 - Construção de edifícios,"4321500 - Instalação e manutenção elétrica; 4322301 - Instalações hidráulicas, sanitárias e de gás",False,alta,Receita Federal (BrasilAPI),2026-09-28T10:34:57
16920473,16920473000147,PROGRESSO CONSTRUTORA E INCORPORADORA LTDA,PROMORAR CONSTRUTORA E INCORPORADORA,ATIVA,Girau Do Ponciano,AL,"Rodovia Al 115, 01, Centro",57360000,(82) 3520-1585,,,,Pedro Tomas Da Silva,Sócio-Administrador,Cristiane De Fatima Batista Oliveira (Sócio); Pedro Tomas Da Silva (Sócio-Administrador),4120400 - Construção de edifícios,4110700 - Incorporação de empreendimentos imobiliários,False,alta,Receita Federal (BrasilAPI),2026-09-28T10:34:58
17872922,17872922000191,M D M DOS SANTOS ENGENHARIA LTDA,GESTAO ENGENHARIA E LOCACAO,ATIVA,Arapiraca,AL,"Praca Vereador Jose Ferreira Barbosa, 22, Anexo 01, Brasilia",57313260,(82) 3522-1897,,,,Marcos Douglas Medeiros Dos Santos,Sócio-Administrador,Marcos Douglas Medeiros Dos Santos (Sócio-Administrador),4120400 - Construção de edifícios,"161099 - Atividades de apoio à agricultura não especificadas anteriormente; 4110700 - Incorporação de empreendimentos imobiliários; 4211102 - Pintura para sinalização em pistas rodoviárias e aeroportos; 4213800 - Obras de urbanização - ruas, praças e calçadas; 4222701 - Construção de redes de abastecimento de água, coleta de esgoto e construções correlatas, exceto obras de irrigação; 4222702 - Obras de irrigação; 4330404 - Serviços de pintura de edifícios em geral; 4399101 - Administração de obras; 4642702 - Comércio atacadista de roupas e acessórios para uso profissional e de segurança do trabalho; 4671100 - Comércio atacadista de madeira e produtos derivados; 4674500 - Comércio atacadista de cimento; 4679699 - Comércio atacadista de materiais de construção em geral; 4744002 - Comércio varejista de madeira e artefatos; 4923002 - Serviço de transporte de passageiros - locação de automóveis com motorista; 4929902 - Transporte rodoviário coletivo de passageiros, sob regime de fretamento, intermunicipal, interestadual e internacional; 7119701 - Serviços de cartografia, topografia e geodésia; 7711000 - Locação de automóveis sem condutor; 7719599 - Locação de outros meios de transporte não especificados anteriormente, sem condutor; 7731400 - Aluguel de máquinas e equipamentos agrícolas sem operador; 8121400 - Limpeza em prédios e em domicílios",False,alta,Receita Federal (BrasilAPI),2026-09-28T10:35:00
18174673,18174673000123,C4 CONSTRUCOES E INCORPORACOES LTDA,C4 CONSTRUCOES,ATIVA,Maceio,AL,"Avenida Juca Sampaio, 63, Cruz Das Almas",57038005,(82) 3377-1895,(82) 9351-9365,,,Caio Cesar Almeida Sampaio,Sócio-Administrador,Caio Cesar Almeida Sampaio (Sócio-Administrador); Julio Cesar Cabral De Melo Sampaio (Sócio-Administrador),4120400 - Construção de edifícios,"4110700 - Incorporação de empreendimentos imobiliários; 6822600 - Gestão e administração da propriedade imobiliária; 6810201 - Compra e venda de imóveis próprios; 6810203 - Loteamento de imóveis próprios; 4321500 - Instalação e manutenção elétrica; 4322301 - Instalações hidráulicas, sanitárias e de gás; 4330403 - Obras de acabamento em gesso e estuque",False,alta,Receita Federal (BrasilAPI),2026-09-28T10:35:01
18860404,18860404000110,MARE ENGENHARIA ARQUITETURA E CONSTRUCAO LTDA,,ATIVA,Maceio,AL,"Rua Pedro Americo, 279, Lote 019, Poco",57025890,(82) 9960-1164,,,,Max Cavalcante Dos Santos,Sócio-Administrador,Eliluce Cavalcante Borges Pereira (Sócio); Max Cavalcante Dos Santos (Sócio-Administrador); Rejane Sarmento Barbosa Cavalcante (Sócio-Administrador),7112000 - Serviços de engenharia,"4120400 - Construção de edifícios; 4222701 - Construção de redes de abastecimento de água, coleta de esgoto e construções correlatas, exceto obras de irrigação; 4399199 - Serviços especializados para construção não especificados anteriormente; 7020400 - Atividades de consultoria em gestão empresarial, exceto consultoria técnica específica",False,alta,Receita Federal (BrasilAPI),2026-09-28T10:35:02
22576047,22576047000130,SPS CONSTRUCOES E EMPREENDIMENTOS LTDA,SPS CONSTRUCOES E EMPREENDIMENTOS,ATIVA,Maceio,AL,"Rua Cicero Virginio De Torres, 70-A, Pinheiro",57055620,(82) 8152-1964,(82) 9115-5409,,,Silvana Pereira Silva,Sócio-Administrador,Silvana Pereira Silva (Sócio-Administrador),4120400 - Construção de edifícios,"4110700 - Incorporação de empreendimentos imobiliários; 4299501 - Construção de instalações esportivas e recreativas; 4299599 - Outras obras de engenharia civil não especificadas anteriormente; 4321500 - Instalação e manutenção elétrica; 4322301 - Instalações hidráulicas, sanitárias e de gás; 4322303 - Instalações de sistema de prevenção contra incêndio; 6810203 - Loteamento de imóveis próprios; 7111100 - Serviços de arquitetura; 8130300 - Atividades paisagísticas",False,alta,Receita Federal (BrasilAPI),2026-09-28T10:35:04
22648905,22648905000105,S C T CONSTRUCOES LTDA,CONSTRUINDO MELHOR O SEU PROJETO,ATIVA,Santana Do Ipanema,AL,"Rua Coronel Lucena Maranhao, 159, Sala 04, Centro",57500000,(82) 9802-7779,,,,Maria Andreia Pinto Lima,Sócio-Administrador,Maria Andreia Pinto Lima (Sócio-Administrador),4120400 - Construção de edifícios,"161099 - Atividades de apoio à agricultura não especificadas anteriormente; 3811400 - Coleta de resíduos não-perigosos; 4211101 - Construção de rodovias e ferrovias; 4212000 - Construção de obras de arte especiais; 4213800 - Obras de urbanização - ruas, praças e calçadas; 4221901 - Construção de barragens e represas para geração de energia elétrica; 4222701 - Construção de redes de abastecimento de água, coleta de esgoto e construções correlatas, exceto obras de irrigação; 4222702 - Obras de irrigação; 4292801 - Montagem de estruturas metálicas; 4311801 - Demolição de edifícios e outras estruturas; 4313400 - Obras de terraplenagem; 4321500 - Instalação e manutenção elétrica; 4322301 - Instalações hidráulicas, sanitárias e de gás; 4322302 - Instalação e manutenção de sistemas centrais de ar condicionado, de ventilação e refrigeração; 4322303 - Instalações de sistema de prevenção contra incêndio; 4329199 - Outras obras de instalações em construções não especificadas anteriormente; 4330402 - Instalação de portas, janelas, tetos, divisórias e armários embutidos de qualquer material; 4330403 - Obras de acabamento em gesso e estuque; 4330404 - Serviços de pintura de edifícios em geral; 4330405 - Aplicação de revestimentos e de resinas em interiores e exteriores; 4330499 - Outras obras de acabamento da construção",False,alta,Receita Federal (BrasilAPI),2026-09-28T10:35:05
23001832,23001832000128,CONSTRUTORA REMAJ LTDA,CONSTRUTORA REMAJ,ATIVA,Pilar,AL,"Conjunto Macedonia, 20, Cha Do Pilar",57150000,(82) 8849-9313,,,,Cicero Cirilo Da Silva Junior,Sócio-Administrador,Cicero Cirilo Da Silva Junior (Sócio-Administrador); Jessica Kelly De Lima Cirilo (Sócio),4120400 - Construção de edifícios,4330499 - Outras obras de acabamento da construção; 4399199 - Serviços especializados para construção não especificados anteriormente; 6810201 - Compra e venda de imóveis próprios,False,alta,Receita Federal (BrasilAPI),2026-09-28T10:35:07
23085532,23085532000174,INJETEC CONSTRUCOES E SERVICOS LTDA,INJETEC,ATIVA,Rio Largo,AL,"Loteamento Cidade Jardim Ii, 006, Letra A Quadra048, Prefeito Antonio Lins De Souza",57100000,(82) 9111-4189,,,,Anderson Correia Da Silva,Sócio-Administrador,Anderson Correia Da Silva (Sócio-Administrador),4399103 - Obras de alvenaria,"3811400 - Coleta de resíduos não-perigosos; 4120400 - Construção de edifícios; 4211101 - Construção de rodovias e ferrovias; 4213800 - Obras de urbanização - ruas, praças e calçadas; 4222701 - Construção de redes de abastecimento de água, coleta de esgoto e construções correlatas, exceto obras de irrigação; 4222702 - Obras de irrigação; 4299501 - Construção de instalações esportivas e recreativas; 4311801 - Demolição de edifícios e outras estruturas; 4312600 - Perfurações e sondagens; 4313400 - Obras de terraplenagem; 4321500 - Instalação e manutenção elétrica; 4322301 - Instalações hidráulicas, sanitárias e de gás; 4322302 - Instalação e manutenção de sistemas centrais de ar condicionado, de ventilação e refrigeração; 4329104 - Montagem e instalação de sistemas e equipamentos de iluminação e sinalização em vias públicas, portos e aeroportos; 4329199 - Outras obras de instalações em construções não especificadas anteriormente; 4330401 - Impermeabilização em obras de engenharia civil; 4330403 - Obras de acabamento em gesso e estuque; 4330404 - Serviços de pintura de edifícios em geral; 4330499 - Outras obras de acabamento da construção; 4391600 - Obras de fundações; 4399102 - Montagem e desmontagem de andaimes e outras estruturas temporárias; 4399105 - Perfuração e construção de poços de água; 4399199 - Serviços especializados para construção não especificados anteriormente; 7711000 - Locação de automóveis sem condutor; 7732201 - Aluguel de máquinas e equipamentos para construção sem operador, exceto andaimes; 8121400 - Limpeza em prédios e em domicílios",False,alta,Receita Federal (BrasilAPI),2026-09-28T10:35:08
23202729,23202729000146,MCZ CONSTRUCOES E INCORPORACOES LTDA,MCZ CONSTRUCOES,ATIVA,Maceio,AL,"Avenida Menino Marcelo, 9350, Cond Empre. Humberto Lobosala 1412, Serraria",57073470,(82) 3432-4009,,,,Diogo Antonio Leite Da Silva,Sócio-Administrador,Diogo Antonio Leite Da Silva (Sócio-Administrador); Jefferson Antonio Da Silva Filho (Sócio-Administrador),4120400 - Construção de edifícios,"4213800 - Obras de urbanização - ruas, praças e calçadas; 4222701 - Construção de redes de abastecimento de água, coleta de esgoto e construções correlatas, exceto obras de irrigação; 4299501 - Construção de instalações esportivas e recreativas; 4313400 - Obras de terraplenagem; 4391600 - Obras de fundações; 6821801 - Corretagem na compra e venda e avaliação de imóveis; 7111100 - Serviços de arquitetura; 7112000 - Serviços de engenharia; 7119701 - Serviços de cartografia, topografia e geodésia",False,alta,Receita Federal (BrasilAPI),2026-09-28T10:35:10
23259627,23259627000167,Customize Engenharia Ltda,CONSTRUTORA CUSTOMIZE ENGENHARIA,ATIVA,Arapiraca,AL,"Rua Dom Pedro Ii, 202, Andar 01 Sala 104, Sao Luiz",57301241,(82) 9625-0929,,,,Lucas Vicente Rocha Lopes,Sócio-Administrador,Iuri Do Nascimento Menezes (Sócio); Lucas Vicente Rocha Lopes (Sócio-Administrador); Varany Kelthone De Oliveira Nunes (Sócio),4120400 - Construção de edifícios,4299599 - Outras obras de engenharia civil não especificadas anteriormente; 4399101 - Administração de obras; 4399199 - Serviços especializados para construção não especificados anteriormente; 6810201 - Compra e venda de imóveis próprios; 7112000 - Serviços de engenharia; 7119703 - Serviços de desenho técnico relacionados à arquitetura e engenharia,False,alta,Receita Federal (BrasilAPI),2026-09-28T10:35:11
24486271,24486271000167,JRV ENGENHARIA LTDA,JRV CONSTRUCOES,ATIVA,Canapi,AL,"Sitio Riacho Salgado, Sn, Fazenda",57530000,(82) 8706-2473,,,,Jose Rinaldo De Morais Junior,Sócio-Administrador,Jose Rinaldo De Morais Junior (Sócio-Administrador),4120400 - Construção de edifícios,"4211101 - Construção de rodovias e ferrovias; 4212000 - Construção de obras de arte especiais; 4213800 - Obras de urbanização - ruas, praças e calçadas; 4222701 - Construção de redes de abastecimento de água, coleta de esgoto e construções correlatas, exceto obras de irrigação; 4299599 - Outras obras de engenharia civil não especificadas anteriormente; 4313400 - Obras de terraplenagem; 4329104 - Montagem e instalação de sistemas e equipamentos de iluminação e sinalização em vias públicas, portos e aeroportos; 4330401 - Impermeabilização em obras de engenharia civil; 7111100 - Serviços de arquitetura; 7732201 - Aluguel de máquinas e equipamentos para construção sem operador, exceto andaimes",False,alta,Receita Federal (BrasilAPI),2026-09-28T10:35:13
24509006,24509006000157,DELTA SERVICOS GERAIS LTDA,,ATIVA,Atalaia,AL,"Rua Jose Thomaz Da Silva Nono, 123, Jose Paulino",57690000,(82) 9963-3333,,,,Amauri Raimundo Dos Santos,Sócio-Administrador,Amauri Raimundo Dos Santos (Sócio-Administrador),4120400 - Construção de edifícios,"161002 - Serviço de poda de árvores para lavouras; 161099 - Atividades de apoio à agricultura não especificadas anteriormente; 3600602 - Distribuição de água por caminhões; 3811400 - Coleta de resíduos não-perigosos; 4213800 - Obras de urbanização - ruas, praças e calçadas; 4292801 - Montagem de estruturas metálicas; 4313400 - Obras de terraplenagem; 4923002 - Serviço de transporte de passageiros - locação de automóveis com motorista; 4924800 - Transporte escolar; 5212500 - Carga e descarga; 7711000 - Locação de automóveis sem condutor; 7731400 - Aluguel de máquinas e equipamentos agrícolas sem operador; 7732201 - Aluguel de máquinas e equipamentos para construção sem operador, exceto andaimes; 7810800 - Seleção e agenciamento de mão-de-obra; 8121400 - Limpeza em prédios e em domicílios; 8129000 - Atividades de limpeza não especificadas anteriormente; 8130300 - Atividades paisagísticas; 8211300 - Serviços combinados de escritório e apoio administrativo; 8219999 - Preparação de documentos e serviços especializados de apoio administrativo não especificados anteriormente",False,alta,Receita Federal (BrasilAPI),2026-09-28T10:35:14
26399954,26399954000102,M D M CONSTRUCAO E LOCACAO LTDA,MDM CONSTRUCAO E LOCACAO,ATIVA,Arapiraca,AL,"Praca Vereador Jose Ferreira Barbosa, 22, Brasilia",57313260,(82) 9642-9930,,,,Julia Machado Medeiros Dos Santos,Sócio-Administrador,Julia Machado Medeiros Dos Santos (Sócio-Administrador),4120400 - Construção de edifícios,"3600602 - Distribuição de água por caminhões; 4211102 - Pintura para sinalização em pistas rodoviárias e aeroportos; 4213800 - Obras de urbanização - ruas, praças e calçadas; 4222701 - Construção de redes de abastecimento de água, coleta de esgoto e construções correlatas, exceto obras de irrigação; 4222702 - Obras de irrigação; 4299501 - Construção de instalações esportivas e recreativas; 4313400 - Obras de terraplenagem; 4321500 - Instalação e manutenção elétrica; 4330404 - Serviços de pintura de edifícios em geral; 4399101 - Administração de obras; 6821801 - Corretagem na compra e venda e avaliação de imóveis; 7112000 - Serviços de engenharia; 7119701 - Serviços de cartografia, topografia e geodésia; 7711000 - Locação de automóveis sem condutor; 7719599 - Locação de outros meios de transporte não especificados anteriormente, sem condutor; 7731400 - Aluguel de máquinas e equipamentos agrícolas sem operador; 8121400 - Limpeza em prédios e em domicílios",False,alta,Receita Federal (BrasilAPI),2026-09-28T10:35:16
26761178,26761178000149,C L SANTOS & CIA LTDA,ASA BRANCA CONSTRUCOES E LOCACOES,ATIVA,Girau Do Ponciano,AL,"Avenida Tiradentes, 58, Andar 01 Sala 58A, Pratinhas",57360000,(82) 3521-5094,,,,Claudio Limeira Santos,Sócio-Administrador,Claudio Limeira Santos (Sócio-Administrador); Elton Alexandre Militao (Sócio),4120400 - Construção de edifícios,"2330301 - Fabricação de estruturas pré-moldadas de concreto armado, em série e sob encomenda; 2330302 - Fabricação de artefatos de cimento para uso na construção; 2330303 - Fabricação de artefatos de fibrocimento para uso na construção; 2391501 - Britamento de pedras, exceto associado à extração; 2391502 - Aparelhamento de pedras para construção, exceto associado à extração; 3600602 - Distribuição de água por caminhões; 3811400 - Coleta de resíduos não-perigosos; 4211101 - Construção de rodovias e ferrovias; 4211102 - Pintura para sinalização em pistas rodoviárias e aeroportos; 4213800 - Obras de urbanização - ruas, praças e calçadas; 4221902 - Construção de estações e redes de distribuição de energia elétrica; 4222701 - Construção de redes de abastecimento de água, coleta de esgoto e construções correlatas, exceto obras de irrigação; 4222702 - Obras de irrigação; 4299501 - Construção de instalações esportivas e recreativas; 4299599 - Outras obras de engenharia civil não especificadas anteriormente; 4311801 - Demolição de edifícios e outras estruturas; 4311802 - Preparação de canteiro e limpeza de terreno; 4312600 - Perfurações e sondagens; 4313400 - Obras de terraplenagem; 4321500 - Instalação e manutenção elétrica; 4322301 - Instalações hidráulicas, sanitárias e de gás; 4322302 - Instalação e manutenção de sistemas centrais de ar condicionado, de ventilação e refrigeração; 4322303 - Instalações de sistema de prevenção contra incêndio; 4329103 - Instalação, manutenção e reparação de elevadores, escadas e esteiras rolantes; 4330401 - Impermeabilização em obras de engenharia civil; 4330402 - Instalação de portas, janelas, tetos, divisórias e armários embutidos de qualquer material; 4330403 - Obras de acabamento em gesso e estuque; 4330404 - Serviços de pintura de edifícios em geral; 4330405 - Aplicação de revestimentos e de resinas em interiores e exteriores; 4330499 - Outras obras de acabamento da construção; 4391600 - Obras de fundações; 4399101 - Administração de obras; 4399103 - Obras de alvenaria; 4399105 - Perfuração e construção de poços de água; 4642702 - Comércio atacadista de roupas e acessórios para uso profissional e de segurança do trabalho; 4744099 - Comércio varejista de materiais de construção em geral; 4923002 - Serviço de transporte de passageiros - locação de automóveis com motorista; 4924800 - Transporte escolar; 4929902 - Transporte rodoviário coletivo de passageiros, sob regime de fretamento, intermunicipal, interestadual e internacional; 4930201 - Transporte rodoviário de carga, exceto produtos perigosos e mudanças, municipal.; 4930202 - Transporte rodoviário de carga, exceto produtos perigosos e mudanças, intermunicipal, interestadual e internacional; 5212500 - Carga e descarga; 7119701 - Serviços de cartografia, topografia e geodésia; 7711000 - Locação de automóveis sem condutor; 7731400 - Aluguel de máquinas e equipamentos agrícolas sem operador; 7732201 - Aluguel de máquinas e equipamentos para construção sem operador, exceto andaimes; 7739003 - Aluguel de palcos, coberturas e outras estruturas de uso temporário, exceto andaimes; 7739099 - Aluguel de outras máquinas e equipamentos comerciais e industriais não especificados anteriormente, sem operador; 8122200 - Imunização e controle de pragas urbanas; 8130300 - Atividades paisagísticas",False,alta,Receita Federal (BrasilAPI),2026-09-28T10:35:17
28851130,28851130000157,G LOPES DE OLIVEIRA JUNIOR CONSTRUTORA LTDA,LOPES CONSTRUTORA,ATIVA,Taquarana,AL,"Rua Rua Pedro Rosa, 31, Centro",57640000,(82) 8105-3424,,,,Gesivaldo Lopes De Oliveira,Sócio-Administrador,Gesivaldo Lopes De Oliveira (Sócio-Administrador); Gesivaldo Lopes De Oliveira Junior (Sócio-Administrador),4120400 - Construção de edifícios,"4110700 - Incorporação de empreendimentos imobiliários; 4213800 - Obras de urbanização - ruas, praças e calçadas; 4313400 - Obras de terraplenagem; 4329101 - Instalação de painéis publicitários; 6810201 - Compra e venda de imóveis próprios; 6810202 - Aluguel de imóveis próprios; 6810203 - Loteamento de imóveis próprios; 7739099 - Aluguel de outras máquinas e equipamentos comerciais e industriais não especificados anteriormente, sem operador",False,alta,Receita Federal (BrasilAPI),2026-09-28T10:35:18
29187809,29187809000156,ENGECON ENGENHARIA E CONSTRUCAO LTDA,,ATIVA,Maceio,AL,"Rua Pedro De Oliveira Rocha, 189, Sala 03, Pinheiro",57057560,(82) 9610-5656,,,,Gustavo Lima Alves Pinto,Sócio-Administrador,Gustavo Lima Alves Pinto (Sócio-Administrador); Joao Victor Ferreira Alves Pinto (Sócio),4120400 - Construção de edifícios,"4110700 - Incorporação de empreendimentos imobiliários; 4211101 - Construção de rodovias e ferrovias; 4212000 - Construção de obras de arte especiais; 4213800 - Obras de urbanização - ruas, praças e calçadas; 4222701 - Construção de redes de abastecimento de água, coleta de esgoto e construções correlatas, exceto obras de irrigação; 4222702 - Obras de irrigação; 4299501 - Construção de instalações esportivas e recreativas; 4299599 - Outras obras de engenharia civil não especificadas anteriormente; 4311801 - Demolição de edifícios e outras estruturas; 4313400 - Obras de terraplenagem; 4319300 - Serviços de preparação do terreno não especificados anteriormente; 4391600 - Obras de fundações; 4399199 - Serviços especializados para construção não especificados anteriormente; 6821801 - Corretagem na compra e venda e avaliação de imóveis; 7112000 - Serviços de engenharia; 7711000 - Locação de automóveis sem condutor; 7731400 - Aluguel de máquinas e equipamentos agrícolas sem operador; 7732201 - Aluguel de máquinas e equipamentos para construção sem operador, exceto andaimes",False,alta,Receita Federal (BrasilAPI),2026-09-28T10:35:20
29641767,29641767000181,MAJORE ENGENHARIA LTDA,MAJORE ENGENHARIA,ATIVA,Delmiro Gouveia,AL,"Rua Arnon De Melo, 586, Novo",57480000,(82) 9952-4013,,,,Tiago Alves Da Silva,Sócio-Administrador,Tiago Alves Da Silva (Sócio-Administrador),7112000 - Serviços de engenharia,"3811400 - Coleta de resíduos não-perigosos; 4120400 - Construção de edifícios; 4211101 - Construção de rodovias e ferrovias; 4213800 - Obras de urbanização - ruas, praças e calçadas; 4221902 - Construção de estações e redes de distribuição de energia elétrica; 4221903 - Manutenção de redes de distribuição de energia elétrica; 4222701 - Construção de redes de abastecimento de água, coleta de esgoto e construções correlatas, exceto obras de irrigação; 4299501 - Construção de instalações esportivas e recreativas; 4299599 - Outras obras de engenharia civil não especificadas anteriormente; 4311801 - Demolição de edifícios e outras estruturas; 4311802 - Preparação de canteiro e limpeza de terreno; 4312600 - Perfurações e sondagens; 4313400 - Obras de terraplenagem; 4319300 - Serviços de preparação do terreno não especificados anteriormente; 4321500 - Instalação e manutenção elétrica; 4322301 - Instalações hidráulicas, sanitárias e de gás; 4329199 - Outras obras de instalações em construções não especificadas anteriormente; 4330404 - Serviços de pintura de edifícios em geral; 4330499 - Outras obras de acabamento da construção; 4399103 - Obras de alvenaria; 4399199 - Serviços especializados para construção não especificados anteriormente; 7119703 - Serviços de desenho técnico relacionados à arquitetura e engenharia; 7490104 - Atividades de intermediação e agenciamento de serviços e negócios em geral, exceto imobiliários; 7711000 - Locação de automóveis sem condutor; 7719599 - Locação de outros meios de transporte não especificados anteriormente, sem condutor; 7732201 - Aluguel de máquinas e equipamentos para construção sem operador, exceto andaimes; 7732202 - Aluguel de andaimes; 8122200 - Imunização e controle de pragas urbanas",False,alta,Receita Federal (BrasilAPI),2026-09-28T10:35:21
34638513,34638513000144,FERREIRA & NUNES EMPREENDIMENTOS IMOBILIARIOS LTDA,DUO EMPREENDIMENTOS,ATIVA,Marechal Deodoro,AL,"Avenida Antonio Cunha, 89, Massagueira",57160000,(82) 9302-8840,(82) 9119-3508,,,Ellysson Ferreira Santos Bispo,Sócio-Administrador,Antonio Nunes Da Silva Filho (Sócio); Ellysson Ferreira Santos Bispo (Sócio-Administrador),4120400 - Construção de edifícios,4399101 - Administração de obras; 6810201 - Compra e venda de imóveis próprios; 7112000 - Serviços de engenharia,False,alta,Receita Federal (BrasilAPI),2026-09-28T10:35:23
34905197,34905197000120,DVL CONSTRUCAO CIVIL E LOCACAO LTDA,DVL CONSTRUCAO,ATIVA,Maceio,AL,"Rua Dona Antonia, 210, Quadra18 Lote 11, Gruta De Lourdes",57052860,(82) 9982-6094,,,,Deive Souza Da Silva,Sócio-Administrador,Deive Souza Da Silva (Sócio-Administrador); Maria Allana Amancio Dos Santos (Sócio-Administrador),4120400 - Construção de edifícios,"3811400 - Coleta de resíduos não-perigosos; 4211101 - Construção de rodovias e ferrovias; 4211102 - Pintura para sinalização em pistas rodoviárias e aeroportos; 4213800 - Obras de urbanização - ruas, praças e calçadas; 4292801 - Montagem de estruturas metálicas; 4299599 - Outras obras de engenharia civil não especificadas anteriormente; 4311801 - Demolição de edifícios e outras estruturas; 4311802 - Preparação de canteiro e limpeza de terreno; 4312600 - Perfurações e sondagens; 4313400 - Obras de terraplenagem; 4399101 - Administração de obras; 4399104 - Serviços de operação e fornecimento de equipamentos para transporte e elevação de cargas e pessoas para uso em obras; 4924800 - Transporte escolar; 7111100 - Serviços de arquitetura; 7112000 - Serviços de engenharia; 7711000 - Locação de automóveis sem condutor",False,alta,Receita Federal (BrasilAPI),2026-09-28T10:35:24
36651463,36651463000160,JF2 CONSTRUCOES LTDA,JF2 CONSTRUCOES,ATIVA,Maceio,AL,"Rua Doutor Abelardo Pontes Lima, 87, Gruta De Lourdes",57052695,(82) 9315-5593,(82) 8842-3537,,,Lucas Barbosa De Lima Falcao,Sócio-Administrador,Jose De Araujo Falcao (Sócio); Lucas Barbosa De Lima Falcao (Sócio-Administrador),4120400 - Construção de edifícios,"4321500 - Instalação e manutenção elétrica; 4322301 - Instalações hidráulicas, sanitárias e de gás",False,alta,Receita Federal (BrasilAPI),2026-09-28T10:35:26
37383978,37383978000190,T R A ENGENHARIA LTDA,T. R. A. ENGENHARIA,ATIVA,Limoeiro De Anadia,AL,"Fazenda Brejo, 2, Zona Rural",57260000,(82) 9623-9714,,,,Thayse Rodrigues De Albuquerque,Sócio-Administrador,Thayse Rodrigues De Albuquerque (Sócio-Administrador),7112000 - Serviços de engenharia,"4120400 - Construção de edifícios; 4211101 - Construção de rodovias e ferrovias; 4213800 - Obras de urbanização - ruas, praças e calçadas; 4221902 - Construção de estações e redes de distribuição de energia elétrica; 4222701 - Construção de redes de abastecimento de água, coleta de esgoto e construções correlatas, exceto obras de irrigação; 4292801 - Montagem de estruturas metálicas; 4299501 - Construção de instalações esportivas e recreativas; 4311801 - Demolição de edifícios e outras estruturas; 4319300 - Serviços de preparação do terreno não especificados anteriormente; 4321500 - Instalação e manutenção elétrica; 4322301 - Instalações hidráulicas, sanitárias e de gás; 4399101 - Administração de obras; 4399102 - Montagem e desmontagem de andaimes e outras estruturas temporárias; 4399103 - Obras de alvenaria; 4399105 - Perfuração e construção de poços de água; 6810201 - Compra e venda de imóveis próprios; 6821801 - Corretagem na compra e venda e avaliação de imóveis; 6822600 - Gestão e administração da propriedade imobiliária; 7119703 - Serviços de desenho técnico relacionados à arquitetura e engenharia; 7119799 - Atividades técnicas relacionadas à engenharia e arquitetura não especificadas anteriormente",False,alta,Receita Federal (BrasilAPI),2026-09-28T10:35:27
37612035,37612035000191,VICTUM ENERGIE ENGENHARIA LTDA,VICTUM ENERGIE,ATIVA,Maceio,AL,"Rua Marcos Aurelio, 110, Petropolis",57062425,(82) 8828-9975,,,,Ademir Dos Santos,Sócio-Administrador,Ademir Dos Santos (Sócio-Administrador),7112000 - Serviços de engenharia,"3313901 - Manutenção e reparação de geradores, transformadores e motores elétricos; 4221903 - Manutenção de redes de distribuição de energia elétrica; 4321500 - Instalação e manutenção elétrica; 4673700 - Comércio atacadista de material elétrico; 4742300 - Comércio varejista de material elétrico; 4744099 - Comércio varejista de materiais de construção em geral; 7319002 - Promoção de vendas",False,alta,Receita Federal (BrasilAPI),2026-09-28T10:35:28
38023657,38023657000147,ABBA CONSTRUCOES LTDA,ABBA CONTRUCOES,ATIVA,Atalaia,AL,"Avenida Fredson Da Costa Amorim, S/N, Loteamento Santa Ines",57690000,(82) 9168-2246,,,,Jorge Laurindo Da Silva Junior,Sócio-Administrador,Jorge Laurindo Da Silva Junior (Sócio-Administrador),4120400 - Construção de edifícios,"4211101 - Construção de rodovias e ferrovias; 4213800 - Obras de urbanização - ruas, praças e calçadas; 4292801 - Montagem de estruturas metálicas; 4299501 - Construção de instalações esportivas e recreativas; 4313400 - Obras de terraplenagem; 4330401 - Impermeabilização em obras de engenharia civil; 4330404 - Serviços de pintura de edifícios em geral",False,alta,Receita Federal (BrasilAPI),2026-09-28T10:35:30
40309936,40309936000113,SCOPO CONSTRUCOES LTDA,SCOPO CONSTRUCOES,ATIVA,Maceio,AL,"Rua Pedro De Oliveira Rocha, 189, Sala 213, Pinheiro",57057560,(82) 9118-5172,,,,Pedro Henrique Miranda Tavares,Sócio-Administrador,Pedro Henrique Miranda Tavares (Sócio-Administrador),4399101 - Administração de obras,"3811400 - Coleta de resíduos não-perigosos; 4120400 - Construção de edifícios; 4211101 - Construção de rodovias e ferrovias; 4213800 - Obras de urbanização - ruas, praças e calçadas; 4222701 - Construção de redes de abastecimento de água, coleta de esgoto e construções correlatas, exceto obras de irrigação; 4222702 - Obras de irrigação; 4299501 - Construção de instalações esportivas e recreativas; 4311801 - Demolição de edifícios e outras estruturas; 4312600 - Perfurações e sondagens; 4313400 - Obras de terraplenagem; 4321500 - Instalação e manutenção elétrica; 4322301 - Instalações hidráulicas, sanitárias e de gás; 4322302 - Instalação e manutenção de sistemas centrais de ar condicionado, de ventilação e refrigeração; 4329104 - Montagem e instalação de sistemas e equipamentos de iluminação e sinalização em vias públicas, portos e aeroportos; 4329199 - Outras obras de instalações em construções não especificadas anteriormente; 4330401 - Impermeabilização em obras de engenharia civil; 4330403 - Obras de acabamento em gesso e estuque; 4330404 - Serviços de pintura de edifícios em geral; 4330499 - Outras obras de acabamento da construção; 4391600 - Obras de fundações; 4399103 - Obras de alvenaria",False,alta,Receita Federal (BrasilAPI),2026-09-28T10:35:31
41349474,41349474000120,MORIAH ENGENHARIA E CONSTRUCOES LTDA,MORIAH ENGENHARIA & CONSTRUCOES,ATIVA,Coruripe,AL,"Rua Em Projeto E - Loteamento Vale Dos Ipes, 25, Quadrad Lote 3, Comendador Tercio Wanderley",57230000,(82) 3024-3993,,,,Samya Juliana Castro Dos Santos,Sócio-Administrador,Samya Juliana Castro Dos Santos (Sócio-Administrador),4120400 - Construção de edifícios,"4213800 - Obras de urbanização - ruas, praças e calçadas; 4222701 - Construção de redes de abastecimento de água, coleta de esgoto e construções correlatas, exceto obras de irrigação; 4311801 - Demolição de edifícios e outras estruturas; 4311802 - Preparação de canteiro e limpeza de terreno; 4321500 - Instalação e manutenção elétrica; 4322301 - Instalações hidráulicas, sanitárias e de gás; 4322303 - Instalações de sistema de prevenção contra incêndio; 4330401 - Impermeabilização em obras de engenharia civil; 6810201 - Compra e venda de imóveis próprios; 6810202 - Aluguel de imóveis próprios; 7112000 - Serviços de engenharia",False,alta,Receita Federal (BrasilAPI),2026-09-28T10:35:33
42687062,42687062000163,ARTHAN ENGENHARIA LTDA,ARTHAN ENGENHARIA,ATIVA,Marechal Deodoro,AL,"Rua Almirante Barroso, Sn, Centro",57160000,(82) 2000-8897,,,,Artur Antonio De Mattos Marques,Sócio-Administrador,Artur Antonio De Mattos Marques (Sócio-Administrador),4120400 - Construção de edifícios,6810201 - Compra e venda de imóveis próprios,False,alta,Receita Federal (BrasilAPI),2026-09-28T10:35:34
42831657,42831657000140,WL ENGENHARIA LTDA,WL ENGENHARIA,ATIVA,Sao Jose Da Laje,AL,"Rua Francisco Barbosa Sobrinho, 31, Centro",57860000,(82) 9154-2946,,,,Wallacy Lucas Lins De Oliveira Lima,Sócio-Administrador,Wallacy Lucas Lins De Oliveira Lima (Sócio-Administrador),4120400 - Construção de edifícios,"4211101 - Construção de rodovias e ferrovias; 4212000 - Construção de obras de arte especiais; 4213800 - Obras de urbanização - ruas, praças e calçadas; 4222701 - Construção de redes de abastecimento de água, coleta de esgoto e construções correlatas, exceto obras de irrigação; 4223500 - Construção de redes de transportes por dutos, exceto para água e esgoto; 4299501 - Construção de instalações esportivas e recreativas; 4313400 - Obras de terraplenagem; 4321500 - Instalação e manutenção elétrica; 4322301 - Instalações hidráulicas, sanitárias e de gás; 4329104 - Montagem e instalação de sistemas e equipamentos de iluminação e sinalização em vias públicas, portos e aeroportos; 4330404 - Serviços de pintura de edifícios em geral; 4330499 - Outras obras de acabamento da construção; 4391600 - Obras de fundações; 4399101 - Administração de obras; 7111100 - Serviços de arquitetura; 7112000 - Serviços de engenharia; 8130300 - Atividades paisagísticas",False,alta,Receita Federal (BrasilAPI),2026-09-28T10:35:36
46108926,46108926000104,SOLAR CONSTRUCOES LTDA,SOLAR CONSTRUCOES,ATIVA,Satuba,AL,"Rua 17 De Agosto, 54, Quadrac Lote 09, Centro",57120000,(82) 9336-5216,,,,Thiago Bernardi Araujo Leite,Sócio-Administrador,Thiago Bernardi Araujo Leite (Sócio-Administrador),4120400 - Construção de edifícios,"3811400 - Coleta de resíduos não-perigosos; 4211101 - Construção de rodovias e ferrovias; 4213800 - Obras de urbanização - ruas, praças e calçadas; 4222701 - Construção de redes de abastecimento de água, coleta de esgoto e construções correlatas, exceto obras de irrigação; 4222702 - Obras de irrigação; 4311801 - Demolição de edifícios e outras estruturas; 4312600 - Perfurações e sondagens; 4313400 - Obras de terraplenagem; 4321500 - Instalação e manutenção elétrica; 4322301 - Instalações hidráulicas, sanitárias e de gás; 4322302 - Instalação e manutenção de sistemas centrais de ar condicionado, de ventilação e refrigeração; 4329104 - Montagem e instalação de sistemas e equipamentos de iluminação e sinalização em vias públicas, portos e aeroportos; 4330401 - Impermeabilização em obras de engenharia civil; 4330403 - Obras de acabamento em gesso e estuque; 4330404 - Serviços de pintura de edifícios em geral; 4391600 - Obras de fundações; 4399102 - Montagem e desmontagem de andaimes e outras estruturas temporárias; 4399103 - Obras de alvenaria; 8121400 - Limpeza em prédios e em domicílios",False,alta,Receita Federal (BrasilAPI),2026-09-28T10:35:37
49557653,49557653000165,VASTRA CONSTRUTORA LTDA,VASTRA CONSTRUTORA,ATIVA,Maceio,AL,"Rua Zacarias De Azevedo, 399, Edif Trade Center Sala 319 Cxpst 67, Centro",57020470,(82) 3035-0631,(82) 8702-4401,,,Ronara Monteiro Da Silva Araujo,Sócio-Administrador,Adilson Luidge Fidelis Araujo (Sócio); Ronara Monteiro Da Silva Araujo (Sócio-Administrador),4120400 - Construção de edifícios,"4110700 - Incorporação de empreendimentos imobiliários; 4211101 - Construção de rodovias e ferrovias; 4212000 - Construção de obras de arte especiais; 4213800 - Obras de urbanização - ruas, praças e calçadas; 4221901 - Construção de barragens e represas para geração de energia elétrica; 4221902 - Construção de estações e redes de distribuição de energia elétrica; 4221904 - Construção de estações e redes de telecomunicações; 4222701 - Construção de redes de abastecimento de água, coleta de esgoto e construções correlatas, exceto obras de irrigação; 4223500 - Construção de redes de transportes por dutos, exceto para água e esgoto; 4291000 - Obras portuárias, marítimas e fluviais; 4292801 - Montagem de estruturas metálicas; 4292802 - Obras de montagem industrial; 4299501 - Construção de instalações esportivas e recreativas; 4299599 - Outras obras de engenharia civil não especificadas anteriormente; 4311801 - Demolição de edifícios e outras estruturas; 4312600 - Perfurações e sondagens; 4313400 - Obras de terraplenagem; 4319300 - Serviços de preparação do terreno não especificados anteriormente; 4329104 - Montagem e instalação de sistemas e equipamentos de iluminação e sinalização em vias públicas, portos e aeroportos; 4329105 - Tratamentos térmicos, acústicos ou de vibração; 4329199 - Outras obras de instalações em construções não especificadas anteriormente; 4330401 - Impermeabilização em obras de engenharia civil; 4391600 - Obras de fundações; 4399101 - Administração de obras; 4399102 - Montagem e desmontagem de andaimes e outras estruturas temporárias; 4399105 - Perfuração e construção de poços de água; 4399199 - Serviços especializados para construção não especificados anteriormente",False,alta,Receita Federal (BrasilAPI),2026-09-28T10:35:39
49606655,49606655000105,"GRUPO RZ - ARQUITETURA, ENGENHARIA E CONSTRUCAO LTDA",GRUPO RZ ARQUITETURA ENGENHARIA E CONSTRUCAO,ATIVA,Pilar,AL,"Rua Antonio Serafim Costa D, 14, Lote Manguaba Iii Sala 01, Cha Do Pilar",57150000,(82) 8705-5453,,,,Alessandro Nunes Rozalino,Sócio-Administrador,Alessandro Nunes Rozalino (Sócio-Administrador); Alex Bruno Dos Santos Rozalino (Sócio-Administrador); Genival Rozalino Da Silva Neto (Sócio-Administrador),7112000 - Serviços de engenharia,"2539001 - Serviços de usinagem, tornearia e solda; 4120400 - Construção de edifícios; 4211101 - Construção de rodovias e ferrovias; 4211102 - Pintura para sinalização em pistas rodoviárias e aeroportos; 4212000 - Construção de obras de arte especiais; 4213800 - Obras de urbanização - ruas, praças e calçadas; 4221901 - Construção de barragens e represas para geração de energia elétrica; 4222701 - Construção de redes de abastecimento de água, coleta de esgoto e construções correlatas, exceto obras de irrigação; 4292801 - Montagem de estruturas metálicas; 4299501 - Construção de instalações esportivas e recreativas; 4299599 - Outras obras de engenharia civil não especificadas anteriormente; 4321500 - Instalação e manutenção elétrica; 4322302 - Instalação e manutenção de sistemas centrais de ar condicionado, de ventilação e refrigeração; 4329199 - Outras obras de instalações em construções não especificadas anteriormente; 4399101 - Administração de obras; 4399103 - Obras de alvenaria; 4679699 - Comércio atacadista de materiais de construção em geral; 4744099 - Comércio varejista de materiais de construção em geral; 7111100 - Serviços de arquitetura; 7119701 - Serviços de cartografia, topografia e geodésia; 7490199 - Outras atividades profissionais, científicas e técnicas não especificadas anteriormente; 7732201 - Aluguel de máquinas e equipamentos para construção sem operador, exceto andaimes; 7732202 - Aluguel de andaimes; 7739099 - Aluguel de outras máquinas e equipamentos comerciais e industriais não especificados anteriormente, sem operador; 8122200 - Imunização e controle de pragas urbanas",False,alta,Receita Federal (BrasilAPI),2026-09-28T10:35:40
51393615,51393615000166,LN CONSTRUCOES E SERVICOS LTDA,LN CONSTRUCOES,ATIVA,Satuba,AL,"Rua 17 De Agosto, 54, Centro",57120000,(82) 3028-9957,,,,Paulo Cesar Barbosa De Lima,Sócio-Administrador,Paulo Cesar Barbosa De Lima (Sócio-Administrador),4299599 - Outras obras de engenharia civil não especificadas anteriormente,"4120400 - Construção de edifícios; 4211101 - Construção de rodovias e ferrovias; 4213800 - Obras de urbanização - ruas, praças e calçadas; 4222702 - Obras de irrigação; 4292801 - Montagem de estruturas metálicas; 4292802 - Obras de montagem industrial; 4313400 - Obras de terraplenagem; 4330401 - Impermeabilização em obras de engenharia civil; 4330404 - Serviços de pintura de edifícios em geral; 7810800 - Seleção e agenciamento de mão-de-obra; 8121400 - Limpeza em prédios e em domicílios",False,alta,Receita Federal (BrasilAPI),2026-09-28T10:35:42
55685383,55685383000170,ARCADIS SERVICOS E CONSULTORIA LTDA,,ATIVA,Rio Largo,AL,"Loteamento Terras Da Utinga, 24, Conj Luar De Rio Largo I Quadra8 Lote 24, Prefeito Antonio L De Souza",57100000,(82) 9200-0951,,,,Lucas Henrique Tenorio Da Silva Vitorino,Sócio-Administrador,Lucas Henrique Tenorio Da Silva Vitorino (Sócio-Administrador),4120400 - Construção de edifícios,"4211101 - Construção de rodovias e ferrovias; 4212000 - Construção de obras de arte especiais; 4213800 - Obras de urbanização - ruas, praças e calçadas; 4222701 - Construção de redes de abastecimento de água, coleta de esgoto e construções correlatas, exceto obras de irrigação; 4311802 - Preparação de canteiro e limpeza de terreno; 4321500 - Instalação e manutenção elétrica; 7111100 - Serviços de arquitetura; 7112000 - Serviços de engenharia",False,alta,Receita Federal (BrasilAPI),2026-09-28T10:35:43
58939770,58939770000184,ADRIANO NUNES ALVES CONSTRUTORA,JCA CONSTRUTORA,ATIVA,Coruripe,AL,Com Tercio Wanderley,57230000,,,,,,,,4120400 - Construção de edifícios,"4213800 - Obras de urbanização - ruas, praças e calçadas; 4321500 - Instalação e manutenção elétrica; 4330402 - Instalação de portas, janelas, tetos, divisórias e armários embutidos de qualquer material; 4330403 - Obras de acabamento em gesso e estuque; 4330405 - Aplicação de revestimentos e de resinas em interiores e exteriores",False,baixa,Receita Federal (BrasilAPI),2026-09-28T10:35:45
62588230,62588230000170,ALTTA PREMOLDADOS LTDA,ALTTA PREMOLDADOS,ATIVA,Maceio,AL,"Rua Do Uruguai, 289, Sala A, Jaraguá",57022120,(82) 9312-0807,,,,Marcus Aurelio Paraizo De Moraes,Sócio-Administrador,Marcus Aurelio Paraizo De Moraes (Sócio-Administrador),"2330301 - Fabricação de estruturas pré-moldadas de concreto armado, em série e sob encomenda","2330302 - Fabricação de artefatos de cimento para uso na construção; 2330304 - Fabricação de casas pré-moldadas de concreto; 2330305 - Preparação de massa de concreto e argamassa para construção; 4744004 - Comércio varejista de cal, areia, pedra britada, tijolos e telhas; 7739099 - Aluguel de outras máquinas e equipamentos comerciais e industriais não especificados anteriormente, sem operador",False,alta,Receita Federal (BrasilAPI),2026-09-28T10:35:46
64068374,64068374000121,DM ENGENHARIA E CONSTRUCAO LTDA,DM ENGENHARIA,ATIVA,Maceio,AL,"Avenida Walter Ananias, 72, Anexo A, Jaraguá",57022063,(82) 4141-2711,,,,Diego Ramos Monteiro,Sócio-Administrador,Diego Ramos Monteiro (Sócio-Administrador),4399199 - Serviços especializados para construção não especificados anteriormente,"4120400 - Construção de edifícios; 4222701 - Construção de redes de abastecimento de água, coleta de esgoto e construções correlatas, exceto obras de irrigação; 4313400 - Obras de terraplenagem; 6810201 - Compra e venda de imóveis próprios; 8599604 - Treinamento em desenvolvimento profissional e gerencial",False,alta,Receita Federal (BrasilAPI),2026-09-28T10:35:48
04940894,04940894000231,LEANDRO FERRAZ EMPREENDIMENTOS LTDA,LEANDRO FERRAZ EMPREENDIMENTOS,ATIVA,Delmiro Gouveia,AL,"Rua I, 87, Eldorado",57480000,(87) 8101-1011,,,,Maria Aparecida Silva Barbosa,Sócio-Administrador,Maria Aparecida Silva Barbosa (Sócio-Administrador),4120400 - Construção de edifícios,"3811400 - Coleta de resíduos não-perigosos; 3821100 - Tratamento e disposição de resíduos não-perigosos; 4211102 - Pintura para sinalização em pistas rodoviárias e aeroportos; 4299501 - Construção de instalações esportivas e recreativas; 4311801 - Demolição de edifícios e outras estruturas; 4313400 - Obras de terraplenagem; 4319300 - Serviços de preparação do terreno não especificados anteriormente; 4321500 - Instalação e manutenção elétrica; 4322303 - Instalações de sistema de prevenção contra incêndio; 4330401 - Impermeabilização em obras de engenharia civil; 4391600 - Obras de fundações; 4399101 - Administração de obras; 6810203 - Loteamento de imóveis próprios; 6821801 - Corretagem na compra e venda e avaliação de imóveis; 7111100 - Serviços de arquitetura; 7112000 - Serviços de engenharia; 7119704 - Serviços de perícia técnica relacionados à segurança do trabalho; 7119799 - Atividades técnicas relacionadas à engenharia e arquitetura não especificadas anteriormente; 7732201 - Aluguel de máquinas e equipamentos para construção sem operador, exceto andaimes; 7820500 - Locação de mão-de-obra temporária",False,alta,Receita Federal (BrasilAPI),2026-09-28T10:35:49
43773181,43773181000100,MOREIRA NOBRE ENGENHARIA LTDA,MAGGIO ENGENHARIA,ATIVA,Maceio,AL,"Rua Jequitibas, 25 C, Gruta De Lourdes",57052595,(82) 8156-7737,,,,Carlos Henrique Maia Nobre Piatti,Sócio-Administrador,Carlos Henrique Maia Nobre Piatti (Sócio-Administrador); Lucas Rocha Moreira (Sócio-Administrador),4120400 - Construção de edifícios,"4110700 - Incorporação de empreendimentos imobiliários; 4292801 - Montagem de estruturas metálicas; 4313400 - Obras de terraplenagem; 4321500 - Instalação e manutenção elétrica; 4322301 - Instalações hidráulicas, sanitárias e de gás; 4322302 - Instalação e manutenção de sistemas centrais de ar condicionado, de ventilação e refrigeração; 4391600 - Obras de fundações; 4399101 - Administração de obras; 4399103 - Obras de alvenaria; 7111100 - Serviços de arquitetura; 7112000 - Serviços de engenharia",False,alta,Receita Federal (BrasilAPI),2026-09-28T10:35:51
00796655,00796655000118,C DA C DA SILVA LTDA,CONSTRUTORA ALIANCA,ATIVA,Teotonio Vilela,AL,"Rua Jose Aloisio Brandao Vilela, 127, Inhumas",57265000,(82) 3522-6550,(82) 9964-7434,,,Claudio Da Conceicao Da Silva,Sócio-Administrador,Claudio Da Conceicao Da Silva (Sócio-Administrador),4120400 - Construção de edifícios,4313400 - Obras de terraplenagem; 4399103 - Obras de alvenaria,False,alta,Receita Federal (BrasilAPI),2026-09-28T10:35:52
07595156,07595156000101,SCI CONSTRUTORA E INCORPORADORA LTDA,SCI CONSTRUTORA E INCORPORADORA,ATIVA,Arapiraca,AL,"Rodovia Al-115, 5437, Sala 12, Olho D'Agua Dos Cazuzinhas",57303788,(82) 3521-3090,,,,Andre Augusto Seabra De Mello,Sócio-Administrador,Andre Augusto Seabra De Mello (Sócio-Administrador),4120400 - Construção de edifícios,"4110700 - Incorporação de empreendimentos imobiliários; 4213800 - Obras de urbanização - ruas, praças e calçadas; 4292801 - Montagem de estruturas metálicas; 4311801 - Demolição de edifícios e outras estruturas; 4313400 - Obras de terraplenagem; 4330404 - Serviços de pintura de edifícios em geral; 4391600 - Obras de fundações; 4399101 - Administração de obras; 4399102 - Montagem e desmontagem de andaimes e outras estruturas temporárias; 4399103 - Obras de alvenaria; 4742300 - Comércio varejista de material elétrico; 4744001 - Comércio varejista de ferragens e ferramentas; 4744002 - Comércio varejista de madeira e artefatos; 4744003 - Comércio varejista de materiais hidráulicos; 4744004 - Comércio varejista de cal, areia, pedra britada, tijolos e telhas; 4744005 - Comércio varejista de materiais de construção não especificados anteriormente; 4744099 - Comércio varejista de materiais de construção em geral; 7732201 - Aluguel de máquinas e equipamentos para construção sem operador, exceto andaimes",False,alta,Receita Federal (BrasilAPI),2026-09-28T10:35:53
07621799,07621799000182,CONSTRUTORA CONCEITO A LTDA,CONSTRUTORA CONCEITO A,ATIVA,Maceio,AL,"Rua Doutor Adaucto De Pereira, 145, Farol",57051220,(82) 9127-5121,,,,Paulo Fernando Fraga De Castro,Sócio-Administrador,Paulo Fernando Fraga De Castro (Sócio-Administrador),4120400 - Construção de edifícios,"4222701 - Construção de redes de abastecimento de água, coleta de esgoto e construções correlatas, exceto obras de irrigação; 4313400 - Obras de terraplenagem; 4399101 - Administração de obras; 7732201 - Aluguel de máquinas e equipamentos para construção sem operador, exceto andaimes; 4322301 - Instalações hidráulicas, sanitárias e de gás; 4213800 - Obras de urbanização - ruas, praças e calçadas",False,alta,Receita Federal (BrasilAPI),2026-09-28T10:35:55
09813710,09813710000105,METROS QUADRADOS CONSTRUCOES E EDIFICACOES LTDA,METROS QUADRADOS,ATIVA,Maceio,AL,"Rua Professor Jonas Calheiros, 05, Letra A, Poco",57025190,(82) 9981-7359,,,,Jorge Barbal Camats,Sócio-Administrador,Jorge Barbal Camats (Sócio-Administrador); Lluis Barbal Casanovas (Sócio-Administrador),4120400 - Construção de edifícios,4299599 - Outras obras de engenharia civil não especificadas anteriormente; 4330499 - Outras obras de acabamento da construção; 4399103 - Obras de alvenaria; 4399199 - Serviços especializados para construção não especificados anteriormente,False,alta,Receita Federal (BrasilAPI),2026-09-28T10:35:56
11446462,11446462000153,R J DOS SANTOS LTDA,CONSTRUTORA ANDRADE & SILVA,ATIVA,Uniao Dos Palmares,AL,"Rua Luiz Gomes De Freitas, 129, Casa, Centro",57800970,(82) 3317-0107,(82) 3317-0107,,,Roberval Jose Dos Santos,Sócio-Administrador,Roberval Jose Dos Santos (Sócio-Administrador),"4213800 - Obras de urbanização - ruas, praças e calçadas","4120400 - Construção de edifícios; 4299501 - Construção de instalações esportivas e recreativas; 4321500 - Instalação e manutenção elétrica; 4322301 - Instalações hidráulicas, sanitárias e de gás; 4322302 - Instalação e manutenção de sistemas centrais de ar condicionado, de ventilação e refrigeração; 4222701 - Construção de redes de abastecimento de água, coleta de esgoto e construções correlatas, exceto obras de irrigação; 4211102 - Pintura para sinalização em pistas rodoviárias e aeroportos; 8130300 - Atividades paisagísticas",False,alta,Receita Federal (BrasilAPI),2026-09-28T10:35:58
13029361,13029361000102,CONSTRUSAN CONSTRUTORA LTDA,CONSTRUSAN CONSTRUTORA LTDA,ATIVA,Satuba,AL,"Avenida Em Projeto, 07, Cond R Da Alegria Casa 456, Centro",57120000,(82) 8702-4930,,,,Genilton Dos Santos Nascimento,Sócio-Administrador,Genilton Dos Santos Nascimento (Sócio-Administrador),4120400 - Construção de edifícios,"161001 - Serviço de pulverização e controle de pragas agrícolas; 3811400 - Coleta de resíduos não-perigosos; 4211101 - Construção de rodovias e ferrovias; 4213800 - Obras de urbanização - ruas, praças e calçadas; 4222702 - Obras de irrigação; 4399199 - Serviços especializados para construção não especificados anteriormente; 7732201 - Aluguel de máquinas e equipamentos para construção sem operador, exceto andaimes; 8020001 - Atividades de monitoramento de sistemas de segurança eletrônico; 8122200 - Imunização e controle de pragas urbanas",False,alta,Receita Federal (BrasilAPI),2026-09-28T10:35:59
13921270,13921270000187,NUNES FILHO ENGENHARIA LTDA,NB ENGENHARIA,ATIVA,Maceio,AL,"Rua Projetada 361, 20, Quadrag Lote 20 Anexo A, Feitosa",57042776,(82) 9302-8840,,,,Antonio Nunes Da Silva Filho,Sócio-Administrador,Antonio Nunes Da Silva Filho (Sócio-Administrador); Dyanna Karollyne Albuquerque De Melo Nunes (Sócio-Administrador),4120400 - Construção de edifícios,4321500 - Instalação e manutenção elétrica; 4399101 - Administração de obras; 7319002 - Promoção de vendas,False,alta,Receita Federal (BrasilAPI),2026-09-28T10:36:01
15130631,15130631000100,LUCENA ENGENHARIA LTDA,LUCENA ENGENHARIA,ATIVA,Olivenca,AL,"Rua Prof. Jose Correia Bulhoes, 34, Centro",57550000,(82) 3202-6444,,,,Thiago De Lucena Santos,Sócio-Administrador,Thiago De Lucena Santos (Sócio-Administrador),4120400 - Construção de edifícios,"161099 - Atividades de apoio à agricultura não especificadas anteriormente; 3600602 - Distribuição de água por caminhões; 3702900 - Atividades relacionadas a esgoto, exceto a gestão de redes; 3811400 - Coleta de resíduos não-perigosos; 4211101 - Construção de rodovias e ferrovias; 4211102 - Pintura para sinalização em pistas rodoviárias e aeroportos; 4212000 - Construção de obras de arte especiais; 4213800 - Obras de urbanização - ruas, praças e calçadas; 4221902 - Construção de estações e redes de distribuição de energia elétrica; 4222701 - Construção de redes de abastecimento de água, coleta de esgoto e construções correlatas, exceto obras de irrigação; 4291000 - Obras portuárias, marítimas e fluviais; 4299501 - Construção de instalações esportivas e recreativas; 4299599 - Outras obras de engenharia civil não especificadas anteriormente; 4311801 - Demolição de edifícios e outras estruturas; 4312600 - Perfurações e sondagens; 4313400 - Obras de terraplenagem; 4321500 - Instalação e manutenção elétrica; 4322301 - Instalações hidráulicas, sanitárias e de gás; 4322302 - Instalação e manutenção de sistemas centrais de ar condicionado, de ventilação e refrigeração; 4330404 - Serviços de pintura de edifícios em geral; 4391600 - Obras de fundações; 4399105 - Perfuração e construção de poços de água; 4923002 - Serviço de transporte de passageiros - locação de automóveis com motorista; 4924800 - Transporte escolar; 4930202 - Transporte rodoviário de carga, exceto produtos perigosos e mudanças, intermunicipal, interestadual e internacional; 4930203 - Transporte rodoviário de produtos perigosos; 6810201 - Compra e venda de imóveis próprios; 7111100 - Serviços de arquitetura; 7112000 - Serviços de engenharia; 7711000 - Locação de automóveis sem condutor; 7719599 - Locação de outros meios de transporte não especificados anteriormente, sem condutor; 7731400 - Aluguel de máquinas e equipamentos agrícolas sem operador; 7732201 - Aluguel de máquinas e equipamentos para construção sem operador, exceto andaimes; 7739003 - Aluguel de palcos, coberturas e outras estruturas de uso temporário, exceto andaimes; 7739099 - Aluguel de outras máquinas e equipamentos comerciais e industriais não especificados anteriormente, sem operador; 9001906 - Atividades de sonorização e de iluminação",False,alta,Receita Federal (BrasilAPI),2026-09-28T10:36:02
18843320,18843320000179,QUINTINO E FIGUEIRA CONSULTORIA E SERVICOS DE ENGENHARIA LTDA,QUINTINO ENGENHARIA E AVALIACOES,ATIVA,Vicosa,AL,"Rua Frederico Maia, 23, Sala A, Centro",57700000,(82) 3024-3993,(82) 9323-3939,,,Fernandes Quintino De Oliveira Junior,Sócio-Administrador,Fernanda Figueira Santos (Sócio); Fernandes Quintino De Oliveira Junior (Sócio-Administrador),7112000 - Serviços de engenharia,"3811400 - Coleta de resíduos não-perigosos; 4120400 - Construção de edifícios; 4213800 - Obras de urbanização - ruas, praças e calçadas; 4399101 - Administração de obras; 4399199 - Serviços especializados para construção não especificados anteriormente; 8121400 - Limpeza em prédios e em domicílios; 8220200 - Atividades de teleatendimento",False,alta,Receita Federal (BrasilAPI),2026-09-28T10:36:04
18964274,18964274000166,R. A FIREMAN CONSTRUTORA E INCORPORADORA LTDA,AVERBUGFIREMAN,ATIVA,Vicosa,AL,"Rua Clodoaldo Da Fonseca, 35, Andar 1, Centro",57700000,(82) 9920-9090,(82) 3283-1170,,,Rafael Averbug Fireman,Administrador,Olympo Investimentos E Participacoes Ltda (Sócio); Rafael Averbug Fireman (Administrador),4120400 - Construção de edifícios,"3811400 - Coleta de resíduos não-perigosos; 3812200 - Coleta de resíduos perigosos; 3821100 - Tratamento e disposição de resíduos não-perigosos; 3839499 - Recuperação de materiais não especificados anteriormente; 4110700 - Incorporação de empreendimentos imobiliários; 4211101 - Construção de rodovias e ferrovias; 4211102 - Pintura para sinalização em pistas rodoviárias e aeroportos; 4212000 - Construção de obras de arte especiais; 4213800 - Obras de urbanização - ruas, praças e calçadas; 4221901 - Construção de barragens e represas para geração de energia elétrica; 4221902 - Construção de estações e redes de distribuição de energia elétrica; 4221903 - Manutenção de redes de distribuição de energia elétrica; 4221904 - Construção de estações e redes de telecomunicações; 4221905 - Manutenção de estações e redes de telecomunicações; 4222701 - Construção de redes de abastecimento de água, coleta de esgoto e construções correlatas, exceto obras de irrigação; 4222702 - Obras de irrigação; 4291000 - Obras portuárias, marítimas e fluviais; 4292801 - Montagem de estruturas metálicas; 4292802 - Obras de montagem industrial; 4299501 - Construção de instalações esportivas e recreativas; 4299599 - Outras obras de engenharia civil não especificadas anteriormente; 4313400 - Obras de terraplenagem; 4322301 - Instalações hidráulicas, sanitárias e de gás; 4330401 - Impermeabilização em obras de engenharia civil; 4330402 - Instalação de portas, janelas, tetos, divisórias e armários embutidos de qualquer material; 4330403 - Obras de acabamento em gesso e estuque; 4330499 - Outras obras de acabamento da construção; 4391600 - Obras de fundações; 4399101 - Administração de obras; 4399102 - Montagem e desmontagem de andaimes e outras estruturas temporárias; 4399103 - Obras de alvenaria; 4399105 - Perfuração e construção de poços de água; 4399199 - Serviços especializados para construção não especificados anteriormente; 6204000 - Consultoria em tecnologia da informação; 6462000 - Holdings de instituições não-financeiras; 6810201 - Compra e venda de imóveis próprios; 7020400 - Atividades de consultoria em gestão empresarial, exceto consultoria técnica específica; 7711000 - Locação de automóveis sem condutor; 7739099 - Aluguel de outras máquinas e equipamentos comerciais e industriais não especificados anteriormente, sem operador; 7810800 - Seleção e agenciamento de mão-de-obra; 8129000 - Atividades de limpeza não especificadas anteriormente; 8211300 - Serviços combinados de escritório e apoio administrativo; 8599604 - Treinamento em desenvolvimento profissional e gerencial",False,alta,Receita Federal (BrasilAPI),2026-09-28T10:36:05
19535072,19535072000161,CONSTRUTORA E M G LTDA,CONSTRUTORA E M G,ATIVA,Maceio,AL,"Avenida Doutor Antonio Gomes De Barros, 625, Sala 917 Edif The Square Park Office, Jatiuca",57036001,(82) 9957-4446,,,,Emerson Melo De Gusmao,Sócio-Administrador,Emerson Melo De Gusmao (Sócio-Administrador); Lucas Geovane De Gusmao Tenorio (Sócio),4120400 - Construção de edifícios,4110700 - Incorporação de empreendimentos imobiliários,False,alta,Receita Federal (BrasilAPI),2026-09-28T10:36:07
23604449,23604449000164,CONSTRUTORA LITORAL LTDA,CONSTRUTORA LITORAL & EMPREENDIMENTOS IMOBILIARIOS,ATIVA,Coruripe,AL,"Alameda Celso Amabilio Dos Santos, 236, Com Tercio Wanderley",57230000,(82) 9144-2540,,,,Edvaldo Ferreira Da Silva,Sócio-Administrador,Edvaldo Ferreira Da Silva (Sócio-Administrador),4120400 - Construção de edifícios,4330404 - Serviços de pintura de edifícios em geral; 4330499 - Outras obras de acabamento da construção; 6821801 - Corretagem na compra e venda e avaliação de imóveis; 6821802 - Corretagem no aluguel de imóveis; 7319002 - Promoção de vendas,False,alta,Receita Federal (BrasilAPI),2026-09-28T10:36:08
25085079,25085079000121,FERREIRA SANTOS ENGENHARIA LTDA,FERREIRA BISPO ENGENHARIA,ATIVA,Marechal Deodoro,AL,"Avenida Antonio Cunha, 89, Sala 01, Massagueira",57160000,(82) 3260-7295,(82) 8735-9724,,,Ellysson Ferreira Santos Bispo,Sócio-Administrador,Ellysson Ferreira Santos Bispo (Sócio-Administrador),4120400 - Construção de edifícios,4399101 - Administração de obras; 6810201 - Compra e venda de imóveis próprios; 7112000 - Serviços de engenharia,False,alta,Receita Federal (BrasilAPI),2026-09-28T10:36:09
29210567,29210567000174,CL2 CONSTRUCOES LTDA,CL2 ENGENHARIA,ATIVA,Teotonio Vilela,AL,"Rua Joao Emidio Soares, 327, Centro",57265000,(82) 9634-1661,,,,Clecio Rodrigues Dos Santos,Sócio-Administrador,Clecio Rodrigues Dos Santos (Sócio-Administrador),4120400 - Construção de edifícios,"3701100 - Gestão de redes de esgoto; 4211101 - Construção de rodovias e ferrovias; 4212000 - Construção de obras de arte especiais; 4213800 - Obras de urbanização - ruas, praças e calçadas; 4221901 - Construção de barragens e represas para geração de energia elétrica; 4222701 - Construção de redes de abastecimento de água, coleta de esgoto e construções correlatas, exceto obras de irrigação; 4222702 - Obras de irrigação; 4291000 - Obras portuárias, marítimas e fluviais; 4292801 - Montagem de estruturas metálicas; 4292802 - Obras de montagem industrial; 4311801 - Demolição de edifícios e outras estruturas; 4313400 - Obras de terraplenagem; 4321500 - Instalação e manutenção elétrica; 4322301 - Instalações hidráulicas, sanitárias e de gás; 4322302 - Instalação e manutenção de sistemas centrais de ar condicionado, de ventilação e refrigeração; 4322303 - Instalações de sistema de prevenção contra incêndio; 4330402 - Instalação de portas, janelas, tetos, divisórias e armários embutidos de qualquer material; 4330404 - Serviços de pintura de edifícios em geral; 4391600 - Obras de fundações; 4399101 - Administração de obras; 4399104 - Serviços de operação e fornecimento de equipamentos para transporte e elevação de cargas e pessoas para uso em obras; 4399105 - Perfuração e construção de poços de água; 7111100 - Serviços de arquitetura; 7112000 - Serviços de engenharia; 7732201 - Aluguel de máquinas e equipamentos para construção sem operador, exceto andaimes; 7732202 - Aluguel de andaimes",False,alta,Receita Federal (BrasilAPI),2026-09-28T10:36:11
29687024,29687024000142,DIVINA LUZ ENGENHARIA LTDA,CONSTRUTORA DIVINA LUZ,ATIVA,Sao Sebastiao,AL,"Avenida Carlos Do Vale Ferro, 82, Centro",57275000,(82) 9804-3880,,,,Isaac Matheus Alves Da Silva,Sócio-Administrador,Icaro Ivisson Alves Da Silva (Sócio); Isaac Matheus Alves Da Silva (Sócio-Administrador),4120400 - Construção de edifícios,7112000 - Serviços de engenharia,False,alta,Receita Federal (BrasilAPI),2026-09-28T10:36:12
30667942,30667942000199,RAMON AMORIM MONTEIRO,MONTEIRO CONSTRUCOES E LOCACOES,ATIVA,Olho D'Agua Das Flores,AL,Brisa Da Serra,57442000,,,,,,,,4120400 - Construção de edifícios,"4213800 - Obras de urbanização - ruas, praças e calçadas; 4299501 - Construção de instalações esportivas e recreativas; 4313400 - Obras de terraplenagem; 4321500 - Instalação e manutenção elétrica; 4330403 - Obras de acabamento em gesso e estuque; 4399103 - Obras de alvenaria; 7711000 - Locação de automóveis sem condutor; 7732201 - Aluguel de máquinas e equipamentos para construção sem operador, exceto andaimes",False,baixa,Receita Federal (BrasilAPI),2026-09-28T10:36:14
35636505,35636505000121,B P CONSTRUCOES LTDA,B P CONSTRUCOES,ATIVA,Atalaia,AL,"Condominio Parque Do Futuro, Sn, Lote 8, Jose Paulino",57690000,(82) 9914-9964,,,,Benedito Pedro Dos Santos,Sócio-Administrador,Benedito Pedro Dos Santos (Sócio-Administrador),4120400 - Construção de edifícios,,False,alta,Receita Federal (BrasilAPI),2026-09-28T10:36:15
40389887,40389887000176,BARBOSA E COMPANHIA LTDA,TRINCHEIRAS CONSTRUCOES,ATIVA,Poco Das Trincheiras,AL,"Travessa Antonio Soares, 1, Centro",57510000,(82) 8168-1784,,,,Jose Francisco Barbosa Da Silva,Sócio-Administrador,Jose Francisco Barbosa Da Silva (Sócio-Administrador); Oberdan Cirilo Alencar (Sócio-Administrador),4120400 - Construção de edifícios,"2330301 - Fabricação de estruturas pré-moldadas de concreto armado, em série e sob encomenda; 2330302 - Fabricação de artefatos de cimento para uso na construção; 2330303 - Fabricação de artefatos de fibrocimento para uso na construção; 2391501 - Britamento de pedras, exceto associado à extração; 2391502 - Aparelhamento de pedras para construção, exceto associado à extração; 3600602 - Distribuição de água por caminhões; 3811400 - Coleta de resíduos não-perigosos; 4110700 - Incorporação de empreendimentos imobiliários; 4211101 - Construção de rodovias e ferrovias; 4211102 - Pintura para sinalização em pistas rodoviárias e aeroportos; 4213800 - Obras de urbanização - ruas, praças e calçadas; 4221902 - Construção de estações e redes de distribuição de energia elétrica; 4222701 - Construção de redes de abastecimento de água, coleta de esgoto e construções correlatas, exceto obras de irrigação; 4222702 - Obras de irrigação; 4299501 - Construção de instalações esportivas e recreativas; 4311801 - Demolição de edifícios e outras estruturas; 4311802 - Preparação de canteiro e limpeza de terreno; 4312600 - Perfurações e sondagens; 4313400 - Obras de terraplenagem; 4321500 - Instalação e manutenção elétrica; 4322301 - Instalações hidráulicas, sanitárias e de gás; 4322302 - Instalação e manutenção de sistemas centrais de ar condicionado, de ventilação e refrigeração; 4322303 - Instalações de sistema de prevenção contra incêndio; 4329103 - Instalação, manutenção e reparação de elevadores, escadas e esteiras rolantes; 4330401 - Impermeabilização em obras de engenharia civil; 4330402 - Instalação de portas, janelas, tetos, divisórias e armários embutidos de qualquer material; 4330403 - Obras de acabamento em gesso e estuque; 4330404 - Serviços de pintura de edifícios em geral; 4330405 - Aplicação de revestimentos e de resinas em interiores e exteriores; 4330499 - Outras obras de acabamento da construção; 4391600 - Obras de fundações; 4399101 - Administração de obras; 4399103 - Obras de alvenaria; 4399105 - Perfuração e construção de poços de água; 4642702 - Comércio atacadista de roupas e acessórios para uso profissional e de segurança do trabalho; 4924800 - Transporte escolar; 4929902 - Transporte rodoviário coletivo de passageiros, sob regime de fretamento, intermunicipal, interestadual e internacional; 4930201 - Transporte rodoviário de carga, exceto produtos perigosos e mudanças, municipal.; 4930202 - Transporte rodoviário de carga, exceto produtos perigosos e mudanças, intermunicipal, interestadual e internacional; 5212500 - Carga e descarga; 6810201 - Compra e venda de imóveis próprios; 6810203 - Loteamento de imóveis próprios; 7119701 - Serviços de cartografia, topografia e geodésia; 7711000 - Locação de automóveis sem condutor; 7731400 - Aluguel de máquinas e equipamentos agrícolas sem operador; 7732201 - Aluguel de máquinas e equipamentos para construção sem operador, exceto andaimes; 7739003 - Aluguel de palcos, coberturas e outras estruturas de uso temporário, exceto andaimes; 8122200 - Imunização e controle de pragas urbanas",False,alta,Receita Federal (BrasilAPI),2026-09-28T10:36:17
41334975,41334975000133,CONSTRUTORA VILANOVA LTDA,CONSTRUTORA VILANOVA,ATIVA,Paripueira,AL,"Avenida Major Luiz Cavalcante, 114, Centro",57935000,(82) 9106-3644,,,,Renato Dos Santos Vilanova,Sócio-Administrador,Renato Dos Santos Vilanova (Sócio-Administrador),4120400 - Construção de edifícios,"4321500 - Instalação e manutenção elétrica; 4322301 - Instalações hidráulicas, sanitárias e de gás; 4322303 - Instalações de sistema de prevenção contra incêndio; 4330401 - Impermeabilização em obras de engenharia civil; 4330402 - Instalação de portas, janelas, tetos, divisórias e armários embutidos de qualquer material; 4330403 - Obras de acabamento em gesso e estuque; 4330404 - Serviços de pintura de edifícios em geral; 4330405 - Aplicação de revestimentos e de resinas em interiores e exteriores; 4330499 - Outras obras de acabamento da construção",False,alta,Receita Federal (BrasilAPI),2026-09-28T10:36:18
43467841,43467841000116,RODCON SERVICOS UNIPESSOAL LTDA,RODCON SERVICOS,ATIVA,Maceio,AL,"Rua Santa Cruz, 352, Farol",57051590,(82) 3316-8570,,,,Rodrigo Cesar De Lima Cruz,Sócio-Administrador,Rodrigo Cesar De Lima Cruz (Sócio-Administrador),7112000 - Serviços de engenharia,"3313901 - Manutenção e reparação de geradores, transformadores e motores elétricos; 4321500 - Instalação e manutenção elétrica; 4322301 - Instalações hidráulicas, sanitárias e de gás; 4330404 - Serviços de pintura de edifícios em geral; 4330405 - Aplicação de revestimentos e de resinas em interiores e exteriores; 4330499 - Outras obras de acabamento da construção; 4399101 - Administração de obras; 4399103 - Obras de alvenaria; 4512901 - Representantes comerciais e agentes do comércio de veículos automotores; 4530706 - Representantes comerciais e agentes do comércio de peças e acessórios novos e usados para veículos automotores; 4542101 - Representantes comerciais e agentes do comércio de motocicletas e motonetas, peças e acessórios; 6810202 - Aluguel de imóveis próprios; 7111100 - Serviços de arquitetura; 7319002 - Promoção de vendas",True,baixa,Receita Federal (BrasilAPI),2026-09-28T10:36:20
45944698,45944698000131,CONSTRUTORA MERIBA LTDA,CONSTRUTORA MERIBA,ATIVA,Senador Rui Palmeira,AL,"Rua Santo Antonio, 12, Centro",57515000,(82) 3027-2222,,,,Luiz Thiago Barbosa Neves,Sócio-Administrador,Luiz Thiago Barbosa Neves (Sócio-Administrador),7112000 - Serviços de engenharia,"2513600 - Fabricação de obras de caldeiraria pesada; 2651500 - Fabricação de aparelhos e equipamentos de medida, teste e controle; 3240099 - Fabricação de outros brinquedos e jogos recreativos não especificados anteriormente; 3314718 - Manutenção e reparação de máquinas para a indústria metalúrgica, exceto máquinas-ferramenta; 3321000 - Instalação de máquinas e equipamentos industriais; 4120400 - Construção de edifícios; 4213800 - Obras de urbanização - ruas, praças e calçadas; 4292801 - Montagem de estruturas metálicas; 4299501 - Construção de instalações esportivas e recreativas; 4321500 - Instalação e manutenção elétrica; 4322302 - Instalação e manutenção de sistemas centrais de ar condicionado, de ventilação e refrigeração; 4330404 - Serviços de pintura de edifícios em geral; 4399103 - Obras de alvenaria; 5620101 - Fornecimento de alimentos preparados preponderantemente para empresas; 5620103 - Cantinas - serviços de alimentação privativos; 7711000 - Locação de automóveis sem condutor; 7739099 - Aluguel de outras máquinas e equipamentos comerciais e industriais não especificados anteriormente, sem operador; 8121400 - Limpeza em prédios e em domicílios; 8129000 - Atividades de limpeza não especificadas anteriormente",False,alta,Receita Federal (BrasilAPI),2026-09-28T10:36:21
46208557,46208557000113,C A V MEDEIROS ENGENHARIA LTDA,A2 SERVICOS & ENGENHARIA,ATIVA,Palmeira Dos Indios,AL,"Avenida Graciliano Ramos, 211, Paraíso",57602130,(82) 9913-9453,,,,Cicero Alexandre Vitorio Medeiros,Sócio-Administrador,Cicero Alexandre Vitorio Medeiros (Sócio-Administrador),4120400 - Construção de edifícios,"3811400 - Coleta de resíduos não-perigosos; 4211101 - Construção de rodovias e ferrovias; 4211102 - Pintura para sinalização em pistas rodoviárias e aeroportos; 4213800 - Obras de urbanização - ruas, praças e calçadas; 4292801 - Montagem de estruturas metálicas; 4299599 - Outras obras de engenharia civil não especificadas anteriormente; 4311801 - Demolição de edifícios e outras estruturas; 4311802 - Preparação de canteiro e limpeza de terreno; 4312600 - Perfurações e sondagens; 4313400 - Obras de terraplenagem; 4399101 - Administração de obras; 4399104 - Serviços de operação e fornecimento de equipamentos para transporte e elevação de cargas e pessoas para uso em obras; 4924800 - Transporte escolar; 7111100 - Serviços de arquitetura; 7112000 - Serviços de engenharia; 7711000 - Locação de automóveis sem condutor",False,alta,Receita Federal (BrasilAPI),2026-09-28T10:36:23
48477037,48477037000131,BRENO NUNES MONTEIRO CONSTRUTORA,BM CONSTRUTORA,ATIVA,Uniao Dos Palmares,AL,Cohab Velha,57800000,,,,,,,,4120400 - Construção de edifícios,"3702900 - Atividades relacionadas a esgoto, exceto a gestão de redes; 4211101 - Construção de rodovias e ferrovias; 4213800 - Obras de urbanização - ruas, praças e calçadas; 4221901 - Construção de barragens e represas para geração de energia elétrica; 4221902 - Construção de estações e redes de distribuição de energia elétrica; 4221903 - Manutenção de redes de distribuição de energia elétrica; 4221904 - Construção de estações e redes de telecomunicações; 4221905 - Manutenção de estações e redes de telecomunicações; 4222701 - Construção de redes de abastecimento de água, coleta de esgoto e construções correlatas, exceto obras de irrigação; 4223500 - Construção de redes de transportes por dutos, exceto para água e esgoto; 4291000 - Obras portuárias, marítimas e fluviais; 4292801 - Montagem de estruturas metálicas; 4292802 - Obras de montagem industrial; 4299501 - Construção de instalações esportivas e recreativas; 4299599 - Outras obras de engenharia civil não especificadas anteriormente; 4311801 - Demolição de edifícios e outras estruturas; 4311802 - Preparação de canteiro e limpeza de terreno; 4312600 - Perfurações e sondagens; 4313400 - Obras de terraplenagem; 4319300 - Serviços de preparação do terreno não especificados anteriormente; 4321500 - Instalação e manutenção elétrica; 4322301 - Instalações hidráulicas, sanitárias e de gás; 4322302 - Instalação e manutenção de sistemas centrais de ar condicionado, de ventilação e refrigeração; 4322303 - Instalações de sistema de prevenção contra incêndio; 4329104 - Montagem e instalação de sistemas e equipamentos de iluminação e sinalização em vias públicas, portos e aeroportos; 4329199 - Outras obras de instalações em construções não especificadas anteriormente; 4330401 - Impermeabilização em obras de engenharia civil; 4330402 - Instalação de portas, janelas, tetos, divisórias e armários embutidos de qualquer material; 4330403 - Obras de acabamento em gesso e estuque; 4330404 - Serviços de pintura de edifícios em geral; 4330405 - Aplicação de revestimentos e de resinas em interiores e exteriores; 4330499 - Outras obras de acabamento da construção; 4391600 - Obras de fundações; 4399101 - Administração de obras; 4399102 - Montagem e desmontagem de andaimes e outras estruturas temporárias; 4399103 - Obras de alvenaria; 4399104 - Serviços de operação e fornecimento de equipamentos para transporte e elevação de cargas e pessoas para uso em obras; 4399105 - Perfuração e construção de poços de água; 4399199 - Serviços especializados para construção não especificados anteriormente; 4744099 - Comércio varejista de materiais de construção em geral; 7111100 - Serviços de arquitetura; 7112000 - Serviços de engenharia; 7119701 - Serviços de cartografia, topografia e geodésia; 7119702 - Atividades de estudos geológicos; 7119703 - Serviços de desenho técnico relacionados à arquitetura e engenharia; 7119704 - Serviços de perícia técnica relacionados à segurança do trabalho; 7119799 - Atividades técnicas relacionadas à engenharia e arquitetura não especificadas anteriormente; 7120100 - Testes e análises técnicas; 7732201 - Aluguel de máquinas e equipamentos para construção sem operador, exceto andaimes; 7732202 - Aluguel de andaimes; 8011101 - Atividades de vigilância e segurança privada; 8130300 - Atividades paisagísticas",False,baixa,Receita Federal (BrasilAPI),2026-09-28T10:36:24
49164842,49164842000178,RPO CONSTRUCOES LTDA,RPO CONSTRUCOES,ATIVA,Sao Miguel Dos Campos,AL,"Loteamento Waldemar Cavalcante, 12, Quadrab, Fátima",57245238,(82) 9951-3731,,,,Relby Pinto Oliveira,Sócio-Administrador,Relby Pinto Oliveira (Sócio-Administrador),4120400 - Construção de edifícios,"4213800 - Obras de urbanização - ruas, praças e calçadas; 4222701 - Construção de redes de abastecimento de água, coleta de esgoto e construções correlatas, exceto obras de irrigação; 4330404 - Serviços de pintura de edifícios em geral; 4399103 - Obras de alvenaria",False,alta,Receita Federal (BrasilAPI),2026-09-28T10:36:26
50542217,50542217000100,KADIMA ENGENHARIA LTDA,KADIMA ENGENHARIA,ATIVA,Maceio,AL,"Rua Bacharel Floriano Ivo, 174, Loja 3, Farol",57055010,(82) 9157-5775,,,,Geraldo Faustino De Barros Leao,Sócio-Administrador,Geraldo Faustino De Barros Leao (Sócio-Administrador); Joao Paulo De Almeida Melo (Sócio-Administrador); Renato Maia Nobre Paes (Sócio-Administrador),7112000 - Serviços de engenharia,4330401 - Impermeabilização em obras de engenharia civil; 4330403 - Obras de acabamento em gesso e estuque; 4330404 - Serviços de pintura de edifícios em geral; 4330405 - Aplicação de revestimentos e de resinas em interiores e exteriores; 4399103 - Obras de alvenaria; 4399199 - Serviços especializados para construção não especificados anteriormente; 4923002 - Serviço de transporte de passageiros - locação de automóveis com motorista; 7711000 - Locação de automóveis sem condutor,False,alta,Receita Federal (BrasilAPI),2026-09-28T10:36:27
52172386,52172386000112,M6 CONTRUCAO DE LARES LTDA,,ATIVA,Pilar,AL,"Rua Jose Graciliano Costa, 00, Chã Do Pilar",57150000,(82) 9186-4616,,,,Roberto Fleury Ferreira De Mendonca,Sócio-Administrador,Failde Soares Ferreira De Mendonca (Sócio); Roberto Fleury Ferreira De Mendonca (Sócio-Administrador),4120400 - Construção de edifícios,4744099 - Comércio varejista de materiais de construção em geral; 6810201 - Compra e venda de imóveis próprios; 7112000 - Serviços de engenharia,False,alta,Receita Federal (BrasilAPI),2026-09-28T10:36:29
52426395,52426395000192,PLUS CONTRUCOES E EMPREENDIMENTOS LTDA,PLUS EMPREENDIMENTOS,ATIVA,Maceio,AL,"Avenida Desembargador Valente De Lima, 998, Jatiúca",57035556,(82) 9981-0066,,,,Aline Lopes De Vasconcelos Santos,Sócio-Administrador,Aline Lopes De Vasconcelos Santos (Sócio-Administrador),4120400 - Construção de edifícios,6810201 - Compra e venda de imóveis próprios,False,alta,Receita Federal (BrasilAPI),2026-09-28T10:36:30
54555548,54555548000127,PRADA CONSTRUTORA LTDA,PRADA CONSTRUTORA,ATIVA,Arapiraca,AL,"Rua Benjamim Freire De Amorim, 1435, Sala 07, Baixa Grande",57310540,(82) 9990-0911,,,,Deisy Rafaella Pessoa Bezerra,Sócio-Administrador,Deisy Rafaella Pessoa Bezerra (Sócio-Administrador),4120400 - Construção de edifícios,4399101 - Administração de obras; 4399103 - Obras de alvenaria,False,alta,Receita Federal (BrasilAPI),2026-09-28T10:36:32
55560561,55560561000137,FACILIT ENGENHARIA E CONSULTORIA LTDA,FACILIT ENGENHARIA,ATIVA,Senador Rui Palmeira,AL,"Rua Muniz Falcão, Sn, Centro",57515000,(82) 8109-3045,,,,Luan Ferreira Ramos Da Silva,Sócio-Administrador,Luan Ferreira Ramos Da Silva (Sócio-Administrador); Mario Vinicius De Oliveira Supriano (Sócio),7112000 - Serviços de engenharia,4120400 - Construção de edifícios,False,alta,Receita Federal (BrasilAPI),2026-09-28T10:36:33
55995354,55995354000105,AMSSANTO LTDA,AMSSANTO,ATIVA,Porto De Pedras,AL,"Alameda Graciliano Ramos, Sn, Lote 189 Lote 190 Lote 191 Lote 192, Patacho",57945000,(82) 9183-9465,,,,Antonio De Macedo Santos,Sócio-Administrador,Antonio De Macedo Santos (Sócio-Administrador),4120400 - Construção de edifícios,6822600 - Gestão e administração da propriedade imobiliária,False,alta,Receita Federal (BrasilAPI),2026-09-28T10:36:34
57829840,57829840000189,CONSTRUTORA ABENCOADA LTDA,CONSTRUTORA ABENCOADA,ATIVA,Arapiraca,AL,"Area Pv Tabela, 15, Zona Rural",57316899,(82) 9369-4862,,,,Maria Do Carmo Marques Soares,Sócio-Administrador,Maria Do Carmo Marques Soares (Sócio-Administrador),4120400 - Construção de edifícios,"4213800 - Obras de urbanização - ruas, praças e calçadas; 4391600 - Obras de fundações; 7112000 - Serviços de engenharia",False,alta,Receita Federal (BrasilAPI),2026-09-28T10:36:36
62485543,62485543000101,LETICIA LEOPOLDINO BRAGA CAVALCANTI LTDA,LETICIA BRAGA - ARQ + ENG,ATIVA,Maceio,AL,"Rua Antônio Gerbase, 82, Apt 103, Pitanguinha",57052160,(82) 8806-1402,,,,Leticia Leopoldino Braga Cavalcanti,Sócio-Administrador,Leticia Leopoldino Braga Cavalcanti (Sócio-Administrador),4120400 - Construção de edifícios,,False,alta,Receita Federal (BrasilAPI),2026-09-28T10:36:37
63290559,63290559000113,MORAIS CONSTRUCOES LTDA,MORAIS CONSTRUCOES LTDA,ATIVA,Maceio,AL,"Rua Antônio Raimundo De Lima, 10, Trapiche Da Barra",57010500,(82) 9940-7681,,,,Maria Clara Vieira Pereira,Sócio-Administrador,Maria Clara Vieira Pereira (Sócio-Administrador),4120400 - Construção de edifícios,6821801 - Corretagem na compra e venda e avaliação de imóveis,False,alta,Receita Federal (BrasilAPI),2026-09-28T10:36:39
20359020,20359020000241,"ENZFLUOR COMERCIO, SERVICOS E TECNOLOGIA LTDA",,ATIVA,Maceio,AL,"Rua Clementino Do Monte, 84 A, Farol",57055190,(82) 8865-7738,,,,Alana Do Nascimento Fernandes Luckwu,Sócio-Administrador,Alana Do Nascimento Fernandes Luckwu (Sócio-Administrador); Anderson Do Nascimento Luckwu (Sócio-Administrador),4299599 - Outras obras de engenharia civil não especificadas anteriormente,"161003 - Serviço de preparação de terreno, cultivo e colheita; 220906 - Conservação de florestas nativas; 230600 - Atividades de apoio à produção florestal; 4120400 - Construção de edifícios; 4212000 - Construção de obras de arte especiais; 4213800 - Obras de urbanização - ruas, praças e calçadas; 4221902 - Construção de estações e redes de distribuição de energia elétrica; 4221903 - Manutenção de redes de distribuição de energia elétrica; 4221904 - Construção de estações e redes de telecomunicações; 4221905 - Manutenção de estações e redes de telecomunicações; 4222701 - Construção de redes de abastecimento de água, coleta de esgoto e construções correlatas, exceto obras de irrigação; 4222702 - Obras de irrigação; 4292801 - Montagem de estruturas metálicas; 4299501 - Construção de instalações esportivas e recreativas; 4329199 - Outras obras de instalações em construções não especificadas anteriormente; 4330401 - Impermeabilização em obras de engenharia civil; 4330404 - Serviços de pintura de edifícios em geral; 4330499 - Outras obras de acabamento da construção; 4399101 - Administração de obras; 4399103 - Obras de alvenaria; 4399105 - Perfuração e construção de poços de água; 4930204 - Transporte rodoviário de mudanças; 7732201 - Aluguel de máquinas e equipamentos para construção sem operador, exceto andaimes; 8130300 - Atividades paisagísticas",False,alta,Receita Federal (BrasilAPI),2026-09-28T10:36:40
00321975,00321975000111,ARAFORROS IND E COMERCIO DE PERFILADOS LTDA EM RECUPERACAO JUDICIAL,ARAFORROS,ATIVA,Arapiraca,AL,"Rodovia Al-110, 2714, Km 66, Boa Vista",57303225,(82) 3521-9900,,,,Leopoldo Jose De Lemos Casado Beserra,Sócio-Administrador,Arapar - Participacoes E Administracao Ltda Em Recuperacao Judicial (Sócio); Judinete Maria Sampaio Beserra (Administrador); Leopoldo Jose De Lemos Casado Beserra (Sócio-Administrador),"2229303 - Fabricação de artefatos de material plástico para uso na construção, exceto tubos e acessórios","2229399 - Fabricação de artefatos de material plástico para outros usos não especificados anteriormente; 4330405 - Aplicação de revestimentos e de resinas em interiores e exteriores; 4930202 - Transporte rodoviário de carga, exceto produtos perigosos e mudanças, intermunicipal, interestadual e internacional",False,alta,Receita Federal (BrasilAPI),2026-09-28T10:36:41
00390664,00390664000104,OITICICA INDUSTRIAL E COMERCIAL LTDA,,ATIVA,Rio Largo,AL,"Rodovia Br 104 Norte, Sn, Km 85, Zona Rural",57100000,,,,,Alfredo Leao Da Rosa Oiticica,Sócio-Administrador,Adriana Oiticica Berard (Sócio); Alberto De Moura Rodrigues (Sócio); Aldara Da Rosa Oiticica Rodrigues (Sócio); Alexandre Gondim Da Rosa Oiticica (Sócio); Alfredo Leao Da Rosa Oiticica (Sócio-Administrador); Bernardo Gondim Da Rosa Oiticica (Sócio); Cristovao Lins Da Rosa Oiticica (Sócio-Administrador); Fernando Nissler Da Rosa Oiticica (Sócio); Helena Oiticica De Paiva (Sócio); Luciana Da Rosa Oiticica Wanderley (Sócio); Margarida Helena Leao Da Rosa Oiticica (Sócio); Maria Helena Gondim Oiticica De Miranda (Sócio); Maria Isalina Oiticica Soutinho (Sócio-Administrador); Maria Lucia Gondim Da Rosa Oiticica (Sócio); Rogerio Gondim Da Rosa Oiticica (Sócio); Silvana Da Rosa Oiticica Cardoso (Sócio); Solange Oiticica Ramalho (Sócio); Vera Beserra Da Rosa Oiticica (Sócio),1121600 - Fabricação de águas envasadas,,False,baixa,Receita Federal (BrasilAPI),2026-09-28T10:36:43
00469393,00469393000187,VALMAR SERVICOS INDUSTRIAIS LTDA,VALMAR,ATIVA,Maceio,AL,"Rua Cel. Presciliano Sarmento, 17, Sao Jorge",57044130,(82) 4141-5038,(82) 9674-6226,,,Jose Valter Da Silva,Sócio-Administrador,Jose Valter Da Silva (Sócio-Administrador); Maria Robevania De Souza E Silva (Sócio); Mariza Maria Da Silva (Sócio),7112000 - Serviços de engenharia,"1629301 - Fabricação de artefatos diversos de madeira, exceto móveis; 3314701 - Manutenção e reparação de máquinas motrizes não-elétricas; 3314705 - Manutenção e reparação de equipamentos de transmissão para fins industriais; 3319800 - Manutenção e reparação de equipamentos e produtos não especificados anteriormente; 3811400 - Coleta de resíduos não-perigosos; 3812200 - Coleta de resíduos perigosos; 3821100 - Tratamento e disposição de resíduos não-perigosos; 3822000 - Tratamento e disposição de resíduos perigosos; 4120400 - Construção de edifícios; 4211101 - Construção de rodovias e ferrovias; 4221903 - Manutenção de redes de distribuição de energia elétrica; 4292801 - Montagem de estruturas metálicas; 4399101 - Administração de obras; 4399199 - Serviços especializados para construção não especificados anteriormente; 4744099 - Comércio varejista de materiais de construção em geral; 4923002 - Serviço de transporte de passageiros - locação de automóveis com motorista; 4930201 - Transporte rodoviário de carga, exceto produtos perigosos e mudanças, municipal.; 4930202 - Transporte rodoviário de carga, exceto produtos perigosos e mudanças, intermunicipal, interestadual e internacional; 4930203 - Transporte rodoviário de produtos perigosos; 5212500 - Carga e descarga; 5231101 - Administração da infra-estrutura portuária; 5231102 - Atividades do Operador Portuário; 5239799 - Atividades auxiliares dos transportes aquaviários não especificadas anteriormente; 7020400 - Atividades de consultoria em gestão empresarial, exceto consultoria técnica específica; 7711000 - Locação de automóveis sem condutor; 7732201 - Aluguel de máquinas e equipamentos para construção sem operador, exceto andaimes; 7810800 - Seleção e agenciamento de mão-de-obra; 7820500 - Locação de mão-de-obra temporária; 7830200 - Fornecimento e gestão de recursos humanos para terceiros; 8111700 - Serviços combinados para apoio a edifícios, exceto condomínios prediais; 8121400 - Limpeza em prédios e em domicílios; 8129000 - Atividades de limpeza não especificadas anteriormente; 8130300 - Atividades paisagísticas; 8211300 - Serviços combinados de escritório e apoio administrativo; 8219999 - Preparação de documentos e serviços especializados de apoio administrativo não especificados anteriormente",False,alta,Receita Federal (BrasilAPI),2026-09-28T10:36:44
00562968,00562968000101,BRITEX MINERACOES LTDA,BRITEX,ATIVA,Rio Largo,AL,"Fazenda Canoe, Sn, Zona Rural",57100000,(82) 3015-2322,(82) 9999-4666,,,Edenir Moreira Peixoto,Sócio-Administrador,Edenir Moreira Peixoto (Sócio-Administrador); Lucilene Freire Peixoto (Sócio),810099 - Extração e britamento de pedras e outros materiais para construção e beneficiamento associado,"990403 - Atividades de apoio à extração de minerais não-metálicos; 6463800 - Outras sociedades de participação, exceto holdings; 6810201 - Compra e venda de imóveis próprios; 6810202 - Aluguel de imóveis próprios; 7732201 - Aluguel de máquinas e equipamentos para construção sem operador, exceto andaimes",False,alta,Receita Federal (BrasilAPI),2026-09-28T10:36:46
00887925,00887925000104,GRAFMARQUES INDUSTRIA EDITORA E SERVICOS LTDA,GRAFMARQUES,ATIVA,Maceio,AL,"Rua Senador Barros Leite, 143, Jaragua",57022280,(82) 2121-6161,,,,Guilherme Marques Silva,Administrador,Gfm Participacoes Ltda (Sócio); Guilherme Marques Silva (Administrador); Maynara Marques Silva Tavares (Administrador),"1811302 - Impressão de livros, revistas e outras publicações periódicas","1741902 - Fabricação de produtos de papel, cartolina, papel cartão e papelão ondulado para uso comercial e de escritório, exceto formulário contínuo; 1811301 - Impressão de jornais; 1813001 - Impressão de material para uso publicitário; 1813099 - Impressão de material para outros usos; 5819100 - Edição de cadastros, listas e de outros produtos gráficos",False,alta,Receita Federal (BrasilAPI),2026-09-28T10:36:47
01334368,01334368000159,ULTRAPLAST IND.E COM.DE SACOLAS PLASTICAS LTDA,ULTRAPLAST,ATIVA,Maceio,AL,"Rua Joao Jose Pereira Filho, S/N, Quadra05 Modulo 10 Lote 10, Tabuleiro Do Martins",57081000,(82) 2121-1835,(82) 2121-1844,,,Welligton Veiga Pessoa,Sócio-Administrador,Sueli Amorim Fernandes Pessoa (Sócio); Welligton Veiga Pessoa (Sócio-Administrador),2229399 - Fabricação de artefatos de material plástico para outros usos não especificados anteriormente,3299099 - Fabricação de produtos diversos não especificados anteriormente; 4649499 - Comércio atacadista de outros equipamentos e artigos de uso pessoal e doméstico não especificados anteriormente,False,alta,Receita Federal (BrasilAPI),2026-09-28T10:36:48
01413951,01413951000155,FERPLAS INDUSTRIA DE ARTEFATOS DE ARAME LTDA,FERPLAS,ATIVA,Maceio,AL,"Rua Joao Jose Pereira Filho, 200, Tabuleiro Do Martins",57081000,(82) 3326-4629,(82) 3324-5555,,,Mauricio Buarque Tenorio,Sócio-Administrador,Mauricio Buarque Tenorio (Sócio-Administrador),2599399 - Fabricação de outros produtos de metal não especificados anteriormente,"2539001 - Serviços de usinagem, tornearia e solda; 2539002 - Serviços de tratamento e revestimento em metais; 3299099 - Fabricação de produtos diversos não especificados anteriormente",False,alta,Receita Federal (BrasilAPI),2026-09-28T10:36:50
01637593,01637593000164,ENORD ENGENHARIA LTDA,TELESIL,ATIVA,Maceio,AL,"Rua Jangadeiros Alagoanos, 1188, Edif Emp. Millenium Towerandar 8 Sala 801, Pajucara",57030000,(82) 3336-1991,,,,Alfredo Guttenberg De Mendonca Breda,Sócio-Administrador,Alfredo Guttenberg De Mendonca Breda (Sócio-Administrador); Gaspar Guttenberg De Mendonca Breda (Sócio-Administrador); L B Investimentos E Participacoes Ltda (Sócio); Osman Ramires Neto (Sócio-Administrador),4120400 - Construção de edifícios,"4110700 - Incorporação de empreendimentos imobiliários; 4211101 - Construção de rodovias e ferrovias; 4211102 - Pintura para sinalização em pistas rodoviárias e aeroportos; 4212000 - Construção de obras de arte especiais; 4213800 - Obras de urbanização - ruas, praças e calçadas; 4221902 - Construção de estações e redes de distribuição de energia elétrica; 4221903 - Manutenção de redes de distribuição de energia elétrica; 4222701 - Construção de redes de abastecimento de água, coleta de esgoto e construções correlatas, exceto obras de irrigação; 4299501 - Construção de instalações esportivas e recreativas; 4299599 - Outras obras de engenharia civil não especificadas anteriormente; 4311801 - Demolição de edifícios e outras estruturas; 4311802 - Preparação de canteiro e limpeza de terreno; 4319300 - Serviços de preparação do terreno não especificados anteriormente; 4321500 - Instalação e manutenção elétrica; 4322301 - Instalações hidráulicas, sanitárias e de gás; 4322302 - Instalação e manutenção de sistemas centrais de ar condicionado, de ventilação e refrigeração; 4322303 - Instalações de sistema de prevenção contra incêndio; 4329199 - Outras obras de instalações em construções não especificadas anteriormente; 7111100 - Serviços de arquitetura; 7112000 - Serviços de engenharia; 7119703 - Serviços de desenho técnico relacionados à arquitetura e engenharia; 7119799 - Atividades técnicas relacionadas à engenharia e arquitetura não especificadas anteriormente; 8130300 - Atividades paisagísticas",True,baixa,Receita Federal (BrasilAPI),2026-09-28T10:36:51
02072980,02072980000163,PROENGE CONSTRUCOES LTDA,,ATIVA,Maceio,AL,"Rua Antonio Souza Braga, 180, Tabuleiro Dos Martins",57081457,,,,,Leticia Guedes Freire,Sócio-Administrador,Leticia Guedes Freire (Sócio-Administrador),4120400 - Construção de edifícios,"3702900 - Atividades relacionadas a esgoto, exceto a gestão de redes; 4110700 - Incorporação de empreendimentos imobiliários; 4211101 - Construção de rodovias e ferrovias; 4212000 - Construção de obras de arte especiais; 4213800 - Obras de urbanização - ruas, praças e calçadas; 4221901 - Construção de barragens e represas para geração de energia elétrica; 4221902 - Construção de estações e redes de distribuição de energia elétrica; 4222701 - Construção de redes de abastecimento de água, coleta de esgoto e construções correlatas, exceto obras de irrigação; 4223500 - Construção de redes de transportes por dutos, exceto para água e esgoto; 4291000 - Obras portuárias, marítimas e fluviais; 4292801 - Montagem de estruturas metálicas; 4292802 - Obras de montagem industrial; 4299501 - Construção de instalações esportivas e recreativas; 4299599 - Outras obras de engenharia civil não especificadas anteriormente; 4311801 - Demolição de edifícios e outras estruturas; 4311802 - Preparação de canteiro e limpeza de terreno; 4312600 - Perfurações e sondagens; 4313400 - Obras de terraplenagem; 4319300 - Serviços de preparação do terreno não especificados anteriormente; 4321500 - Instalação e manutenção elétrica; 4322301 - Instalações hidráulicas, sanitárias e de gás; 4322303 - Instalações de sistema de prevenção contra incêndio; 4329199 - Outras obras de instalações em construções não especificadas anteriormente; 4330401 - Impermeabilização em obras de engenharia civil; 4330402 - Instalação de portas, janelas, tetos, divisórias e armários embutidos de qualquer material; 4330403 - Obras de acabamento em gesso e estuque; 4330404 - Serviços de pintura de edifícios em geral; 4330405 - Aplicação de revestimentos e de resinas em interiores e exteriores; 4330499 - Outras obras de acabamento da construção; 4391600 - Obras de fundações; 4399101 - Administração de obras; 4399102 - Montagem e desmontagem de andaimes e outras estruturas temporárias; 4399103 - Obras de alvenaria; 4399104 - Serviços de operação e fornecimento de equipamentos para transporte e elevação de cargas e pessoas para uso em obras; 4399105 - Perfuração e construção de poços de água; 4399199 - Serviços especializados para construção não especificados anteriormente; 7111100 - Serviços de arquitetura; 7112000 - Serviços de engenharia; 9002702 - Restauração de obras-de-arte",False,baixa,Receita Federal (BrasilAPI),2026-09-28T10:36:52
02423864,02423864000141,"ARQUITEC - ARQUITETURA, ENGENHARIA E CONSTRUCAO LTDA",ARQUITEC,ATIVA,Maceio,AL,"Rua Professor Silvio De Macedo, 68, Jatiuca",57036740,(82) 3327-1820,,,,Joao Medeiros Rocha,Sócio-Administrador,Joao Medeiros Rocha (Sócio-Administrador); Katia Maria Lima Rocha (Sócio); Maria Tatiana Maia Moraes Lima (Sócio),4120400 - Construção de edifícios,"4110700 - Incorporação de empreendimentos imobiliários; 4299501 - Construção de instalações esportivas e recreativas; 4313400 - Obras de terraplenagem; 4391600 - Obras de fundações; 4399101 - Administração de obras; 6810201 - Compra e venda de imóveis próprios; 6810203 - Loteamento de imóveis próprios; 7111100 - Serviços de arquitetura; 7112000 - Serviços de engenharia; 7732201 - Aluguel de máquinas e equipamentos para construção sem operador, exceto andaimes",False,alta,Receita Federal (BrasilAPI),2026-09-28T10:36:54
02527858,02527858000134,PLASTEC INDUSTRIA E COMERCIO LTDA,PLASTEC,ATIVA,Maceio,AL,"Distrito Industrial Gov Luiz Cavalcante, S/N, Quadra 9C Modulo 11, Tab Dos Martins",57055000,(00) 82324-4094,,,,Gilvan Severiano Leite,Sócio-Administrador,Gilvan Severiano Leite (Sócio-Administrador); Lf - Administracao Participacao E Empreendimentos Ltda. (Sócio); Mm Participacoes Ltda (Sócio),2229301 - Fabricação de artefatos de material plástico para uso pessoal e doméstico,,False,alta,Receita Federal (BrasilAPI),2026-09-28T10:36:55
03360646,03360646000178,SAMPLAS INDUSTRIA E COMERCIO DE PLASTICOS LTDA.,SAMPLAS,ATIVA,Arapiraca,AL,"Avenida Asa Branca, 438, Guaribas",57303750,(82) 3529-9400,,,,Marcos Antonio Vieira Sampaio,Sócio-Administrador,Marcos Antonio Vieira Sampaio (Sócio-Administrador),2229399 - Fabricação de artefatos de material plástico para outros usos não especificados anteriormente,"7719599 - Locação de outros meios de transporte não especificados anteriormente, sem condutor; 3292202 - Fabricação de equipamentos e acessórios para segurança pessoal e profissional; 3299003 - Fabricação de letras, letreiros e placas de qualquer material, exceto luminosos; 4744099 - Comércio varejista de materiais de construção em geral; 4930202 - Transporte rodoviário de carga, exceto produtos perigosos e mudanças, intermunicipal, interestadual e internacional; 4759899 - Comércio varejista de outros artigos de uso pessoal e doméstico não especificados anteriormente; 4649499 - Comércio atacadista de outros equipamentos e artigos de uso pessoal e doméstico não especificados anteriormente; 4679699 - Comércio atacadista de materiais de construção em geral",False,alta,Receita Federal (BrasilAPI),2026-09-28T10:36:57
03657005,03657005000180,INDUSTRIA E COMERCIO DE AGUA MINERAL ANADIENSE LTDA,,ATIVA,Anadia,AL,"Sede Da Fazenda Padre Cicero, S/N, Zona Rural",57660000,,,,,Juarez Bastos Ferro,Sócio-Administrador,Fabricio De Araujo Ferro (Sócio); Juarez Bastos Ferro (Sócio-Administrador),1121600 - Fabricação de águas envasadas,4723700 - Comércio varejista de bebidas,False,baixa,Receita Federal (BrasilAPI),2026-09-28T10:36:58
03910880,03910880000121,MAUCON CONSTRUCOES LTDA,MAUCON ENGENHARIA,ATIVA,Maceio,AL,"Avenida Comendador Gustavo Paiva, 2789, Edif Norcon Empresarial Sala 1002, Mangabeiras",57038360,(82) 3313-7335,(82) 3235-4110,,,Jose Mauro Da Silva Junior,Sócio-Administrador,Jose Mauro Da Silva Junior (Sócio-Administrador); Tereza Telma Cavalcante Almeida Da Silva (Sócio-Administrador),4120400 - Construção de edifícios,4299501 - Construção de instalações esportivas e recreativas,False,alta,Receita Federal (BrasilAPI),2026-09-28T10:36:59
03921745,03921745000181,JBR PNEUS COMERCIO E SERVICOS LTDA,JBR PNEUS,ATIVA,Maceio,AL,"Via Secundaria 3, S/N, Tabuleiro Dos Martins",57080000,(82) 3326-1552,,,,Claudia Regina Figueiredo Antunes,Sócio-Administrador,Claudia Regina Figueiredo Antunes (Sócio-Administrador); Edesio Antunes Da Silva Junior (Sócio-Administrador),4520006 - Serviços de borracharia para veículos automotores,4520004 - Serviços de alinhamento e balanceamento de veículos automotores; 4520001 - Serviços de manutenção e reparação mecânica de veículos automotores; 4530705 - Comércio a varejo de pneumáticos e câmaras-de-ar; 4530703 - Comércio a varejo de peças e acessórios novos para veículos automotores; 2212900 - Reforma de pneumáticos usados,False,alta,Receita Federal (BrasilAPI),2026-09-28T10:37:01
03965700,03965700000109,COOPERATIVA DE TRABALHO DOS PRODUTORES DO BONIFACIO LTDA,COOPERBONI,ATIVA,Palmeira Dos Indios,AL,"Povoado Bonifacio, S/N, Zona Rural",57608280,(08) 2421-2212,,,,Maria Lucia Da Costa Santos Ferreira,Presidente,Diego Barbosa De Brito (Diretor); Maria Lucia Da Costa Santos Ferreira (Presidente); Severino Conrado Da Silva (Diretor); Silvano Ferreira Da Silva (Diretor),"1064300 - Fabricação de farinha de milho e derivados, exceto óleos de milho",,False,alta,Receita Federal (BrasilAPI),2026-09-28T10:37:03
04493020,04493020000100,CONCRENORTE - CONCRETO DO NORDESTE LTDA.,CONCRENORTE,ATIVA,Arapiraca,AL,"Rodovia Al 220, 1605, Canafistula",57302605,(82) 3421-2037,(82) 9961-4549,,,Fernanda De Almeida Lima Canuto,Sócio-Administrador,Fernanda De Almeida Lima Canuto (Sócio-Administrador); Francisco Fernando De Almeida Lima (Sócio-Administrador); Suely De Almeida Lima (Sócio),2330302 - Fabricação de artefatos de cimento para uso na construção,"2330301 - Fabricação de estruturas pré-moldadas de concreto armado, em série e sob encomenda; 4930202 - Transporte rodoviário de carga, exceto produtos perigosos e mudanças, intermunicipal, interestadual e internacional; 3329599 - Instalação de outros equipamentos não especificados anteriormente; 4399102 - Montagem e desmontagem de andaimes e outras estruturas temporárias",False,alta,Receita Federal (BrasilAPI),2026-09-28T10:37:04
04583137,04583137000177,SOLIDA ENGENHARIA LTDA,SOLIDA ENGENHARIA,ATIVA,Maceio,AL,"Avenida Dr. Antonio Gomes De Barros, 625, Sala 617 Edif The Square Park Office, Jatiuca",57036000,(82) 3327-4641,,,,Marcelo Raposo Ramires Saldanha,Sócio-Administrador,Marcelo Raposo Ramires Saldanha (Sócio-Administrador); Sanco Engenharia Ltda (Sócio),4120400 - Construção de edifícios,4110700 - Incorporação de empreendimentos imobiliários; 4299501 - Construção de instalações esportivas e recreativas,False,alta,Receita Federal (BrasilAPI),2026-09-28T10:37:06
04667933,04667933000198,CAMPOS ENGENHARIA LTDA,CAMPOS ENGENHARIA,ATIVA,Maceio,AL,"Rua Doutor Procopio Junior, 526, Jatiuca",57036150,(82) 3235-3175,,,,Edson Jose Campos,Sócio-Administrador,Edson Jose Campos (Sócio-Administrador); Joelma Genira Pimentel Campos (Sócio),4313400 - Obras de terraplenagem,"161099 - Atividades de apoio à agricultura não especificadas anteriormente; 4211101 - Construção de rodovias e ferrovias; 4222701 - Construção de redes de abastecimento de água, coleta de esgoto e construções correlatas, exceto obras de irrigação; 4222702 - Obras de irrigação; 4319300 - Serviços de preparação do terreno não especificados anteriormente; 7112000 - Serviços de engenharia; 7119701 - Serviços de cartografia, topografia e geodésia; 7719599 - Locação de outros meios de transporte não especificados anteriormente, sem condutor; 7732201 - Aluguel de máquinas e equipamentos para construção sem operador, exceto andaimes; 7739099 - Aluguel de outras máquinas e equipamentos comerciais e industriais não especificados anteriormente, sem operador; 7820500 - Locação de mão-de-obra temporária",False,alta,Receita Federal (BrasilAPI),2026-09-28T10:37:07
05132476,05132476000108,PROTEICA ALIMENTOS LIMITADA,PROTEICA,ATIVA,Arapiraca,AL,"Rua Frei Damiao, 180, Boa Vista",57303240,(82) 3530-3580,,,,Ricardo Barreto Dantas,Administrador,Rb Administracoes E Participacoes Ltda (Sócio); Ricardo Barreto Dantas (Administrador),1066000 - Fabricação de alimentos para animais,"4611700 - Representantes comerciais e agentes do comércio de matérias-primas agrícolas e animais vivos; 4617600 - Representantes comerciais e agentes do comércio de produtos alimentícios, bebidas e fumo; 4623109 - Comércio atacadista de alimentos para animais; 4635403 - Comércio atacadista de bebidas com atividade de fracionamento e acondicionamento associada; 4635499 - Comércio atacadista de bebidas não especificadas anteriormente; 4637102 - Comércio atacadista de açúcar; 4639701 - Comércio atacadista de produtos alimentícios em geral; 4639702 - Comércio atacadista de produtos alimentícios em geral, com atividade de fracionamento e acondicionamento associada; 4641901 - Comércio atacadista de tecidos; 4641902 - Comércio atacadista de artigos de cama, mesa e banho; 4641903 - Comércio atacadista de artigos de armarinho; 4643501 - Comércio atacadista de calçados; 4646001 - Comércio atacadista de cosméticos e produtos de perfumaria; 4646002 - Comércio atacadista de produtos de higiene pessoal; 4647801 - Comércio atacadista de artigos de escritório e de papelaria; 4649408 - Comércio atacadista de produtos de higiene, limpeza e conservação domiciliar; 4649499 - Comércio atacadista de outros equipamentos e artigos de uso pessoal e doméstico não especificados anteriormente; 4679699 - Comércio atacadista de materiais de construção em geral; 4686902 - Comércio atacadista de embalagens; 4691500 - Comércio atacadista de mercadorias em geral, com predominância de produtos alimentícios; 4693100 - Comércio atacadista de mercadorias em geral, sem predominância de alimentos ou de insumos agropecuários",False,alta,Receita Federal (BrasilAPI),2026-09-28T10:37:09
05204509,05204509000170,JOPLAS INDUSTRIAL LTDA,JOPLAS,ATIVA,Marechal Deodoro,AL,"Rodovia Divaldo Suruagy, S/N, Via 6, Polo Cloroquimico-Al",57160000,,,,,Jose Manuel Marques Cruz,Administrador,Bre20 Participacoes S.A. (Sócio); Caci Dp Participacoes Ltda (Sócio); Jose Manuel Marques Cruz (Administrador); Mm Participacoes Ltda (Sócio),2221800 - Fabricação de laminados planos e tubulares de material plástico,"2832100 - Fabricação de equipamentos para irrigação agrícola, peças e acessórios; 7112000 - Serviços de engenharia",False,baixa,Receita Federal (BrasilAPI),2026-09-28T10:37:10
05382505,05382505000181,"ART-NOR ARATROP NORDESTE INDUSTRIAL, COMERCIAL, IMPORTADORA E EXPORTADORA LTDA.",ARTNOR - ARATROP NORDESTE,ATIVA,Murici,AL,"Rua G, Gleba A, S/N, Lotes 1,2,3,4,5 E 6, Nucleo Industrial",57820000,,,,,Jose Vagner Degan,Sócio-Administrador,Jose Vagner Degan (Sócio-Administrador); Oscar Kunio Sato (Sócio-Administrador),2093200 - Fabricação de aditivos de uso industrial,"2013402 - Fabricação de adubos e fertilizantes, exceto organo-minerais",False,baixa,Receita Federal (BrasilAPI),2026-09-28T10:37:11
05582326,05582326000198,ELO ENGENHARIA LTDA,ELO ENGENHARIA,ATIVA,Maceio,AL,"Rua Maria Albanira Gondim Lamenha, S/N, Quadra19 Lote 04, Antares",57048445,(82) 3336-2727,,,,Fernando Marcelo Nanes De Siqueira Junior,Sócio-Administrador,Fernando Marcelo Nanes De Siqueira Junior (Sócio-Administrador); Geison Cavalcante Alves (Sócio-Administrador); Paulo Sergio Due Da Silva (Sócio-Administrador),4120400 - Construção de edifícios,4292801 - Montagem de estruturas metálicas; 4313400 - Obras de terraplenagem; 4321500 - Instalação e manutenção elétrica; 4391600 - Obras de fundações; 4399101 - Administração de obras; 7112000 - Serviços de engenharia; 7820500 - Locação de mão-de-obra temporária,False,alta,Receita Federal (BrasilAPI),2026-09-28T10:37:14
05612717,05612717000108,ENERGY ENGENHARIA LTDA,ENERGY,ATIVA,Maceio,AL,"Avenida Menino Marcelo, 3299, Sala 22, Serraria",57046000,(82) 3359-1177,,,,Ana Carolina Pinheiro Galvao,Sócio-Administrador,Ana Carolina Pinheiro Galvao (Sócio-Administrador); Bruno Xavier Pinheiro Galvao (Sócio-Administrador),7112000 - Serviços de engenharia,"3811400 - Coleta de resíduos não-perigosos; 3812200 - Coleta de resíduos perigosos; 3821100 - Tratamento e disposição de resíduos não-perigosos; 4211101 - Construção de rodovias e ferrovias; 4211102 - Pintura para sinalização em pistas rodoviárias e aeroportos; 4212000 - Construção de obras de arte especiais; 4213800 - Obras de urbanização - ruas, praças e calçadas; 4221902 - Construção de estações e redes de distribuição de energia elétrica; 4221903 - Manutenção de redes de distribuição de energia elétrica; 4222701 - Construção de redes de abastecimento de água, coleta de esgoto e construções correlatas, exceto obras de irrigação; 4292801 - Montagem de estruturas metálicas; 4292802 - Obras de montagem industrial; 4299501 - Construção de instalações esportivas e recreativas; 4299599 - Outras obras de engenharia civil não especificadas anteriormente; 4311801 - Demolição de edifícios e outras estruturas; 4313400 - Obras de terraplenagem; 4319300 - Serviços de preparação do terreno não especificados anteriormente; 4321500 - Instalação e manutenção elétrica; 4329104 - Montagem e instalação de sistemas e equipamentos de iluminação e sinalização em vias públicas, portos e aeroportos; 4329199 - Outras obras de instalações em construções não especificadas anteriormente; 4391600 - Obras de fundações; 4399101 - Administração de obras; 4399104 - Serviços de operação e fornecimento de equipamentos para transporte e elevação de cargas e pessoas para uso em obras; 4399199 - Serviços especializados para construção não especificados anteriormente; 6204000 - Consultoria em tecnologia da informação; 6209100 - Suporte técnico, manutenção e outros serviços em tecnologia da informação; 7020400 - Atividades de consultoria em gestão empresarial, exceto consultoria técnica específica; 7119701 - Serviços de cartografia, topografia e geodésia; 7119799 - Atividades técnicas relacionadas à engenharia e arquitetura não especificadas anteriormente; 7732201 - Aluguel de máquinas e equipamentos para construção sem operador, exceto andaimes; 8121400 - Limpeza em prédios e em domicílios; 8220200 - Atividades de teleatendimento; 8599604 - Treinamento em desenvolvimento profissional e gerencial",False,alta,Receita Federal (BrasilAPI),2026-09-28T10:37:15
05680391,05680391000156,FSF TECNOLOGIA S.A.,ALOO TELECOM,ATIVA,Maceio,AL,"Rua Joaquim Nabuco, 325, Farol",57051410,(82) 2123-3500,(82) 2123-3501,,,Felipe Calheiros Cansancao,Diretor,Felipe Calheiros Cansancao (Diretor); Radjalma Lucena Amorim Junior (Conselheiro de Administração); Raphael Pimentel De Oliveira Cruz (Diretor); Samer Serhan (Conselheiro de Administração); Sergio Ferreira De Brito (Diretor),6110803 - Serviços de comunicação multimídia - SCM,"4221904 - Construção de estações e redes de telecomunicações; 4221905 - Manutenção de estações e redes de telecomunicações; 4399101 - Administração de obras; 4930202 - Transporte rodoviário de carga, exceto produtos perigosos e mudanças, intermunicipal, interestadual e internacional; 6110802 - Serviços de redes de transportes de telecomunicações - SRTT; 6110899 - Serviços de telecomunicações por fio não especificados anteriormente; 6190602 - Provedores de voz sobre protocolo internet - VOIP; 6190699 - Outras atividades de telecomunicações não especificadas anteriormente; 6202300 - Desenvolvimento e licenciamento de programas de computador customizáveis; 6209100 - Suporte técnico, manutenção e outros serviços em tecnologia da informação; 6311900 - Tratamento de dados, provedores de serviços de aplicação e serviços de hospedagem na internet; 7112000 - Serviços de engenharia; 7711000 - Locação de automóveis sem condutor; 9512600 - Reparação e manutenção de equipamentos de comunicação",False,alta,Receita Federal (BrasilAPI),2026-09-28T10:37:17
05862270,05862270000125,CAPE AGUAS NORDESTE INDUSTRIA E COMERCIO LTDA,BAUMINAS AGUAS,ATIVA,Marechal Deodoro,AL,"Rodovia Divaldo Suruagy, Br 424, Km 12, S/N, Via 08, Distrito Industrial",57160000,(32) 3429-4655,(32) 9803-2248,,,Hamilton Mario Fortunato,Administrador,Barbosa & Bissoli Participacoes E Servicos Ltda (Sócio); Bauminas Quimica N/Ne Ltda (Sócio); Hamilton Mario Fortunato (Administrador); Ivone Barbosa Silva (Administrador); Jose Heitor Leonardo (Administrador); Jose Samuel Raffaelli Filho (Administrador); Tulio Barbosa Silva (Administrador),2099199 - Fabricação de outros produtos químicos não especificados anteriormente,"3314799 - Manutenção e reparação de outras máquinas e equipamentos para usos industriais não especificados anteriormente; 3319800 - Manutenção e reparação de equipamentos e produtos não especificados anteriormente; 3321000 - Instalação de máquinas e equipamentos industriais; 3600601 - Captação, tratamento e distribuição de água; 3701100 - Gestão de redes de esgoto; 3900500 - Descontaminação e outros serviços de gestão de resíduos; 4321500 - Instalação e manutenção elétrica; 4663000 - Comércio atacadista de Máquinas e equipamentos para uso industrial; partes e peças; 5211701 - Armazéns gerais - emissão de warrant; 6462000 - Holdings de instituições não-financeiras; 6463800 - Outras sociedades de participação, exceto holdings; 7020400 - Atividades de consultoria em gestão empresarial, exceto consultoria técnica específica; 7112000 - Serviços de engenharia; 7120100 - Testes e análises técnicas; 7210000 - Pesquisa e desenvolvimento experimental em ciências físicas e naturais; 7490199 - Outras atividades profissionais, científicas e técnicas não especificadas anteriormente; 7739099 - Aluguel de outras máquinas e equipamentos comerciais e industriais não especificados anteriormente, sem operador; 8129000 - Atividades de limpeza não especificadas anteriormente; 8219999 - Preparação de documentos e serviços especializados de apoio administrativo não especificados anteriormente; 8299799 - Outras atividades de serviços prestados principalmente às empresas não especificadas anteriormente",False,alta,Receita Federal (BrasilAPI),2026-09-28T10:37:18
05913401,05913401000156,ACENDER ENGENHARIA LTDA EM RECUPERACAO JUDICIAL,ACENDER ENGENHARIA,ATIVA,Maceio,AL,"Rua Projetada A, S/N, Cond Vipal Ii Lote 11, Antares",57048350,(82) 3311-9422,,,,Abdon Marques Netto,Sócio-Administrador,Abdon Marques Netto (Sócio-Administrador); Carlos Henrique Figueiredo Lopes Lima (Sócio); Deraldo Lopes Camerino Junior (Sócio-Administrador),4321500 - Instalação e manutenção elétrica,"3811400 - Coleta de resíduos não-perigosos; 4120400 - Construção de edifícios; 4211101 - Construção de rodovias e ferrovias; 4212000 - Construção de obras de arte especiais; 4213800 - Obras de urbanização - ruas, praças e calçadas; 4221902 - Construção de estações e redes de distribuição de energia elétrica; 4221903 - Manutenção de redes de distribuição de energia elétrica; 4221904 - Construção de estações e redes de telecomunicações; 4222701 - Construção de redes de abastecimento de água, coleta de esgoto e construções correlatas, exceto obras de irrigação; 4222702 - Obras de irrigação; 4223500 - Construção de redes de transportes por dutos, exceto para água e esgoto; 4292801 - Montagem de estruturas metálicas; 4292802 - Obras de montagem industrial; 4299501 - Construção de instalações esportivas e recreativas; 4311801 - Demolição de edifícios e outras estruturas; 4311802 - Preparação de canteiro e limpeza de terreno; 4312600 - Perfurações e sondagens; 4313400 - Obras de terraplenagem; 4319300 - Serviços de preparação do terreno não especificados anteriormente; 4322301 - Instalações hidráulicas, sanitárias e de gás; 4322302 - Instalação e manutenção de sistemas centrais de ar condicionado, de ventilação e refrigeração; 4322303 - Instalações de sistema de prevenção contra incêndio; 4329104 - Montagem e instalação de sistemas e equipamentos de iluminação e sinalização em vias públicas, portos e aeroportos; 4329105 - Tratamentos térmicos, acústicos ou de vibração; 4329199 - Outras obras de instalações em construções não especificadas anteriormente; 4330401 - Impermeabilização em obras de engenharia civil; 4330402 - Instalação de portas, janelas, tetos, divisórias e armários embutidos de qualquer material; 4330403 - Obras de acabamento em gesso e estuque; 4330405 - Aplicação de revestimentos e de resinas em interiores e exteriores; 4330499 - Outras obras de acabamento da construção; 4391600 - Obras de fundações; 4399101 - Administração de obras; 4399102 - Montagem e desmontagem de andaimes e outras estruturas temporárias; 4399103 - Obras de alvenaria; 4399104 - Serviços de operação e fornecimento de equipamentos para transporte e elevação de cargas e pessoas para uso em obras; 4399105 - Perfuração e construção de poços de água; 4399199 - Serviços especializados para construção não especificados anteriormente; 6204000 - Consultoria em tecnologia da informação; 7111100 - Serviços de arquitetura; 7112000 - Serviços de engenharia; 7119704 - Serviços de perícia técnica relacionados à segurança do trabalho; 7120100 - Testes e análises técnicas; 7732201 - Aluguel de máquinas e equipamentos para construção sem operador, exceto andaimes; 7739099 - Aluguel de outras máquinas e equipamentos comerciais e industriais não especificados anteriormente, sem operador; 8020001 - Atividades de monitoramento de sistemas de segurança eletrônico; 8130300 - Atividades paisagísticas; 8211300 - Serviços combinados de escritório e apoio administrativo; 8220200 - Atividades de teleatendimento; 8299701 - Medição de consumo de energia elétrica, gás e água; 9512600 - Reparação e manutenção de equipamentos de comunicação",False,alta,Receita Federal (BrasilAPI),2026-09-28T10:37:20
06121325,06121325000109,SERQUIP TRATAMENTOS RESIDUOS AL LTDA,SERQUIP,ATIVA,Maceio,AL,"Rua Secundaria 2, S/N, Quadra784 Lote 480, Tabuleiro Do Martins",57081585,(11) 3046-9000,,,,Facundo Ariel Fusto,Administrador,Facundo Ariel Fusto (Administrador); Francisco Celso Dal Rio Filho (Administrador); Jose Renato De Arruda Bruzadin (Administrador); Pedro Alberto Pradanos Zarzosa (Administrador); Veolia Holding America Latina S.A (Sócio),3811400 - Coleta de resíduos não-perigosos,3812200 - Coleta de resíduos perigosos; 3822000 - Tratamento e disposição de resíduos perigosos,False,alta,Receita Federal (BrasilAPI),2026-09-28T10:37:21
06143647,06143647000159,TECHPLAST INDUSTRIA E COMERCIO DE PLASTICOS LTDA,TECHPLAST - SOLUCOES EM GARRAFAS,ATIVA,Maceio,AL,"Rua R, 664, Lote 20 E 21 Quadra9, Cidade Universitaria",57073489,(82) 3374-2373,,,,Rodrigo Pinto Galvao,Sócio-Administrador,Rodolfo Camara Amaral Calheiros (Sócio); Rodrigo Pinto Galvao (Sócio-Administrador),2229301 - Fabricação de artefatos de material plástico para uso pessoal e doméstico,2229399 - Fabricação de artefatos de material plástico para outros usos não especificados anteriormente,False,alta,Receita Federal (BrasilAPI),2026-09-28T10:37:22
06209606,06209606000118,TRIUNFO PEDRAS LTDA,TRIUNFO PEDRAS,ATIVA,Arapiraca,AL,"Sitio Vila Aparecida, 001, Fazenda Genipapo, Zona Rural",57319700,(82) 3521-2616,,,,Jose Carlos De Souza Sobrinho,Sócio-Administrador,Jose Carlos De Souza Sobrinho (Sócio-Administrador); Maria Leao Vasconcelos De Souza (Sócio-Administrador),810099 - Extração e britamento de pedras e outros materiais para construção e beneficiamento associado,"4313400 - Obras de terraplenagem; 4391600 - Obras de fundações; 4930201 - Transporte rodoviário de carga, exceto produtos perigosos e mudanças, municipal.; 4930202 - Transporte rodoviário de carga, exceto produtos perigosos e mudanças, intermunicipal, interestadual e internacional; 7719599 - Locação de outros meios de transporte não especificados anteriormente, sem condutor; 7739099 - Aluguel de outras máquinas e equipamentos comerciais e industriais não especificados anteriormente, sem operador; 7820500 - Locação de mão-de-obra temporária",False,alta,Receita Federal (BrasilAPI),2026-09-28T10:37:24
06943858,06943858000176,CONTEMPORANEA ARQUITETURA E CONSTRUCOES LTDA,CONTEMPORANEA CONSTRUCOES,ATIVA,Maceio,AL,"Rua Prefeito Abdon Arroxelas, 1055, Ponta Verde",57035380,(82) 3311-9830,,,,Cristiana Pontes De Miranda Maranhao,Sócio-Administrador,Cristiana Pontes De Miranda Maranhao (Sócio-Administrador); Gabriela Pontes De Miranda Maranhao (Sócio); Gustavo Cabral Maranhao (Sócio-Administrador); Mateus Pontes De Miranda Maranhao (Sócio),4120400 - Construção de edifícios,4299501 - Construção de instalações esportivas e recreativas,False,alta,Receita Federal (BrasilAPI),2026-09-28T10:37:25
07868323,07868323000140,MACRO EMPREENDIMENTOS LTDA,MACRO EMPREENDIMENTOS,ATIVA,Maceio,AL,"Avenida Governador Osman Loureiro, 49, Sala 904, Edf. Business Tower, Mangabeiras",57037630,(82) 3025-1619,,,,Andreia Lima Tocchio,Administrador,Andreia Lima Tocchio (Administrador); Felipe Sarmento Cordeiro (Administrador); Macro Participacoes S/A (Sócio),4311802 - Preparação de canteiro e limpeza de terreno,"4120400 - Construção de edifícios; 4213800 - Obras de urbanização - ruas, praças e calçadas; 4292801 - Montagem de estruturas metálicas; 4313400 - Obras de terraplenagem; 4319300 - Serviços de preparação do terreno não especificados anteriormente; 4321500 - Instalação e manutenção elétrica; 4322301 - Instalações hidráulicas, sanitárias e de gás; 4399101 - Administração de obras; 6810201 - Compra e venda de imóveis próprios; 6810202 - Aluguel de imóveis próprios; 6822600 - Gestão e administração da propriedade imobiliária; 7112000 - Serviços de engenharia; 8130300 - Atividades paisagísticas",False,alta,Receita Federal (BrasilAPI),2026-09-28T10:37:27
08295547,08295547000173,WAGNER CABRAL EMPREENDIMENTOS LTDA.,WAGNER CABRAL EMPREENDIMENTOS,ATIVA,Maceio,AL,"Avenida Joao Davino, 321, Loja 08 Cond Shopping Jatiuca, Jatiuca",57035554,(82) 3355-8025,,,,Wagner Adriano Cabral,Sócio-Administrador,Luana Guimaraes Lima Cabral (Sócio); Victor Guimaraes Lima Cabral (Sócio Menor (Assistido/Representado)); Wagner Adriano Cabral (Sócio-Administrador),4110700 - Incorporação de empreendimentos imobiliários,4120400 - Construção de edifícios,False,alta,Receita Federal (BrasilAPI),2026-09-28T10:37:28
08435257,08435257000188,HIDRO SOLO INDUSTRIA E COMERCIO LTDA,HIDRO SOLO,ATIVA,Maceio,AL,"Via Secundaria 2, 324, Quadra5 Lote 5 E 6, Tabuleiro Do Martins",57081585,(82) 3324-3077,,,,Flavio Jose Vacari De Alcantara,Sócio-Administrador,Flavio Jose Vacari De Alcantara (Sócio-Administrador); Joeli Ferreira De Oliveira (Sócio-Administrador); Jose Ferreira De Alcantara (Sócio-Administrador); Marcos Roberto Honorato Alves (Sócio-Administrador); Maria Lucia Carmona Vacari De Alcantara (Sócio-Administrador); Roberta Vacari De Alcantara (Sócio),"2832100 - Fabricação de equipamentos para irrigação agrícola, peças e acessórios","2825900 - Fabricação de máquinas e equipamentos para saneamento básico e ambiental, peças e acessórios; 3314799 - Manutenção e reparação de outras máquinas e equipamentos para usos industriais não especificados anteriormente; 3329599 - Instalação de outros equipamentos não especificados anteriormente; 4399199 - Serviços especializados para construção não especificados anteriormente; 4789099 - Comércio varejista de outros produtos não especificados anteriormente; 7210000 - Pesquisa e desenvolvimento experimental em ciências físicas e naturais",False,alta,Receita Federal (BrasilAPI),2026-09-28T10:37:29
08445132,08445132000139,V2 CONSTRUCOES LTDA,,ATIVA,Maceio,AL,"Avenida Engenheiro Mario De Gusmao, 21, Ponta Verde",57035000,(82) 2126-1240,,,,Ralph Ramires Vasco,Sócio-Administrador,Ralph Ramires Vasco (Sócio-Administrador); Ronald De Vasco Junior (Sócio-Administrador),4120400 - Construção de edifícios,4299501 - Construção de instalações esportivas e recreativas,False,alta,Receita Federal (BrasilAPI),2026-09-28T10:37:31
08488348,08488348000181,SERPECAS ALAGOAS IMPLEMENTOS RODOVIARIOS LTDA,,ATIVA,Maceio,AL,"Rua Joao Jose Pereira Filho, 847, Lot. Distrito Industrial Quadra4B Letra A, Tabuleiro Do Martins",57081000,(82) 3035-4642,,,,Eva Da Conceicao Grigoletto,Sócio-Administrador,Eva Da Conceicao Grigoletto (Sócio-Administrador); Marja Grigoletto (Sócio); Marla Grigoletto (Sócio),"2930101 - Fabricação de cabines, carrocerias e reboques para caminhões",4520001 - Serviços de manutenção e reparação mecânica de veículos automotores; 4530703 - Comércio a varejo de peças e acessórios novos para veículos automotores,False,alta,Receita Federal (BrasilAPI),2026-09-28T10:37:32
08511719,08511719000107,FRUT S INDUSTRIA E COMERCIO DE GELADOS DE ALAGOAS LTDA,,ATIVA,Maceio,AL,"Avenida Moreira E Silva, 676, Farol",57051500,(82) 2123-2606,(82) 2123-2600,,,Alberto Cabus,Sócio-Administrador,Alberto Cabus (Sócio-Administrador); Carlos Cabus (Sócio-Administrador); Daniel Porto Cabus (Sócio); Diogo Jorge Porto Cabus (Sócio); Raquel Porto Cabus (Sócio); Renata Porto Cabus (Sócio); Renato Cabus (Sócio),1053800 - Fabricação de sorvetes e outros gelados comestíveis,"1031700 - Fabricação de conservas de frutas; 4729699 - Comércio varejista de produtos alimentícios em geral ou especializado em produtos alimentícios não especificados anteriormente; 5211799 - Depósitos de mercadorias para terceiros, exceto armazéns gerais e guarda-móveis; 5611203 - Lanchonetes, casas de chá, de sucos e similares",False,alta,Receita Federal (BrasilAPI),2026-09-28T10:37:34
08650571,08650571000183,MINERACAO VALE VERDE DO BRASIL LTDA.,,ATIVA,Craibas,AL,"Rodovia Al- 486, S/N, Km 4 Sitio Lagoa Do Mel, Zona Rural",57320000,(31) 3360-1309,,,,Breno Delfino Martins,Administrador,Breno Delfino Martins (Administrador); Dongwei Niu (Administrador); Jose Luiz De Menezes Navarro (Administrador); Junyang Liu (Administrador); Linsheng Yin (Administrador); Serrote Participacoes Ltda (Sócio),724301 - Extração de minério de metais preciosos,"990402 - Atividades de apoio à extração de minerais metálicos não-ferrosos; 3511501 - Geração de energia elétrica; 3513100 - Comércio atacadista de energia elétrica; 6463800 - Outras sociedades de participação, exceto holdings",False,alta,Receita Federal (BrasilAPI),2026-09-28T10:37:35
08840340,08840340000132,REPLAST INDUSTRIA E COMERCIO LTDA,,ATIVA,Maceio,AL,"Rua Joao Jose Pereira Filho, S/N, Quadra5 Modulo 7A E 8A Lote Distrito Industrial, Tabuleiro Do Martins",57081000,(82) 2121-1835,(82) 2121-1800,,,Welligton Veiga Pessoa,Sócio-Administrador,Sueli Amorim Fernandes Pessoa (Sócio); Welligton Veiga Pessoa (Sócio-Administrador),2222600 - Fabricação de embalagens de material plástico,"2229301 - Fabricação de artefatos de material plástico para uso pessoal e doméstico; 3299099 - Fabricação de produtos diversos não especificados anteriormente; 4649499 - Comércio atacadista de outros equipamentos e artigos de uso pessoal e doméstico não especificados anteriormente; 7732201 - Aluguel de máquinas e equipamentos para construção sem operador, exceto andaimes",False,alta,Receita Federal (BrasilAPI),2026-09-28T10:37:36
08911577,08911577000167,CBE - COMPANHIA BRASILEIRA DE ESQUADRIAS LTDA,MULTIDOOR,ATIVA,Maceio,AL,"Avenida Menino Marcelo, 4501, Galpao02, Serraria",57046000,(82) 4009-8300,,,,Rodrigo Cavalcante Pimentel Lopes,Sócio-Administrador,Pimentel Lopes Consultores Associados Ltda (Sócio); Roberta Pimentel Lopes Vieira Chaves (Sócio); Rodrigo Cavalcante Pimentel Lopes (Sócio-Administrador),1622602 - Fabricação de esquadrias de madeira e de peças de madeira para instalações industriais e comerciais,"4330402 - Instalação de portas, janelas, tetos, divisórias e armários embutidos de qualquer material",False,alta,Receita Federal (BrasilAPI),2026-09-28T10:37:38
09002715,09002715000158,CENTRO AUTOMOTIVO MONAM - LTDA,VARGA SERVICOS,ATIVA,Maceio,AL,"Rua Professor Antonio Nemesio De Albuquerque, 12, Jardim Petropolis",57080640,(82) 3302-1331,,,,Amarilio Carlos De Andrade Monteiro,Sócio-Administrador,Amarilio Carlos De Andrade Monteiro (Sócio-Administrador),4520001 - Serviços de manutenção e reparação mecânica de veículos automotores,4520002 - Serviços de lanternagem ou funilaria e pintura de veículos automotores; 4520004 - Serviços de alinhamento e balanceamento de veículos automotores; 4530703 - Comércio a varejo de peças e acessórios novos para veículos automotores; 4530705 - Comércio a varejo de pneumáticos e câmaras-de-ar; 4541206 - Comércio a varejo de peças e acessórios novos para motocicletas e motonetas; 4543900 - Manutenção e reparação de motocicletas e motonetas; 4732600 - Comércio varejista de lubrificantes; 5229002 - Serviços de reboque de veículos; 7711000 - Locação de automóveis sem condutor; 8599604 - Treinamento em desenvolvimento profissional e gerencial,False,alta,Receita Federal (BrasilAPI),2026-09-28T10:37:39
09342379,09342379000192,INDUSTRIA DE LATICINIOS PALMEIRA DOS INDIOS S/A ILPISA - EM RECUPERACAO JUDICIAL,ILPISA,ATIVA,Palmeira Dos Indios,AL,"Rodovia Al 210, Sn, Km 2, Zona Rural",57600970,(82) 3142-0887,,,,Ricardo De Souza Leao Sampaio,Presidente,Claudia Ramiro Costa Sampaio (Diretor); Ricardo De Souza Leao Sampaio (Presidente),1051100 - Preparação do leite,"1033302 - Fabricação de sucos de frutas, hortaliças e legumes, exceto concentrados; 1052000 - Fabricação de laticínios; 4729699 - Comércio varejista de produtos alimentícios em geral ou especializado em produtos alimentícios não especificados anteriormente",False,alta,Receita Federal (BrasilAPI),2026-09-28T10:37:41
09555120,09555120000120,M. W. INDUSTRIA E EMPREENDIMENTOS LTDA,M. W.,ATIVA,Feliz Deserto,AL,"Fazenda Meduza, S/N, Zona Rural",57220000,(82) 9131-1085,,,,Igor Normande Wanderley,Sócio-Administrador,Igor Normande Wanderley (Sócio-Administrador); Martina Normande Wanderley Dexheimer (Sócio); Rodrigo Normande Wanderley (Sócio-Administrador),1069400 - Moagem e fabricação de produtos de origem vegetal não especificados anteriormente,"1033301 - Fabricação de sucos concentrados de frutas, hortaliças e legumes; 1033302 - Fabricação de sucos de frutas, hortaliças e legumes, exceto concentrados; 6462000 - Holdings de instituições não-financeiras; 6810201 - Compra e venda de imóveis próprios; 6810202 - Aluguel de imóveis próprios; 7490104 - Atividades de intermediação e agenciamento de serviços e negócios em geral, exceto imobiliários",False,alta,Receita Federal (BrasilAPI),2026-09-28T10:37:42
10472933,10472933000135,TEXAS INDUSTRIAL S/A,TEXAS,ATIVA,Maceio,AL,"Rua Dr Joao Crisostomo De Farias, 25-D, Loteam. Clima Bom I, Clima Bom",57071090,(82) 2121-2000,,,,Sergio Luis Feliciano,Presidente,Sergio Luis Feliciano (Presidente),"2811900 - Fabricação de motores e turbinas, peças e acessórios, exceto para aviões e veículos rodoviários","2539001 - Serviços de usinagem, tornearia e solda; 2862300 - Fabricação de máquinas e equipamentos para as indústrias de alimentos, bebidas e fumo, peças e acessórios; 3314701 - Manutenção e reparação de máquinas motrizes não-elétricas; 7739099 - Aluguel de outras máquinas e equipamentos comerciais e industriais não especificados anteriormente, sem operador",False,alta,Receita Federal (BrasilAPI),2026-09-28T10:37:44
10811586,10811586000128,TETO PLANEJAMENTO E INCORPORACOES LTDA,TETO,ATIVA,Maceio,AL,"Avenida Dom Antonio Brandao, 203, Sala 615, Farol",57051190,(82) 3313-7983,,,,Angela Maria De Albuquerque Santana,Sócio-Administrador,Angela Maria De Albuquerque Santana (Sócio-Administrador); Jose Joaquim Da Cunha Santana (Sócio-Administrador),4120400 - Construção de edifícios,"4110700 - Incorporação de empreendimentos imobiliários; 4213800 - Obras de urbanização - ruas, praças e calçadas; 4292801 - Montagem de estruturas metálicas; 4313400 - Obras de terraplenagem; 4321500 - Instalação e manutenção elétrica; 4322301 - Instalações hidráulicas, sanitárias e de gás; 4399101 - Administração de obras; 6463800 - Outras sociedades de participação, exceto holdings; 6810203 - Loteamento de imóveis próprios; 7111100 - Serviços de arquitetura; 7112000 - Serviços de engenharia; 8130300 - Atividades paisagísticas",False,alta,Receita Federal (BrasilAPI),2026-09-28T10:37:45
10831030,10831030000101,IBRACON INCORPORACOES E CONSTRUCOES LTDA,IBRACON,ATIVA,Maceio,AL,"Rodovia Br 101 Norte, S/N, Km 12 Quadra B, Tab Dos Martins",57080000,,,,,Giuseppe Cartisano,Sócio-Administrador,Giuseppe Cartisano (Sócio-Administrador); Luciano Rolleri (Sócio); Toro Participacoes E Empreendimentos Ltda (Sócio),4120400 - Construção de edifícios,4299501 - Construção de instalações esportivas e recreativas,False,baixa,Receita Federal (BrasilAPI),2026-09-28T10:37:46
10897687,10897687000163,CAOFLEX INDUSTRIA E COMERCIO LTDA,PRIMESPUMA,ATIVA,Maceio,AL,"Rua Da Codeal, S/N, Tabuleiro Do Martins",57081475,(82) 3025-9684,,,,Anatolia Graziela Altoe De Oliveira,Sócio-Administrador,Anatolia Graziela Altoe De Oliveira (Sócio-Administrador); Carlos Augusto De Oliveira (Sócio-Administrador),3104700 - Fabricação de colchões,4754702 - Comércio varejista de artigos de colchoaria; 4649404 - Comércio atacadista de móveis e artigos de colchoaria; 2221800 - Fabricação de laminados planos e tubulares de material plástico,False,alta,Receita Federal (BrasilAPI),2026-09-28T10:37:48
11355874,11355874000188,INFINNI SERVICOS E COMUNICACAO VISUAL LTDA,INFINNI COMUNICACAO VISUAL,ATIVA,Maceio,AL,"Rua Marques De Tamandare, 34, Poco",57025530,(82) 2121-6161,,,,Raphael Jose Pereira Costa,Sócio-Administrador,Gfm Participacoes Ltda (Sócio); Guilherme Marques Silva (Administrador); Maynara Marques Silva Tavares (Administrador); Raphael Jose Pereira Costa (Sócio-Administrador),1813001 - Impressão de material para uso publicitário,"1413401 - Confecção de roupas profissionais, exceto sob medida; 1413402 - Confecção, sob medida, de roupas profissionais; 1413403 - Facção de roupas profissionais; 1521100 - Fabricação de artigos para viagem, bolsas e semelhantes de qualquer material; 1813099 - Impressão de material para outros usos; 2511000 - Fabricação de estruturas metálicas; 3299003 - Fabricação de letras, letreiros e placas de qualquer material, exceto luminosos; 3299004 - Fabricação de painéis e letreiros luminosos; 4329101 - Instalação de painéis publicitários; 4399103 - Obras de alvenaria; 5212500 - Carga e descarga; 6810202 - Aluguel de imóveis próprios; 7112000 - Serviços de engenharia; 7729202 - Aluguel de móveis, utensílios e aparelhos de uso doméstico e pessoal; instrumentos musicais",False,alta,Receita Federal (BrasilAPI),2026-09-28T10:37:50
11483295,11483295000110,CODACO CONFECCAO E DOBRA DE FERRO E ACO LTDA,CODACO,ATIVA,Maceio,AL,"Via Secundaria 2 (Distrito Industrial), 276, Tabuleiro Do Martins",57081585,(82) 3354-3311,,,,Antonio Milton Pessoa Falcao Filho,Sócio-Administrador,Antonio Milton Pessoa Falcao Filho (Sócio-Administrador); Antonio Milton Ramos Falcao (Sócio-Administrador); Lucas Da Cunha Falcao (Sócio),2599399 - Fabricação de outros produtos de metal não especificados anteriormente,2599302 - Serviço de corte e dobra de metais,False,alta,Receita Federal (BrasilAPI),2026-09-28T10:37:51
11907140,11907140000164,KRONA TUBOS E CONEXOES DO NORDESTE LTDA,,ATIVA,Marechal Deodoro,AL,"Rodovia Divaldo Suruagy Via 07, S/N, Km 12 Lote 102, Polo Cloroquimico",57160000,(82) 8713-1210,,,,Elton Julio Grein,Administrador,Elton Julio Grein (Administrador); Fernando Pedro De Oliveira (Administrador); Jonatan Faust (Administrador); Krona Participacoes S.A. (Sócio); Krona Tubos E Conexoes Ltda (Sócio); Rogerio Kohntopp (Administrador),2223400 - Fabricação de tubos e acessórios de material plástico para uso na construção,,False,alta,Receita Federal (BrasilAPI),2026-09-28T10:37:52
12164854,12164854000192,INDUSTRIA DE CIMENTOS DE ALAGOAS LTDA,CIMENTO ZUMBI,ATIVA,Marechal Deodoro,AL,"Rodovia Divaldo Suruagy, S/N, Km 12, Area B, Br424 Polo Multifabril Ind Jose Aprigio Vilela, Distrito Industrial",57160000,(82) 3026-9600,,,,Carlos Eugenio Cicero Silva,Sócio-Administrador,Carlos Eugenio Cicero Silva (Sócio-Administrador); G10 Participacoes E Empreendimentos Ltda (Sócio); Guilherme Madeiro Rocha Silva (Sócio),2320600 - Fabricação de cimento,"899199 - Extração de outros minerais não-metálicos não especificados anteriormente; 2330305 - Preparação de massa de concreto e argamassa para construção; 2330399 - Fabricação de outros artefatos e produtos de concreto, cimento, fibrocimento, gesso e materiais semelhantes; 4679604 - Comércio atacadista especializado de materiais de construção não especificados anteriormente; 5211799 - Depósitos de mercadorias para terceiros, exceto armazéns gerais e guarda-móveis; 7732201 - Aluguel de máquinas e equipamentos para construção sem operador, exceto andaimes",False,alta,Receita Federal (BrasilAPI),2026-09-28T10:37:54
12213443,12213443000140,INDUSTRIAS REUNIDAS CORINGA LTDA,GRUPO CORINGA,ATIVA,Arapiraca,AL,"Rodovia Al-220, 1644, Bom Sucesso",57309035,(82) 3522-9200,(82) 3522-9217,,,Adelmo De Oliveira Nunes,Administrador,Adelmo De Oliveira Nunes (Administrador); Alberto Jose Dos Santos (Administrador); Coringa Participacoes Ltda (Sócio); Jose Alexandre Dos Santos (Administrador); Jose Alexandre Filho (Administrador); Jose Levino De Oliveira Nunes (Administrador); Jose Levino De Oliveira Nunes Junior (Administrador); Jose Luis Pereira Neto (Administrador); Luis Jose Dos Santos (Administrador); Marcelino Alexandre Jose Dos Santos (Administrador),"1064300 - Fabricação de farinha de milho e derivados, exceto óleos de milho","161003 - Serviço de preparação de terreno, cultivo e colheita; 161099 - Atividades de apoio à agricultura não especificadas anteriormente; 1031700 - Fabricação de conservas de frutas; 1032599 - Fabricação de conservas de legumes e outros vegetais, exceto palmito; 1033301 - Fabricação de sucos concentrados de frutas, hortaliças e legumes; 1033302 - Fabricação de sucos de frutas, hortaliças e legumes, exceto concentrados; 1041400 - Fabricação de óleos vegetais em bruto, exceto óleo de milho; 1042200 - Fabricação de óleos vegetais refinados, exceto óleo de milho; 1043100 - Fabricação de margarina e outras gorduras vegetais e de óleos não-comestíveis de animais; 1052000 - Fabricação de laticínios; 1061902 - Fabricação de produtos do arroz; 1062700 - Moagem de trigo e fabricação de derivados; 1063500 - Fabricação de farinha de mandioca e derivados; 1065101 - Fabricação de amidos e féculas de vegetais; 1065102 - Fabricação de óleo de milho em bruto; 1065103 - Fabricação de óleo de milho refinado; 1066000 - Fabricação de alimentos para animais; 1069400 - Moagem e fabricação de produtos de origem vegetal não especificados anteriormente; 1081302 - Torrefação e moagem de café; 1082100 - Fabricação de produtos à base de café; 1092900 - Fabricação de biscoitos e bolachas; 1094500 - Fabricação de massas alimentícias; 1095300 - Fabricação de especiarias, molhos, temperos e condimentos; 1096100 - Fabricação de alimentos e pratos prontos; 1099602 - Fabricação de pós alimentícios; 1099605 - Fabricação de produtos para infusão (chá, mate, etc.); 1099699 - Fabricação de outros produtos alimentícios não especificados anteriormente; 1122401 - Fabricação de refrigerantes; 1122402 - Fabricação de chá mate e outros chás prontos para consumo; 1122403 - Fabricação de refrescos, xaropes e pós para refrescos, exceto refrescos de frutas; 1122404 - Fabricação de bebidas isotônicas; 1122499 - Fabricação de outras bebidas não-alcoólicas não especificadas anteriormente; 2061400 - Fabricação de sabões e detergentes sintéticos; 2062200 - Fabricação de produtos de limpeza e polimento; 2063100 - Fabricação de cosméticos, produtos de perfumaria e de higiene pessoal; 2222600 - Fabricação de embalagens de material plástico; 3513100 - Comércio atacadista de energia elétrica; 4632003 - Comércio atacadista de cereais e leguminosas beneficiados, farinhas, amidos e féculas, com atividade de fracionamento e acondicionamento associada; 4639701 - Comércio atacadista de produtos alimentícios em geral; 4649499 - Comércio atacadista de outros equipamentos e artigos de uso pessoal e doméstico não especificados anteriormente; 4729699 - Comércio varejista de produtos alimentícios em geral ou especializado em produtos alimentícios não especificados anteriormente; 4930202 - Transporte rodoviário de carga, exceto produtos perigosos e mudanças, intermunicipal, interestadual e internacional; 4930203 - Transporte rodoviário de produtos perigosos",False,alta,Receita Federal (BrasilAPI),2026-09-28T10:37:55
12275715,12275715000136,UTINGA ACUCAR E ETANOL S/A,USINA UTINGA,ATIVA,Rio Largo,AL,"Vila Utinga, S/N, Zona Rural",57100000,,,,,Eduardo De Queiroz Monteiro,Presidente,Eduardo De Queiroz Monteiro (Presidente); Jose Eduardo Goncalves De Moraes (Diretor),1071600 - Fabricação de açúcar em bruto,"810006 - Extração de areia, cascalho ou pedregulho e beneficiamento associado; 1072401 - Fabricação de açúcar de cana refinado; 1931400 - Fabricação de álcool; 2062200 - Fabricação de produtos de limpeza e polimento; 3511501 - Geração de energia elétrica; 4623108 - Comércio atacadista de matérias-primas agrícolas com atividade de fracionamento e acondicionamento associada; 4681801 - Comércio atacadista de álcool carburante, biodiesel, gasolina e demais derivados de petróleo, exceto lubrificantes, não realizado por transportador re; 6463800 - Outras sociedades de participação, exceto holdings",False,baixa,Receita Federal (BrasilAPI),2026-09-28T10:37:56
12286944,12286944000156,CONSTRUTORA HUMBERTO LOBO LTDA EM RECUPERACAO JUDICIAL,,ATIVA,Maceio,AL,"Avenida Menino Marcelo, 9601 A, Sala 004, Serraria",57046000,(82) 3241-3599,,,,Jose Humberto Rocha Lobo,Sócio-Administrador,Jose Humberto Rocha Lobo (Sócio-Administrador); Mario Humberto Rocha Lobo (Sócio-Administrador); Paulo Henrique Rocha Lobo (Sócio-Administrador); Tatiana Maria Lobo Junqueira De Andrade (Sócio-Administrador),4120400 - Construção de edifícios,"4110700 - Incorporação de empreendimentos imobiliários; 4211101 - Construção de rodovias e ferrovias; 4212000 - Construção de obras de arte especiais; 4213800 - Obras de urbanização - ruas, praças e calçadas; 4222701 - Construção de redes de abastecimento de água, coleta de esgoto e construções correlatas, exceto obras de irrigação; 4299501 - Construção de instalações esportivas e recreativas; 4321500 - Instalação e manutenção elétrica; 6810201 - Compra e venda de imóveis próprios; 7112000 - Serviços de engenharia; 7119701 - Serviços de cartografia, topografia e geodésia",False,alta,Receita Federal (BrasilAPI),2026-09-28T10:37:58
12363594,12363594000184,MILTON ALVES INDUSTRIA E COMERCIO LIMITADA,,ATIVA,Maceio,AL,"Rua Jequia, 101, Farol",57080080,,,,,Marconi Cavalcante Alves,Sócio-Administrador,Julia Sergia Castro Alves (Sócio); Marcio Jose Cavalcante Alves (Sócio); Marconi Cavalcante Alves (Sócio-Administrador); Marcos Cavalcante Alves (Sócio); Maria Eduarda Castro Alves (Sócio); Marinete Cavalcante Alves (Sócio); Marlus Erikson Castro Alves (Sócio-Administrador); Mirabelle Castro Alves Xavier (Sócio); Monica Cavalcante Alves (Sócio); Mozart Ewerthon Castro Alves (Sócio),1094500 - Fabricação de massas alimentícias,,False,baixa,Receita Federal (BrasilAPI),2026-09-28T10:37:59
12382008,12382008000149,PENEDO AGRO INDUSTRIAL S/A - EM RECUPERACAO JUDICIAL,USINA PAISA,ATIVA,Penedo,AL,"Fazenda Vazea Grande, S/N, Zona Rural",57200000,,,,,Jorge Toledo Florencio,Diretor,Jorge Toledo Florencio (Diretor); Julio Cesar De Melo Toledo (Diretor),1071600 - Fabricação de açúcar em bruto,1931400 - Fabricação de álcool; 113000 - Cultivo de cana-de-açúcar; 2014200 - Fabricação de gases industriais,False,baixa,Receita Federal (BrasilAPI),2026-09-28T10:38:03
12392890,12392890000103,IMCREL IRMAOS MOREIRA EXTRACAO MINERAL LTDA,IMCREL,ATIVA,Rio Largo,AL,"Fazenda Manimbu, S/N, Zona Rural",57100000,(82) 3262-1195,(82) 3262-1193,,,Edenir Moreira Peixoto Filho,Sócio-Administrador,Ana Tereza Gomes De Sa Peixoto Cavalcanti (Sócio); Edenir Moreira Peixoto Filho (Sócio-Administrador); Eliany Moreira Peixoto (Sócio); Eliezir Moreira Peixoto (Sócio-Administrador); Elizabeth Moreira Peixoto Da Silva (Sócio); Elzy Moreira Peixoto (Sócio); Eriel Moreira Peixoto (Sócio); Margareth Freire Peixoto Jatoba (Sócio-Administrador); Tereza Izabel Moreira Peixoto (Sócio),810099 - Extração e britamento de pedras e outros materiais para construção e beneficiamento associado,990403 - Atividades de apoio à extração de minerais não-metálicos,False,alta,Receita Federal (BrasilAPI),2026-09-28T10:38:05
12407474,12407474000131,CONSTRUTORA PENEDO LTDA,,ATIVA,Maceio,AL,"Avenida Da Paz, 1.326, Centro",57020440,(82) 3221-0685,,,,Felipe Rocha Luna,Sócio-Administrador,Felipe Rocha Luna (Sócio-Administrador); Liz Malta Luna (Sócio); Luciana Vilar Malta Luna (Sócio); Luiz Felipe Malta Luna (Sócio-Administrador),4120400 - Construção de edifícios,4110700 - Incorporação de empreendimentos imobiliários; 6810201 - Compra e venda de imóveis próprios; 6810202 - Aluguel de imóveis próprios; 6810203 - Loteamento de imóveis próprios; 7111100 - Serviços de arquitetura; 7112000 - Serviços de engenharia; 7119799 - Atividades técnicas relacionadas à engenharia e arquitetura não especificadas anteriormente,False,alta,Receita Federal (BrasilAPI),2026-09-28T10:38:06
12415313,12415313000190,PRIME CONSTRUCOES E INCORPORACOES LTDA,,ATIVA,Maceio,AL,"Avenida Comendador Gustavo Paiva, 2789, Sala 214, Mangabeiras",57031530,(82) 3325-5918,(82) 3325-5918,,,Jose Luiz De Souza Soares,Administrador,Jose Luiz De Souza Soares (Administrador); Marcelo Anthony Leahy Santos (Administrador); Marcelo Jose Martins Santos Filho (Administrador); Marka - Administracao E Participacoes Ltda (Sócio); Union Participacoes Ltda (Sócio),4120400 - Construção de edifícios,,True,baixa,Receita Federal (BrasilAPI),2026-09-28T10:38:08
12478095,12478095000132,COMPANHIA ACUCAREIRA CENTRAL SUMAUMA - EM RECUPERACAO JUDICIAL,USINA SUMAUMA,ATIVA,Marechal Deodoro,AL,"Fazenda Charles, Sn, Zona Rural",57160000,,,,,Jorge Toledo Florencio,Diretor,Jorge Toledo Florencio (Diretor); Julio Cesar De Melo Toledo (Diretor),1071600 - Fabricação de açúcar em bruto,"1931400 - Fabricação de álcool; 113000 - Cultivo de cana-de-açúcar; 159899 - Criação de outros animais não especificados anteriormente; 5211799 - Depósitos de mercadorias para terceiros, exceto armazéns gerais e guarda-móveis; 4623199 - Comércio atacadista de matérias-primas agrícolas não especificadas anteriormente; 4637102 - Comércio atacadista de açúcar; 4681801 - Comércio atacadista de álcool carburante, biodiesel, gasolina e demais derivados de petróleo, exceto lubrificantes, não realizado por transportador re",False,baixa,Receita Federal (BrasilAPI),2026-09-28T10:38:09
12481800,12481800000150,CONSTRUTORA LINS IRMAOS LTDA,COLIL CONSTRUCOES,ATIVA,Maceio,AL,"Avenida Muniz Falcao, 987, Barro Duro",57045000,,,,,Gilson Jose Lins Calheiros,Sócio-Administrador,Gilson Jose Lins Calheiros (Sócio-Administrador); Maria Arlene Cavalcante Lins (Sócio-Administrador),4120400 - Construção de edifícios,"4110700 - Incorporação de empreendimentos imobiliários; 6463800 - Outras sociedades de participação, exceto holdings; 6810201 - Compra e venda de imóveis próprios; 6810202 - Aluguel de imóveis próprios; 6822600 - Gestão e administração da propriedade imobiliária",False,baixa,Receita Federal (BrasilAPI),2026-09-28T10:38:11
12718011,12718011000190,CENTRAL ACUCAREIRA SANTO ANTONIO S A,USINA SANTO ANTONIO,ATIVA,Sao Luis Do Quitunde,AL,"Us Santo Antonio, S N, Não Informado",57920000,,,,,Carolina Maranhao Fernandes De Arruda,Diretor,Carolina Maranhao Fernandes De Arruda (Diretor); Cristina Regadas Maranhao (Diretor); Ernesto Gomes Maranhao Neto (Diretor); Geni Cabral Maranhao (Diretor); Jose Carlos Correia Maranhao (Diretor),1071600 - Fabricação de açúcar em bruto,113000 - Cultivo de cana-de-açúcar; 1111901 - Fabricação de aguardente de cana-de-açúcar; 1931400 - Fabricação de álcool; 3511501 - Geração de energia elétrica,False,baixa,Receita Federal (BrasilAPI),2026-09-28T10:38:12
12733937,12733937000155,TRIUNFO AGROINDUSTRIAL LTDA EM RECUPERACAO JUDICIAL,USINA TRIUNFO,ATIVA,Boca Da Mata,AL,"Vila Usina Triunfo, S N, Usina Triunfo",57680000,,,,,Emerson De Melo Tenorio,Sócio-Administrador,Alberto Jorge Maynart Tenorio (Sócio); Carlos Jorge Maynart Tenorio (Sócio); Eduardo Ferreira Tenorio (Sócio); Emerson De Melo Tenorio (Sócio-Administrador); Gilvana Raposo Tenorio (Sócio); Gustavo Ferreira Tenorio (Sócio); Joao Evangelista Da Costa Tenorio (Sócio); Jorge Tenorio Maia Neto (Sócio); Jose Givago Raposo Tenorio (Sócio-Administrador); Mara Lucia Maynart Tenorio (Sócio); Maria Das Dores Tenorio Maia (Sócio); Mt Participacoes Ltda (Sócio); Rosilda Maria Goncalves Tenorio (Sócio); Tereza De Fatima Raposo Tenorio Lindoso (Sócio),1071600 - Fabricação de açúcar em bruto,"113000 - Cultivo de cana-de-açúcar; 151201 - Criação de bovinos para corte; 162803 - Serviço de manejo de animais; 162899 - Atividades de apoio à pecuária não especificadas anteriormente; 210105 - Cultivo de espécies madeireiras, exceto eucalipto, acácia-negra, pinus e teca; 210107 - Extração de madeira em florestas plantadas; 1072401 - Fabricação de açúcar de cana refinado; 1931400 - Fabricação de álcool; 4623101 - Comércio atacadista de animais vivos; 4637102 - Comércio atacadista de açúcar; 4671100 - Comércio atacadista de madeira e produtos derivados",False,baixa,Receita Federal (BrasilAPI),2026-09-28T10:38:14
12945994,12945994000106,CONSTRUART LTDA,AVID,ATIVA,Maceio,AL,"Rua Conego Machado, 657, Farol",57051160,(82) 3326-3102,(82) 8706-2517,,,Jose Rui Lima Malgueiro Da Silva,Sócio-Administrador,Jose Rui Lima Malgueiro Da Silva (Sócio-Administrador); Marco Antonio Lima Malgueiro Da Silva (Sócio); Paulo Jorge Nogueira Malgueiro Da Silva (Sócio-Administrador),4120400 - Construção de edifícios,4299501 - Construção de instalações esportivas e recreativas; 4110700 - Incorporação de empreendimentos imobiliários; 6810201 - Compra e venda de imóveis próprios; 4399199 - Serviços especializados para construção não especificados anteriormente,False,alta,Receita Federal (BrasilAPI),2026-09-28T10:38:15
12970570,12970570000193,INAP - INDUSTRIA ALIMENTICIA POPULAR LTDA,POPULAR,ATIVA,Limoeiro De Anadia,AL,"Distrito Lote, 04, Anexo A, Distrito Industrial",57260000,(82) 3530-8329,,,,Expedito De Carvalho Alves,Sócio-Administrador,Expedito De Carvalho Alves (Sócio-Administrador); Jose Maria De Carvalho Alves (Sócio-Administrador),1031700 - Fabricação de conservas de frutas,"1033301 - Fabricação de sucos concentrados de frutas, hortaliças e legumes; 1033302 - Fabricação de sucos de frutas, hortaliças e legumes, exceto concentrados; 1052000 - Fabricação de laticínios; 1061901 - Beneficiamento de arroz; 1061902 - Fabricação de produtos do arroz; 1062700 - Moagem de trigo e fabricação de derivados; 1064300 - Fabricação de farinha de milho e derivados, exceto óleos de milho; 1065101 - Fabricação de amidos e féculas de vegetais; 1095300 - Fabricação de especiarias, molhos, temperos e condimentos; 1099699 - Fabricação de outros produtos alimentícios não especificados anteriormente; 1111901 - Fabricação de aguardente de cana-de-açúcar; 1111902 - Fabricação de outras aguardentes e bebidas destiladas; 1112700 - Fabricação de vinho; 1113501 - Fabricação de malte, inclusive malte uísque; 1121600 - Fabricação de águas envasadas; 1122401 - Fabricação de refrigerantes; 4632003 - Comércio atacadista de cereais e leguminosas beneficiados, farinhas, amidos e féculas, com atividade de fracionamento e acondicionamento associada; 4635403 - Comércio atacadista de bebidas com atividade de fracionamento e acondicionamento associada; 4635499 - Comércio atacadista de bebidas não especificadas anteriormente; 4637107 - Comércio atacadista de chocolates, confeitos, balas, bombons e semelhantes; 4637199 - Comércio atacadista especializado em outros produtos alimentícios não especificados anteriormente; 4639701 - Comércio atacadista de produtos alimentícios em geral; 4639702 - Comércio atacadista de produtos alimentícios em geral, com atividade de fracionamento e acondicionamento associada; 4646001 - Comércio atacadista de cosméticos e produtos de perfumaria; 4712100 - Comércio varejista de mercadorias em geral, com predominância de produtos alimentícios - minimercados, mercearias e armazéns; 4723700 - Comércio varejista de bebidas; 4729699 - Comércio varejista de produtos alimentícios em geral ou especializado em produtos alimentícios não especificados anteriormente; 4742300 - Comércio varejista de material elétrico; 4744099 - Comércio varejista de materiais de construção em geral; 4759899 - Comércio varejista de outros artigos de uso pessoal e doméstico não especificados anteriormente; 4772500 - Comércio varejista de cosméticos, produtos de perfumaria e de higiene pessoal; 4789005 - Comércio varejista de produtos saneantes domissanitários; 4930202 - Transporte rodoviário de carga, exceto produtos perigosos e mudanças, intermunicipal, interestadual e internacional; 8211300 - Serviços combinados de escritório e apoio administrativo; 8292000 - Envasamento e empacotamento sob contrato",False,alta,Receita Federal (BrasilAPI),2026-09-28T10:38:16
13342753,13342753000127,MINERACAO BARRETO SA,,ATIVA,Arapiraca,AL,"Avenida Deputada Ceci Cunha, 1179, Edif C Emp Metropolitan Sala 1001 A 1004 Sala 1015 A 1018, Novo Horizonte",57312675,(82) 3522-1998,,,,Jose Alberto Barroso Barreto,Presidente,Alberto Torres Barreto (Diretor); Izabella Torres Barreto Araujo (Diretor); Jose Alberto Barroso Barreto (Presidente),990403 - Atividades de apoio à extração de minerais não-metálicos,,False,alta,Receita Federal (BrasilAPI),2026-09-28T10:38:18
13591329,13591329000116,DUPPLA CONSTRUCOES LTDA,DUPPLA CONSTRUCOES,ATIVA,Maceio,AL,"Avenida Dr Antonio Gomes De Barros, 625, Sala 326 Sala Andar Edif The Square P Office, Jatiuca",57036000,(82) 3316-5040,,,,Mauro Alexandre De Albuquerque Lisboa,Sócio-Administrador,Mauro Alexandre De Albuquerque Lisboa (Sócio-Administrador),4120400 - Construção de edifícios,"4211101 - Construção de rodovias e ferrovias; 4213800 - Obras de urbanização - ruas, praças e calçadas; 4222701 - Construção de redes de abastecimento de água, coleta de esgoto e construções correlatas, exceto obras de irrigação; 4222702 - Obras de irrigação; 4299599 - Outras obras de engenharia civil não especificadas anteriormente; 4311801 - Demolição de edifícios e outras estruturas; 4319300 - Serviços de preparação do terreno não especificados anteriormente; 4322301 - Instalações hidráulicas, sanitárias e de gás; 4399101 - Administração de obras; 4391600 - Obras de fundações; 7119701 - Serviços de cartografia, topografia e geodésia; 7711000 - Locação de automóveis sem condutor; 7732201 - Aluguel de máquinas e equipamentos para construção sem operador, exceto andaimes; 4399103 - Obras de alvenaria; 4330499 - Outras obras de acabamento da construção",False,alta,Receita Federal (BrasilAPI),2026-09-28T10:38:19
13647785,13647785000130,"IVC - ALIMENTOS, BEBIDAS E LOGISTICA LTDA",INDUSTRIAS CAMARAO,ATIVA,Arapiraca,AL,"Rodovia Al-110, 6, Batingas",57317554,(82) 8770-5390,,,,Adelmo Galdino Dos Santos,Sócio-Administrador,Adelmo Galdino Dos Santos (Sócio-Administrador); Zilma Galdino Dos Santos (Sócio),1099601 - Fabricação de vinagres,"1032599 - Fabricação de conservas de legumes e outros vegetais, exceto palmito; 1095300 - Fabricação de especiarias, molhos, temperos e condimentos; 1099699 - Fabricação de outros produtos alimentícios não especificados anteriormente; 1111901 - Fabricação de aguardente de cana-de-açúcar; 1112700 - Fabricação de vinho; 1113502 - Fabricação de cervejas e chopes; 2061400 - Fabricação de sabões e detergentes sintéticos; 2099199 - Fabricação de outros produtos químicos não especificados anteriormente; 2222600 - Fabricação de embalagens de material plástico; 3811400 - Coleta de resíduos não-perigosos; 3832700 - Recuperação de materiais plásticos; 3839499 - Recuperação de materiais não especificados anteriormente; 4686902 - Comércio atacadista de embalagens; 4729699 - Comércio varejista de produtos alimentícios em geral ou especializado em produtos alimentícios não especificados anteriormente; 4789099 - Comércio varejista de outros produtos não especificados anteriormente; 4930201 - Transporte rodoviário de carga, exceto produtos perigosos e mudanças, municipal.; 4930202 - Transporte rodoviário de carga, exceto produtos perigosos e mudanças, intermunicipal, interestadual e internacional; 4930203 - Transporte rodoviário de produtos perigosos; 4930204 - Transporte rodoviário de mudanças; 5211799 - Depósitos de mercadorias para terceiros, exceto armazéns gerais e guarda-móveis; 5212500 - Carga e descarga; 5250804 - Organização logística do transporte de carga; 5611204 - Bares e outros estabelecimentos especializados em servir bebidas, sem entretenimento; 8292000 - Envasamento e empacotamento sob contrato; 8299799 - Outras atividades de serviços prestados principalmente às empresas não especificadas anteriormente",False,alta,Receita Federal (BrasilAPI),2026-09-28T10:38:21
13898154,13898154000194,INDUSTRIAL MADEIRAS DO BRASIL LTDA,,ATIVA,Maceio,AL,"Avenida Lourival Melo Mota, 11601, A, Santos Dumont",57075000,(82) 3338-2929,,,,Claudia Padilha Barbosa Pinaud Calheiros,Sócio-Administrador,Claudia Padilha Barbosa Pinaud Calheiros (Sócio-Administrador); Kennedy Davidson Pinaud Calheiros (Sócio-Administrador),1622602 - Fabricação de esquadrias de madeira e de peças de madeira para instalações industriais e comerciais,3101200 - Fabricação de móveis com predominância de madeira,False,alta,Receita Federal (BrasilAPI),2026-09-28T10:38:22
14417251,14417251000180,PLASTICOS MACEIO INDUSTRIA E COMERCIO LTDA,PLASTICOS MACEIO,ATIVA,Maceio,AL,"Avenida Frei Damiao De Bozzano, S/N, Nucleo Industrial Bernado Oiticica Ii, Cidade Universitaria",57073610,(82) 3322-4333,,,,Tiago Veiga Pessoa Medeiros,Sócio-Administrador,Ana Lucia Da Silva Nunes (Sócio); Tiago Veiga Pessoa Medeiros (Sócio-Administrador),2222600 - Fabricação de embalagens de material plástico,2229399 - Fabricação de artefatos de material plástico para outros usos não especificados anteriormente,False,alta,Receita Federal (BrasilAPI),2026-09-28T10:38:24
14554855,14554855000179,UNICA ENGENHARIA E EMPREENDIMENTOS IMOBILIARIOS LTDA,,ATIVA,Maceio,AL,"Rua Sampaio Marques, 25, Sala 602, Pajucara",57030107,(82) 3021-4914,,,,Bergson Lucio Filgueira De Araujo,Sócio-Administrador,Bergson Lucio Filgueira De Araujo (Sócio-Administrador),4120400 - Construção de edifícios,"4213800 - Obras de urbanização - ruas, praças e calçadas; 4291000 - Obras portuárias, marítimas e fluviais; 4313400 - Obras de terraplenagem; 4319300 - Serviços de preparação do terreno não especificados anteriormente; 7732201 - Aluguel de máquinas e equipamentos para construção sem operador, exceto andaimes",False,alta,Receita Federal (BrasilAPI),2026-09-28T10:38:25
15590007,15590007000188,E M EMPREENDIMENTOS IMOBILIARIOS LTDA,,ATIVA,Maceio,AL,"Rua Vereador Mironildes Vieira Peixoto, 279, Conj. Praia Mar Desm Praiamar, Jatiuca",57035551,(82) 3355-0173,(82) 3355-0189,,,Eduardo Jorge Oliveira,Sócio-Administrador,Eduardo Jorge Oliveira (Sócio-Administrador); Marcelo Pereira Oliveira (Sócio-Administrador); Maria Eduarda Pereira Oliveira (Sócio-Administrador),4120400 - Construção de edifícios,4110700 - Incorporação de empreendimentos imobiliários; 6462000 - Holdings de instituições não-financeiras; 6810201 - Compra e venda de imóveis próprios; 6810202 - Aluguel de imóveis próprios; 7112000 - Serviços de engenharia,False,alta,Receita Federal (BrasilAPI),2026-09-28T10:38:27
16682715,16682715000101,ATALAIA MINERACAO INDUSTRIA E COMERCIO LTDA,ATALAIA MINERACAO INDUSTRIA E COMERCIO LTDA,ATIVA,Atalaia,AL,"Sitio Santa Rita, Ferrovia Transnordestina, Linha Troncosul, Km321, S/N, Zona Rural",57690000,(82) 9638-3811,(82) 9638-0727,,,Augusto Cesar Barreto De Amorim,Administrador,Amorim Barreto Engenharia Ltda (Sócio); Augusto Cesar Barreto De Amorim (Administrador); Marcos Augusto Barreto De Amorim (Administrador),810099 - Extração e britamento de pedras e outros materiais para construção e beneficiamento associado,"4319300 - Serviços de preparação do terreno não especificados anteriormente; 7732201 - Aluguel de máquinas e equipamentos para construção sem operador, exceto andaimes; 7739001 - Aluguel de máquinas e equipamentos para extração de minérios e petróleo, sem operador",False,alta,Receita Federal (BrasilAPI),2026-09-28T10:38:28
16982376,16982376000189,ALAGOAS AMBIENTAL S/A,ALAGOAS AMBIENTAL,ATIVA,Pilar,AL,"Fazenda Cachoeira Do Imburi, S/N, Br 316, Zona Rural",57150000,(11) 3046-9000,,,,Facundo Ariel Fusto,Diretor,Facundo Ariel Fusto (Diretor); Francisco Celso Dal Rio Filho (Diretor); Jose Renato De Arruda Bruzadin (Diretor); Pedro Alberto Pradanos Zarzosa (Diretor),3821100 - Tratamento e disposição de resíduos não-perigosos,"810006 - Extração de areia, cascalho ou pedregulho e beneficiamento associado; 1629301 - Fabricação de artefatos diversos de madeira, exceto móveis; 3511501 - Geração de energia elétrica; 3513100 - Comércio atacadista de energia elétrica; 3701100 - Gestão de redes de esgoto; 3702900 - Atividades relacionadas a esgoto, exceto a gestão de redes; 3811400 - Coleta de resíduos não-perigosos; 3812200 - Coleta de resíduos perigosos; 3822000 - Tratamento e disposição de resíduos perigosos; 3839401 - Usinas de compostagem; 3839499 - Recuperação de materiais não especificados anteriormente; 3900500 - Descontaminação e outros serviços de gestão de resíduos; 4681803 - Comércio atacadista de combustíveis de origem vegetal, exceto álcool carburante; 4687702 - Comércio atacadista de resíduos e sucatas não-metálicos, exceto de papel e papelão; 4687703 - Comércio atacadista de resíduos e sucatas metálicos; 4930201 - Transporte rodoviário de carga, exceto produtos perigosos e mudanças, municipal.; 4930203 - Transporte rodoviário de produtos perigosos; 6810202 - Aluguel de imóveis próprios; 7731400 - Aluguel de máquinas e equipamentos agrícolas sem operador; 7732201 - Aluguel de máquinas e equipamentos para construção sem operador, exceto andaimes; 7739099 - Aluguel de outras máquinas e equipamentos comerciais e industriais não especificados anteriormente, sem operador",False,alta,Receita Federal (BrasilAPI),2026-09-28T10:38:30
18144066,18144066000110,LE MIX PREPARACAO DE MASSA DE CONCRETO LTDA,LE MIX,ATIVA,Marechal Deodoro,AL,"Rodovia Divaldo Suruagy, S/N, Km 12, Polo Multifabril Jose Aprigio Vilela",57160000,(82) 3221-4486,(82) 3021-0263,,,Edenir Moreira Peixoto,Sócio-Administrador,Edenir Moreira Peixoto (Sócio-Administrador); Lucilene Freire Peixoto (Sócio-Administrador),2330305 - Preparação de massa de concreto e argamassa para construção,"2330301 - Fabricação de estruturas pré-moldadas de concreto armado, em série e sob encomenda; 2330302 - Fabricação de artefatos de cimento para uso na construção; 2330304 - Fabricação de casas pré-moldadas de concreto; 2330399 - Fabricação de outros artefatos e produtos de concreto, cimento, fibrocimento, gesso e materiais semelhantes; 3811400 - Coleta de resíduos não-perigosos; 3812200 - Coleta de resíduos perigosos; 4299599 - Outras obras de engenharia civil não especificadas anteriormente; 4330499 - Outras obras de acabamento da construção; 4391600 - Obras de fundações; 4399199 - Serviços especializados para construção não especificados anteriormente; 4930203 - Transporte rodoviário de produtos perigosos; 7732201 - Aluguel de máquinas e equipamentos para construção sem operador, exceto andaimes",False,alta,Receita Federal (BrasilAPI),2026-09-28T10:38:31
18675185,18675185000108,E-PALETES FABRICACAO E COMERCIO ATACADISTA DE PALETES DE MADEIRA LTDA.,E-PALETES,ATIVA,Marechal Deodoro,AL,"Rodovia Divaldo Suruagy, S/N, Km 12, Polo Multifabril Industrial Jose Aprigio Vilela",57160000,(82) 3021-8900,,,,Andre Borella Toledo De Albuquerque,Administrador,Alfa Empreendimentos E Participacoes S.A (Sócio); Andre Borella Toledo De Albuquerque (Administrador); Bta Participacoes Ltda (Sócio); Leal Empreendimentos E Participacoes Ltda (Sócio); Stelio Cerqueira De Albuquerque Neto (Administrador),"1629301 - Fabricação de artefatos diversos de madeira, exceto móveis","210108 - Produção de carvão vegetal - florestas plantadas; 1610204 - Serrarias sem desdobramento de madeira em bruto -Resserragem; 1623400 - Fabricação de artefatos de tanoaria e de embalagens de madeira; 4681803 - Comércio atacadista de combustíveis de origem vegetal, exceto álcool carburante; 4686902 - Comércio atacadista de embalagens",False,alta,Receita Federal (BrasilAPI),2026-09-28T10:38:32
18748007,18748007000151,ZTT DO BRASIL LTDA,,ATIVA,Marechal Deodoro,AL,"Rodovia Divaldo Suruagy, S/N, Km 12, Polo Multifabril Jose Aprigio Vilela",57160000,(82) 3023-9115,(82) 3023-9200,,,Haifeng Qian,Administrador,Haifeng Qian (Administrador); Jiangsu Zhongtian Technology Co Ltd (Sócio Pessoa Jurídica Domiciliado no Exterior); Peng Wu (Administrador); Xinjian Li (Administrador),"2733300 - Fabricação de fios, cabos e condutores elétricos isolados","1313800 - Fiação de fibras artificiais e sintéticas; 2031200 - Fabricação de resinas termoplásticas; 2223400 - Fabricação de tubos e acessórios de material plástico para uso na construção; 2229302 - Fabricação de artefatos de material plástico para usos industriais; 2229399 - Fabricação de artefatos de material plástico para outros usos não especificados anteriormente; 2670101 - Fabricação de equipamentos e instrumentos ópticos, peças e acessórios; 4221902 - Construção de estações e redes de distribuição de energia elétrica; 4221904 - Construção de estações e redes de telecomunicações; 4321500 - Instalação e manutenção elétrica; 4399101 - Administração de obras; 4621400 - Comércio atacadista de café em grão; 4635499 - Comércio atacadista de bebidas não especificadas anteriormente; 4637101 - Comércio atacadista de café torrado, moído e solúvel; 4637199 - Comércio atacadista especializado em outros produtos alimentícios não especificados anteriormente; 4652400 - Comércio atacadista de componentes eletrônicos e equipamentos de telefonia e comunicação; 4684299 - Comércio atacadista de outros produtos químicos e petroquímicos não especificados anteriormente; 4689399 - Comércio atacadista especializado em outros produtos intermediários não especificados anteriormente; 4693100 - Comércio atacadista de mercadorias em geral, sem predominância de alimentos ou de insumos agropecuários; 4742300 - Comércio varejista de material elétrico; 4744002 - Comércio varejista de madeira e artefatos; 4752100 - Comércio varejista especializado de equipamentos de telefonia e comunicação; 5211799 - Depósitos de mercadorias para terceiros, exceto armazéns gerais e guarda-móveis; 7112000 - Serviços de engenharia; 7490104 - Atividades de intermediação e agenciamento de serviços e negócios em geral, exceto imobiliários",False,alta,Receita Federal (BrasilAPI),2026-09-28T10:38:34
19936024,19936024000185,PFM REFEICOES LTDA,GRC,ATIVA,Maceio,AL,"Rua Firmino De Vasconcelos, 123, Ponta Da Terra",57030680,(82) 3325-8303,,,,Pablo Faria Maciel,Sócio-Administrador,Pablo Faria Maciel (Sócio-Administrador),5620101 - Fornecimento de alimentos preparados preponderantemente para empresas,"1091102 - Fabricação de produtos de padaria e confeitaria com predominância de produção própria; 1096100 - Fabricação de alimentos e pratos prontos; 1099699 - Fabricação de outros produtos alimentícios não especificados anteriormente; 4120400 - Construção de edifícios; 4321500 - Instalação e manutenção elétrica; 4322301 - Instalações hidráulicas, sanitárias e de gás; 4330404 - Serviços de pintura de edifícios em geral; 4729699 - Comércio varejista de produtos alimentícios em geral ou especializado em produtos alimentícios não especificados anteriormente; 5611201 - Restaurantes e similares; 5620102 - Serviços de alimentação para eventos e recepções - bufê; 5620103 - Cantinas - serviços de alimentação privativos; 6209100 - Suporte técnico, manutenção e outros serviços em tecnologia da informação; 7810800 - Seleção e agenciamento de mão-de-obra; 7820500 - Locação de mão-de-obra temporária; 7830200 - Fornecimento e gestão de recursos humanos para terceiros; 8121400 - Limpeza em prédios e em domicílios; 8129000 - Atividades de limpeza não especificadas anteriormente",False,alta,Receita Federal (BrasilAPI),2026-09-28T10:38:35
19950277,19950277000103,INDUSTRIA ALIMENTICIA DOCE CAMPO VERDE LTDA,INDUSTRIA CAMPO VERDE,ATIVA,Arapiraca,AL,"Sitio Porco, Sn, Zona Rural",57319300,(82) 3521-1135,,,,Laerte Alves Da Silva,Sócio-Administrador,Joao De Carvalho Alves (Sócio); Laerte Alves Da Silva (Sócio-Administrador); Lutemberg Alves Da Silva (Sócio),1031700 - Fabricação de conservas de frutas,"1033302 - Fabricação de sucos de frutas, hortaliças e legumes, exceto concentrados; 1053800 - Fabricação de sorvetes e outros gelados comestíveis; 4637107 - Comércio atacadista de chocolates, confeitos, balas, bombons e semelhantes; 4639701 - Comércio atacadista de produtos alimentícios em geral; 4639702 - Comércio atacadista de produtos alimentícios em geral, com atividade de fracionamento e acondicionamento associada",False,alta,Receita Federal (BrasilAPI),2026-09-28T10:38:37
20780676,20780676000152,MIRANTES DO JEQUIA EMPREENDIMENTOS IMOBILIARIOS LTDA.,MIRANTES DO JEQUIA EMPREENDIMENTOS,ATIVA,Maceio,AL,"Avenida Comendador Gustavo Paiva, 2789, Sala 004 Edif Norcon Empresarial, Mangabeiras",57037285,(82) 3313-3711,(82) 8177-1742,,,Silvano Alves Da Silva,Sócio-Administrador,Christianne Gondim Farias Vilela (Sócio); Harcos Participacoes Ltda (Sócio); Joao Daniel Tenorio Beltrao (Sócio); Kilza Barros Dos Santos Mariz Costa (Administrador); Luciano De Oliveira Torres (Sócio); Mariz Imoveis Ltda (Sócio); Silvano Alves Da Silva (Sócio-Administrador),4110700 - Incorporação de empreendimentos imobiliários,"6463800 - Outras sociedades de participação, exceto holdings; 6810201 - Compra e venda de imóveis próprios; 6810202 - Aluguel de imóveis próprios; 6810203 - Loteamento de imóveis próprios; 6821801 - Corretagem na compra e venda e avaliação de imóveis; 6822600 - Gestão e administração da propriedade imobiliária",False,alta,Receita Federal (BrasilAPI),2026-09-28T10:38:38
20997850,20997850000113,INCOFORTE - INDUSTRIA E COMERCIO DE FUMOS EXTRA FORTE LTDA,INCOFORTE,ATIVA,Craibas,AL,"Rodovia Al-220, 100, Km 12, Zona Rural Bom Nome",57320000,(82) 3076-0300,,,,Cicero Ferreira Da Silva,Administrador,Cicero Ferreira Da Silva (Administrador); Cicero Ferreira Participacoes Ltda (Sócio); Joao Paulo Ferreira Da Silva (Administrador),1210700 - Processamento industrial do fumo,"1220499 - Fabricação de outros produtos do fumo, exceto cigarros, cigarrilhas e charutos; 4636201 - Comércio atacadista de fumo beneficiado; 4930202 - Transporte rodoviário de carga, exceto produtos perigosos e mudanças, intermunicipal, interestadual e internacional; 4623108 - Comércio atacadista de matérias-primas agrícolas com atividade de fracionamento e acondicionamento associada; 4623199 - Comércio atacadista de matérias-primas agrícolas não especificadas anteriormente; 4632001 - Comércio atacadista de cereais e leguminosas beneficiados; 4729699 - Comércio varejista de produtos alimentícios em geral ou especializado em produtos alimentícios não especificados anteriormente; 4632003 - Comércio atacadista de cereais e leguminosas beneficiados, farinhas, amidos e féculas, com atividade de fracionamento e acondicionamento associada",False,alta,Receita Federal (BrasilAPI),2026-09-28T10:38:40
21316170,21316170000150,SANAMA - SANEAMENTO ALTA MACEIO S/A,SANAMA,ATIVA,Maceio,AL,"Avenida Antonio Lisboa De Amorim, 100, Sala 56 A 61, Benedito Bentes",57085160,(82) 3436-6646,,,,Paulo Roberto De Oliveira,Presidente,Paulo Roberto De Oliveira (Presidente); Roberto Lins Portella Nunes (Diretor),3701100 - Gestão de redes de esgoto,"8299701 - Medição de consumo de energia elétrica, gás e água",False,alta,Receita Federal (BrasilAPI),2026-09-28T10:38:41
21652038,21652038000119,AZEVEDO SOARES IND. E COM. DE ARGAMASSA LTDA,,ATIVA,Arapiraca,AL,"Sitio Itapicuru, 3149, Galpao02, Zona Rural",57316899,(82) 3481-5600,,,,Anderson Alberto De Azevedo Soares,Sócio-Administrador,Anderson Alberto De Azevedo Soares (Sócio-Administrador),2330305 - Preparação de massa de concreto e argamassa para construção,2093200 - Fabricação de aditivos de uso industrial; 2392300 - Fabricação de cal e gesso,False,alta,Receita Federal (BrasilAPI),2026-09-28T10:38:43
24166316,24166316000116,IPLAC INDUSTRIA PLASTICA CAETES LTDA,ULTRATHERM,ATIVA,Maceio,AL,"Rua Joao Jose Pereira Filho, 1600, Galpao P, Tab. Dos Martins",57081000,(82) 2121-1809,(82) 2121-1811,,,Welligton Veiga Pessoa,Sócio-Administrador,Sueli Amorim Fernandes Pessoa (Sócio); Welligton Veiga Pessoa (Sócio-Administrador),2229301 - Fabricação de artefatos de material plástico para uso pessoal e doméstico,2229399 - Fabricação de artefatos de material plástico para outros usos não especificados anteriormente,False,alta,Receita Federal (BrasilAPI),2026-09-28T10:38:44
24174070,24174070000124,RECORD PLANEJAMENTO E CONSTRUCAO LTDA,,ATIVA,Maceio,AL,"Rua Santa Fernanda, 208, Jatiuca",57035670,(82) 3177-6500,(82) 3177-6520,,,Caetano Ximenes De Aragao Filho,Sócio-Administrador,Caetano Ximenes De Aragao Filho (Sócio-Administrador); Helio Ribeiro De Abreu (Sócio-Administrador); Jose Wagner Mendes Andrade (Sócio-Administrador),4120400 - Construção de edifícios,4299501 - Construção de instalações esportivas e recreativas,False,alta,Receita Federal (BrasilAPI),2026-09-28T10:38:46
24239931,24239931000105,IBRATIN NORDESTE LTDA,,ATIVA,Maceio,AL,"Via Secundaria 2, 660, Quadra4 A Lote 28, Tabuleiro Do Martins",57081585,(82) 2121-4944,(82) 2121-4945,,,Giuseppe Cartisano,Sócio-Administrador,Giuseppe Cartisano (Sócio-Administrador); Ibrateam Participacoes E Empreendimentos Ltda (Sócio); Marco Antonio Francesco Rolleri (Administrador),"2071100 - Fabricação de tintas, vernizes, esmaltes e lacas","2061400 - Fabricação de sabões e detergentes sintéticos; 2072000 - Fabricação de tintas de impressão; 2073800 - Fabricação de impermeabilizantes, solventes e produtos afins; 2091600 - Fabricação de adesivos e selantes; 2223400 - Fabricação de tubos e acessórios de material plástico para uso na construção; 2229303 - Fabricação de artefatos de material plástico para uso na construção, exceto tubos e acessórios; 4612500 - Representantes comerciais e agentes do comércio de combustíveis, minerais, produtos siderúrgicos e químicos; 4619200 - Representantes comerciais e agentes do comércio de mercadorias em geral não especializado; 4679601 - Comércio atacadista de tintas, vernizes e similares; 4684299 - Comércio atacadista de outros produtos químicos e petroquímicos não especificados anteriormente; 4741500 - Comércio varejista de tintas e materiais para pintura",False,alta,Receita Federal (BrasilAPI),2026-09-28T10:38:47
24252447,24252447000116,TEKNOL ELETRONICA INDUSTRIAL LTDA,,ATIVA,Pilar,AL,"Rodovia Br 316, Sn, Galpao16, Cha Do Pilar",57150000,(82) 3025-9649,,,,Jairo Cesar Ferreira Da Silva,Sócio-Administrador,Daniel Felipe Da Silva Ferreira (Sócio); Flavio Bispo Da Rocha (Sócio); Jairo Cesar Ferreira Da Silva (Sócio-Administrador); Luiz Antonio Vieira Teixeira (Sócio),"3313999 - Manutenção e reparação de máquinas, aparelhos e materiais elétricos não especificados anteriormente","2731700 - Fabricação de aparelhos e equipamentos para distribuição e controle de energia elétrica; 3313901 - Manutenção e reparação de geradores, transformadores e motores elétricos; 3321000 - Instalação de máquinas e equipamentos industriais; 4221902 - Construção de estações e redes de distribuição de energia elétrica; 4321500 - Instalação e manutenção elétrica; 4789099 - Comércio varejista de outros produtos não especificados anteriormente",False,alta,Receita Federal (BrasilAPI),2026-09-28T10:38:48
24328700,24328700000178,LARES CONSTRUCOES LTDA,,ATIVA,Maceio,AL,"Avenida Doutor Antonio Gouveia, 993, Quadra0008 Lote 0488, Pajucara",57030170,(82) 3231-0038,,,,Evandro Sarmento Pontes De Miranda,Sócio-Administrador,Evandro Sarmento Pontes De Miranda (Sócio-Administrador); Eveli Gonzaga Pontes De Miranda (Sócio); Janice Gonzaga Pontes De Miranda (Sócio); Liege Gonzaga Pontes De Miranda (Sócio-Administrador); Marcel Gonzaga Pontes De Miranda (Sócio),4120400 - Construção de edifícios,"6463800 - Outras sociedades de participação, exceto holdings; 6810201 - Compra e venda de imóveis próprios; 6810202 - Aluguel de imóveis próprios; 7112000 - Serviços de engenharia",False,alta,Receita Federal (BrasilAPI),2026-09-28T10:38:50
24515392,24515392000190,A R LOPES QUINTINO LTDA,LOPES QUINTINO ENGENHARIA,ATIVA,Arapiraca,AL,"Rua Teodorico Costa, 56, Centro",57300220,(82) 3521-1857,,,,Arthur Roberto Lopes Quintino,Sócio-Administrador,Arthur Roberto Lopes Quintino (Sócio-Administrador),4120400 - Construção de edifícios,,False,alta,Receita Federal (BrasilAPI),2026-09-28T10:38:51
24870569,24870569000176,AGRONEGOCIO VASCONCELOS LTDA,DUCAMP,ATIVA,Maceio,AL,"Fazenda Santa Luzia, 997, Avenida Cachoeira Do Meirim, Benedito Bentes",57099899,(82) 3344-5556,,,,Arthur Jose Machado Vasconcelos,Sócio-Administrador,Arthur Jose Machado Vasconcelos (Sócio-Administrador),1051100 - Preparação do leite,1052000 - Fabricação de laticínios,False,alta,Receita Federal (BrasilAPI),2026-09-28T10:38:53
25245517,25245517000171,CONSORCIO CONSTRUTOR ALTA MACEIO,CONSORCIO CONSTRUTOR ALTA MACEIO,ATIVA,Maceio,AL,"Avenida Antonio Lisboa De Amorim, 100, Sala 37, Benedito Bentes",57085160,(82) 3436-6646,,,,Paulo Roberto De Oliveira,Administrador,Gs Inima Brasil Ltda. (Sociedade Consorciada); Paulo Roberto De Oliveira (Administrador); Ste Servicos Tecnicos De Engenharia Sa (Sociedade Consorciada),"4222701 - Construção de redes de abastecimento de água, coleta de esgoto e construções correlatas, exceto obras de irrigação",,False,alta,Receita Federal (BrasilAPI),2026-09-28T10:38:54
26058879,26058879000116,AB INDUSTRIA METALURGICA E COMERCIO LTDA,,ATIVA,Maceio,AL,"Rua Jundia, 482, Canaa",57080050,(82) 3338-5355,,,,Charles Silva,Sócio-Administrador,Charles Silva (Sócio-Administrador),2512800 - Fabricação de esquadrias de metal,"2511000 - Fabricação de estruturas metálicas; 2513600 - Fabricação de obras de caldeiraria pesada; 2521700 - Fabricação de tanques, reservatórios metálicos e caldeiras para aquecimento central; 2599301 - Serviços de confecção de armações metálicas para a construção; 2599302 - Serviço de corte e dobra de metais; 2599399 - Fabricação de outros produtos de metal não especificados anteriormente; 3099700 - Fabricação de equipamentos de transporte não especificados anteriormente",False,alta,Receita Federal (BrasilAPI),2026-09-28T10:38:56
26155529,26155529000178,SUPERPAVER ASFALTOS LTDA,,ATIVA,Maceio,AL,"Via Secundaria 3, Modulo B, 775, Tabuleiro Do Martins",57081586,(82) 8234-0248,,,,Edgar Barbosa Palmeira,Sócio-Administrador,Edgar Barbosa Palmeira (Sócio-Administrador),"4213800 - Obras de urbanização - ruas, praças e calçadas","4211101 - Construção de rodovias e ferrovias; 4679699 - Comércio atacadista de materiais de construção em geral; 4744099 - Comércio varejista de materiais de construção em geral; 5229099 - Outras atividades auxiliares dos transportes terrestres não especificadas anteriormente; 5250804 - Organização logística do transporte de carga; 7120100 - Testes e análises técnicas; 7732201 - Aluguel de máquinas e equipamentos para construção sem operador, exceto andaimes",False,alta,Receita Federal (BrasilAPI),2026-09-28T10:38:57
26372008,26372008000172,MARINHO & CIA INDUSTRIA DE PLASTICOS LTDA,SOLPLAST,ATIVA,Maceio,AL,"Travessa Belmiro Amorim, Sn, Quadra41 Lote 14, Santa Lucia",57082005,(82) 3435-3975,,,,Rita De Cassia Lucena Marinho,Sócio-Administrador,Holding Participacoes Societarias Ltda (Sócio); Rita De Cassia Lucena Marinho (Sócio-Administrador),"3103900 - Fabricação de móveis de outros materiais, exceto madeira e metal","2229301 - Fabricação de artefatos de material plástico para uso pessoal e doméstico; 4649499 - Comércio atacadista de outros equipamentos e artigos de uso pessoal e doméstico não especificados anteriormente; 4930202 - Transporte rodoviário de carga, exceto produtos perigosos e mudanças, intermunicipal, interestadual e internacional",False,alta,Receita Federal (BrasilAPI),2026-09-28T10:38:58
26479090,26479090000139,INDUSTRIA DE ALIMENTOS COMPOSTELA LTDA,COMPOSTELA,ATIVA,Arapiraca,AL,"Sitio Poco De Santana, 9167, Galpao6 E 7 Km 62 Rod Al 110, Zona Rural",57316899,(82) 3522-9300,,,,Alvaro Da Costa E Silva Filho,Sócio-Administrador,Alvaro Da Costa E Silva Filho (Sócio-Administrador); Marcio Willamys Oliveira Santos (Sócio-Administrador); Sylvia Patricia Vasconcelos De Almeida (Sócio-Administrador); Wagner Wanderley Ferreira Da Silva (Sócio-Administrador); Wellington Pedro Da Silva (Sócio-Administrador),1031700 - Fabricação de conservas de frutas,"1013901 - Fabricação de produtos de carne; 1013902 - Preparação de subprodutos do abate; 1032501 - Fabricação de conservas de palmito; 1032599 - Fabricação de conservas de legumes e outros vegetais, exceto palmito; 1033301 - Fabricação de sucos concentrados de frutas, hortaliças e legumes; 1033302 - Fabricação de sucos de frutas, hortaliças e legumes, exceto concentrados; 1052000 - Fabricação de laticínios; 1095300 - Fabricação de especiarias, molhos, temperos e condimentos; 1099699 - Fabricação de outros produtos alimentícios não especificados anteriormente; 1732000 - Fabricação de embalagens de cartolina e papel-cartão; 1742799 - Fabricação de produtos de papel para uso doméstico e higiênico-sanitário não especificados anteriormente; 2063100 - Fabricação de cosméticos, produtos de perfumaria e de higiene pessoal; 2222600 - Fabricação de embalagens de material plástico; 2591800 - Fabricação de embalagens metálicas; 4639701 - Comércio atacadista de produtos alimentícios em geral; 4646001 - Comércio atacadista de cosméticos e produtos de perfumaria; 4772500 - Comércio varejista de cosméticos, produtos de perfumaria e de higiene pessoal; 4930202 - Transporte rodoviário de carga, exceto produtos perigosos e mudanças, intermunicipal, interestadual e internacional",False,alta,Receita Federal (BrasilAPI),2026-09-28T10:39:00
26773483,26773483000150,NEWPLAST INDUSTRIA E COMERCIO DE EMBALAGENS LTDA,NEWPLAST INDUSTRIA DE EMBALAGENS,ATIVA,Maceio,AL,"Rua Soraia Da Silva Maciel, S/N, Quadra1319 Lote 2886, Cidade Universitaria",57073630,(82) 9175-9633,,,,Rudson Machado Rodrigues Calheiros,Sócio-Administrador,Rudson Machado Rodrigues Calheiros (Sócio-Administrador); Thaisa Kelly Veiga Pessoa Calheiros (Sócio),2221800 - Fabricação de laminados planos e tubulares de material plástico,"4686902 - Comércio atacadista de embalagens; 4930201 - Transporte rodoviário de carga, exceto produtos perigosos e mudanças, municipal.; 4930202 - Transporte rodoviário de carga, exceto produtos perigosos e mudanças, intermunicipal, interestadual e internacional",False,alta,Receita Federal (BrasilAPI),2026-09-28T10:39:01
26969453,26969453000114,ALEPACK INDUSTRIA E COMERCIO PLASTICOS LTDA,ALEPACK,ATIVA,Rio Largo,AL,"Rodovia Br 104 Km 85, S/N, Mata Do Rolo",57100000,(82) 3324-1110,,,,Alex Pessoa De Albuquerque,Sócio-Administrador,Alex Pessoa De Albuquerque (Sócio-Administrador); Pedro Henrique Pessoa De Albuquerque (Sócio Menor (Assistido/Representado)),2229301 - Fabricação de artefatos de material plástico para uso pessoal e doméstico,"4930201 - Transporte rodoviário de carga, exceto produtos perigosos e mudanças, municipal.; 4930202 - Transporte rodoviário de carga, exceto produtos perigosos e mudanças, intermunicipal, interestadual e internacional; 6810202 - Aluguel de imóveis próprios",False,alta,Receita Federal (BrasilAPI),2026-09-28T10:39:03
28017647,28017647000145,LED ENGENHARIA E SINALIZACAO LTDA,LED ENGENHARIA,ATIVA,Maceio,AL,"Travessa Projetada 140, Sn, Cidade Universitaria",57072330,(82) 8176-7464,,,,Carlos Eduardo Carneiro De Magalhaes Leite,Sócio-Administrador,Carlos Eduardo Carneiro De Magalhaes Leite (Sócio-Administrador); Leonardo Da Fonseca Baeta Ramos (Sócio-Administrador); Ricardo Wagner Carneiro De Magalhaes Leite (Sócio-Administrador),4211101 - Construção de rodovias e ferrovias,"4120400 - Construção de edifícios; 4211102 - Pintura para sinalização em pistas rodoviárias e aeroportos; 4213800 - Obras de urbanização - ruas, praças e calçadas; 4222701 - Construção de redes de abastecimento de água, coleta de esgoto e construções correlatas, exceto obras de irrigação; 4313400 - Obras de terraplenagem; 4330499 - Outras obras de acabamento da construção; 4399101 - Administração de obras; 4399199 - Serviços especializados para construção não especificados anteriormente; 7111100 - Serviços de arquitetura; 7732201 - Aluguel de máquinas e equipamentos para construção sem operador, exceto andaimes; 8121400 - Limpeza em prédios e em domicílios",False,alta,Receita Federal (BrasilAPI),2026-09-28T10:39:04
28620879,28620879000193,IMPACTO BIOENERGIA ALAGOAS S.A,,ATIVA,Teotonio Vilela,AL,"Area Rural, Sn, Area Rural De Teotonio Vilela",57268899,(82) 3142-7879,,,,Emilio Mario Fabri Rietmann,Diretor,Emilio Mario Fabri Rietmann (Diretor); Manoel Carnauba Cortez (Diretor),3511501 - Geração de energia elétrica,"113000 - Cultivo de cana-de-açúcar; 161001 - Serviço de pulverização e controle de pragas agrícolas; 161002 - Serviço de poda de árvores para lavouras; 161003 - Serviço de preparação de terreno, cultivo e colheita; 161099 - Atividades de apoio à agricultura não especificadas anteriormente; 1071600 - Fabricação de açúcar em bruto; 1931400 - Fabricação de álcool; 3513100 - Comércio atacadista de energia elétrica; 3520401 - Produção de gás; processamento de gás natural; 6463800 - Outras sociedades de participação, exceto holdings; 7020400 - Atividades de consultoria em gestão empresarial, exceto consultoria técnica específica; 7490104 - Atividades de intermediação e agenciamento de serviços e negócios em geral, exceto imobiliários",False,alta,Receita Federal (BrasilAPI),2026-09-28T10:39:06
29061526,29061526000163,DPMC COMERCIO DE AGUA MINERAL LTDA,AGUA MINERAL REFRESQ,ATIVA,Maceio,AL,"Rua Ministro Lindolfo Collor, Sn, Quadra15 Lote 1 Lote Jd. Paulo Vi Simol, Cidade Universitaria",57073417,(82) 9642-7513,,,,Davi Pontes De Miranda Cerqueira,Sócio-Administrador,Davi Pontes De Miranda Cerqueira (Sócio-Administrador),1121600 - Fabricação de águas envasadas,"1033302 - Fabricação de sucos de frutas, hortaliças e legumes, exceto concentrados; 1122401 - Fabricação de refrigerantes; 1122403 - Fabricação de refrescos, xaropes e pós para refrescos, exceto refrescos de frutas; 1122499 - Fabricação de outras bebidas não-alcoólicas não especificadas anteriormente; 2222600 - Fabricação de embalagens de material plástico; 4635401 - Comércio atacadista de água mineral; 4635402 - Comércio atacadista de cerveja, chope e refrigerante; 4686902 - Comércio atacadista de embalagens; 4723700 - Comércio varejista de bebidas; 4759899 - Comércio varejista de outros artigos de uso pessoal e doméstico não especificados anteriormente; 4930201 - Transporte rodoviário de carga, exceto produtos perigosos e mudanças, municipal.; 4930202 - Transporte rodoviário de carga, exceto produtos perigosos e mudanças, intermunicipal, interestadual e internacional; 6810202 - Aluguel de imóveis próprios",False,alta,Receita Federal (BrasilAPI),2026-09-28T10:39:07
29919761,29919761000123,K W A INDUSTRIA E COMERCIO DE METAIS LTDA,KWA METAIS,ATIVA,Marechal Deodoro,AL,"Via 01, Sn, Lote Industrial, Polo Mutifabril Jose Aprigio Vilela",57160000,(82) 3359-1550,,,,Wainer Teofilo Alves,Sócio-Administrador,Helen Karine Gravel Teofilo Alves (Sócio); Wainer Teofilo Alves (Sócio-Administrador),2452100 - Fundição de metais não-ferrosos e suas ligas,"2441501 - Produção de alumínio e suas ligas em formas primárias; 2441502 - Produção de laminados de alumínio; 2443100 - Metalurgia do cobre; 2733300 - Fabricação de fios, cabos e condutores elétricos isolados; 3831901 - Recuperação de sucatas de alumínio; 4663000 - Comércio atacadista de Máquinas e equipamentos para uso industrial; partes e peças; 4687702 - Comércio atacadista de resíduos e sucatas não-metálicos, exceto de papel e papelão; 4687703 - Comércio atacadista de resíduos e sucatas metálicos; 4930202 - Transporte rodoviário de carga, exceto produtos perigosos e mudanças, intermunicipal, interestadual e internacional",False,alta,Receita Federal (BrasilAPI),2026-09-28T10:39:09
30483453,30483453000187,ALQUIMIA INDUSTRIA E COMERCIO DE CAPACHOS LTDA,,ATIVA,Marechal Deodoro,AL,"Rodovia Br 424, Polo Jose Aprigio Vilela, Parte -D, S/N, Polo Croroquimico",57160000,(41) 2106-0910,,,,Jonathan Muraro Kapazi,Administrador,Jonathan Muraro Kapazi (Administrador); Joserli Perez Kapazi (Administrador); Jpk Participacoes Ltda. (Sócio); Karina Kapazi Siqueira (Administrador); Maria Durilei Muraro Kapazi (Administrador); Raphael Muraro Kapazi (Administrador),2229301 - Fabricação de artefatos de material plástico para uso pessoal e doméstico,"1340599 - Outros serviços de acabamento em fios, tecidos, artefatos têxteis e peças do vestuário; 1354500 - Fabricação de tecidos especiais, inclusive artefatos; 2029100 - Fabricação de produtos químicos orgânicos não especificados anteriormente; 2031200 - Fabricação de resinas termoplásticas; 2033900 - Fabricação de elastômeros; 2072000 - Fabricação de tintas de impressão; 2219600 - Fabricação de artefatos de borracha não especificados anteriormente; 2221800 - Fabricação de laminados planos e tubulares de material plástico; 2512800 - Fabricação de esquadrias de metal; 2869100 - Fabricação de máquinas e equipamentos para uso industrial específico não especificados anteriormente, peças e acessórios; 3511501 - Geração de energia elétrica; 4646001 - Comércio atacadista de cosméticos e produtos de perfumaria; 4649405 - Comércio atacadista de artigos de tapeçaria; persianas e cortinas; 4663000 - Comércio atacadista de Máquinas e equipamentos para uso industrial; partes e peças; 4679601 - Comércio atacadista de tintas, vernizes e similares; 4684299 - Comércio atacadista de outros produtos químicos e petroquímicos não especificados anteriormente; 4759801 - Comércio varejista de artigos de tapeçaria, cortinas e persianas; 5229099 - Outras atividades auxiliares dos transportes terrestres não especificadas anteriormente; 5620103 - Cantinas - serviços de alimentação privativos; 6201501 - Desenvolvimento de programas de computador sob encomenda; 6209100 - Suporte técnico, manutenção e outros serviços em tecnologia da informação; 7020400 - Atividades de consultoria em gestão empresarial, exceto consultoria técnica específica; 7490104 - Atividades de intermediação e agenciamento de serviços e negócios em geral, exceto imobiliários; 7740300 - Gestão de ativos intangíveis não-financeiros",False,alta,Receita Federal (BrasilAPI),2026-09-28T10:39:10
34567306,34567306000146,NORDESTE MAIS ALIMENTOS LTDA,,ATIVA,Rio Largo,AL,"Rodovia Br 101, S/N, Lote C, Prefeito Antonio L. Souza",57100000,(16) 3383-2131,(16) 3383-2139,,,Antonio Carlos Tadiotti,Administrador,Antonio Carlos Tadiotti (Administrador); Jose Reynaldo Trevizaneli (Administrador); Minas Mais Alimentos Ltda (Sócio),1069400 - Moagem e fabricação de produtos de origem vegetal não especificados anteriormente,"1031700 - Fabricação de conservas de frutas; 1032599 - Fabricação de conservas de legumes e outros vegetais, exceto palmito; 1095300 - Fabricação de especiarias, molhos, temperos e condimentos; 1099699 - Fabricação de outros produtos alimentícios não especificados anteriormente; 4637199 - Comércio atacadista especializado em outros produtos alimentícios não especificados anteriormente; 4663000 - Comércio atacadista de Máquinas e equipamentos para uso industrial; partes e peças; 4930201 - Transporte rodoviário de carga, exceto produtos perigosos e mudanças, municipal.; 6463800 - Outras sociedades de participação, exceto holdings",False,alta,Receita Federal (BrasilAPI),2026-09-28T10:39:12
35728880,35728880000100,TECFIBRA EMPREITEIRA E REVESTIMENTOS ANTICORROSIVOS LTDA,TECFIBRA,ATIVA,Marechal Deodoro,AL,"Rodovia Divaldo Suruagy, S/N, Via 1,Galpao B, Polo Cloroquimico",57160000,,,,,Jose Manuel Marques Cruz,Administrador,Jose Agatonice Brito (Sócio); Jose Manuel Marques Cruz (Administrador); Mm Participacoes Ltda (Sócio),3314799 - Manutenção e reparação de outras máquinas e equipamentos para usos industriais não especificados anteriormente,"3311200 - Manutenção e reparação de tanques, reservatórios metálicos e caldeiras, exceto para veículos; 3314722 - Manutenção e reparação de máquinas e aparelhos para a indústria do plástico; 3321000 - Instalação de máquinas e equipamentos industriais; 4292802 - Obras de montagem industrial; 4299599 - Outras obras de engenharia civil não especificadas anteriormente; 4330405 - Aplicação de revestimentos e de resinas em interiores e exteriores; 4663000 - Comércio atacadista de Máquinas e equipamentos para uso industrial; partes e peças; 7112000 - Serviços de engenharia",False,baixa,Receita Federal (BrasilAPI),2026-09-28T10:39:13
36033147,36033147000125,VMN 01 EMPREENDIMENTOS IMOBILIARIOS SPE LTDA,VARANDAS MAR DO NORTE,ATIVA,Maceio,AL,"Rua Desportista Humberto Guimaraes, 563, Sala G, Ponta Verde",57035030,(82) 2122-0000,,,,Jefferson De Lima Araujo Filho,Administrador,Empirica Investimentos E Participacoes Ltda (Sócio); Frater Investimentos Ltda (Sócio); Heile Participacoes Ltda (Sócio); Jefferson De Lima Araujo Filho (Administrador); Magnus Investimentos E Participacoes S.A. (Sócio); Pharos Participacoes Ltda (Sócio); Vertical Investimentos Ltda (Sócio),4120400 - Construção de edifícios,4299501 - Construção de instalações esportivas e recreativas,False,alta,Receita Federal (BrasilAPI),2026-09-28T10:39:14
36359686,36359686000159,"LE MIX BRASIL PREPARACAO DE MASSA, ARGAMASSA E CONCRETO LTDA",LE MIX BRASIL,ATIVA,Maceio,AL,"Via Secundaria 2, S/N, Quadra5 Lote 8 Lote Distrito Industrial, Tabuleiro Do Martins",57081585,(82) 3324-2268,,,,Edenir Moreira Peixoto,Sócio-Administrador,Edenir Moreira Peixoto (Sócio-Administrador); Lucilene Freire Peixoto (Sócio-Administrador),2330305 - Preparação de massa de concreto e argamassa para construção,"3811400 - Coleta de resíduos não-perigosos; 3812200 - Coleta de resíduos perigosos; 4299599 - Outras obras de engenharia civil não especificadas anteriormente; 4330499 - Outras obras de acabamento da construção; 4391600 - Obras de fundações; 4399199 - Serviços especializados para construção não especificados anteriormente; 7732201 - Aluguel de máquinas e equipamentos para construção sem operador, exceto andaimes",True,baixa,Receita Federal (BrasilAPI),2026-09-28T10:39:16
37308375,37308375000123,TAMP PLAST INDUSTRIA E COMERCIO DE PLASTICO LTDA,TAMP PLAST,ATIVA,Maceio,AL,"Via Secundaria 3, 57, Galpao08 Lote Distrito Industrial Quadra05, Tabuleiro Do Martins",57081586,(82) 9341-8324,,,,Rodrigo Pinto Galvao,Sócio-Administrador,Rodolfo Camara Amaral Calheiros (Sócio); Rodrigo Pinto Galvao (Sócio-Administrador),3839499 - Recuperação de materiais não especificados anteriormente,2229301 - Fabricação de artefatos de material plástico para uso pessoal e doméstico; 2229399 - Fabricação de artefatos de material plástico para outros usos não especificados anteriormente; 3832700 - Recuperação de materiais plásticos; 4759899 - Comércio varejista de outros artigos de uso pessoal e doméstico não especificados anteriormente,False,alta,Receita Federal (BrasilAPI),2026-09-28T10:39:17
38075121,38075121000175,PHAROS RESIDENCE EMPREENDIMENTO IMOBILIARIO SPE LTDA,CONENGE PROJETO 04,ATIVA,Maceio,AL,"Avenida Doutor Antonio Gouveia, 61, Sala 504 Anexo Ii, Pajucara",57030170,(81) 9177-3840,,,,Thyago Henrique Carvalho Pereira Farias,Administrador,Thyago Henrique Carvalho Pereira Farias (Administrador); Trez Participacoes E Engenharia Ltda (Sócio),4120400 - Construção de edifícios,6810201 - Compra e venda de imóveis próprios,False,alta,Receita Federal (BrasilAPI),2026-09-28T10:39:19
38354009,38354009000173,LHT ENERGIA LTDA,SOLUTHI ENERGY,ATIVA,Maceio,AL,"Avenida Fernandes Lima, 382, Sala 01, Farol",57055000,(79) 8120-1292,,,,Thiago Valua Da Silva Araujo,Administrador,Holanda Participacoes Ltda (Sócio); Lrb Participacoes Ltda (Sócio); Thiago Valua Da Silva Araujo (Administrador); Valua Participacoes Ltda (Sócio),4321500 - Instalação e manutenção elétrica,"3321000 - Instalação de máquinas e equipamentos industriais; 3329599 - Instalação de outros equipamentos não especificados anteriormente; 4322301 - Instalações hidráulicas, sanitárias e de gás; 4329199 - Outras obras de instalações em construções não especificadas anteriormente; 4330405 - Aplicação de revestimentos e de resinas em interiores e exteriores; 4618499 - Outros representantes comerciais e agentes do comércio especializado em produtos não especificados anteriormente; 4741500 - Comércio varejista de tintas e materiais para pintura; 4742300 - Comércio varejista de material elétrico; 4744001 - Comércio varejista de ferragens e ferramentas; 4744002 - Comércio varejista de madeira e artefatos; 4757100 - Comércio varejista especializado de peças e acessórios para aparelhos eletroeletrônicos para uso doméstico, exceto informática e comunicação; 7020400 - Atividades de consultoria em gestão empresarial, exceto consultoria técnica específica; 7112000 - Serviços de engenharia; 7490104 - Atividades de intermediação e agenciamento de serviços e negócios em geral, exceto imobiliários; 8121400 - Limpeza em prédios e em domicílios; 8211300 - Serviços combinados de escritório e apoio administrativo; 8299701 - Medição de consumo de energia elétrica, gás e água; 9529102 - Chaveiros",False,alta,Receita Federal (BrasilAPI),2026-09-28T10:39:20
39886750,39886750000148,R PONTES 01 EMPREENDIMENTO IMOBILIARIO LTDA,,ATIVA,Maceio,AL,"Rua Jose Soares Sobrinho, 119, Sala 405 Anexo I, Jatiuca",57036640,(82) 3241-4165,,,,Jose Roberto Leite De Pontes,Administrador,Jose Roberto Leite De Pontes (Administrador); R Pontes & Cia - Participacoes Em Capital Ltda (Sócio),4110700 - Incorporação de empreendimentos imobiliários,4120400 - Construção de edifícios; 4399101 - Administração de obras; 6810201 - Compra e venda de imóveis próprios; 6810202 - Aluguel de imóveis próprios,True,baixa,Receita Federal (BrasilAPI),2026-09-28T10:39:22
39886818,39886818000199,R PONTES 02 EMPREENDIMENTO IMOBILIARIO SPE LTDA,,ATIVA,Maceio,AL,"Rua Jose Soares Sobrinho, 119, Sala 406 Anexo I, Jatiuca",57036640,(82) 3241-4165,,,,Jose Roberto Leite De Pontes,Administrador,Construtora R Pontes Ltda (Sócio); Jose Roberto Leite De Pontes (Administrador); R Pontes & Cia - Participacoes Em Capital Ltda (Sócio),4110700 - Incorporação de empreendimentos imobiliários,4120400 - Construção de edifícios; 4399101 - Administração de obras; 6810201 - Compra e venda de imóveis próprios,True,baixa,Receita Federal (BrasilAPI),2026-09-28T10:39:23
40116333,40116333000103,ILHA BELA EMPREENDIMENTO IMOBILIARIO SPE LTDA,,ATIVA,Maceio,AL,"Avenida Fernandes Lima, 08, Sala 122, Farol",57050000,(82) 2121-1000,,,,Flavio Eugenio Toledo Cabral Cota,Sócio-Administrador,Flavio Eugenio Toledo Cabral Cota (Sócio-Administrador); Harcos Participacoes Ltda (Sócio); Joao Vicente Dos Santos Menezes (Sócio-Administrador); Luiz Guilherme De Melo Lopes (Sócio); Paulo Rolemberg Lessa De Albuquerque Neto (Administrador); Wagner Dos Santos Jovenal (Sócio),4110700 - Incorporação de empreendimentos imobiliários,6810201 - Compra e venda de imóveis próprios; 6810203 - Loteamento de imóveis próprios; 6822600 - Gestão e administração da propriedade imobiliária,True,baixa,Receita Federal (BrasilAPI),2026-09-28T10:39:24
40202622,40202622000117,QUEIROZ E AZEVEDO EMPREENDIMENTOS - LTDA,QAS EMPREENDIMENTOS,ATIVA,Maceio,AL,"Rua Estudante Ubiracy Norberto Joazeiro De Farias Costa, 152, Jatiuca",57036780,(82) 9427-9441,,,,Yuri De Queiroz Azevedo Sampaio,Sócio-Administrador,Igor De Queiroz Azevedo Sampaio (Sócio); Yuri De Queiroz Azevedo Sampaio (Sócio-Administrador),4120400 - Construção de edifícios,,True,baixa,Receita Federal (BrasilAPI),2026-09-28T10:39:26
40908832,40908832000125,"S G INDUSTRIA, COMERCIO E REPRESENTACOES DE PRODUTOS ALIMENTICIOS LTDA",CAJUMAIOR,ATIVA,Maceio,AL,"Rua Marco Aurelio, 374, Tab. Dos Martins",57036540,(00) 82326-3626,,,,Gerson Cavalcanti Bandeira De Melo Filho,Sócio-Administrador,Gerson Cavalcanti Bandeira De Melo Filho (Sócio-Administrador),1099699 - Fabricação de outros produtos alimentícios não especificados anteriormente,"4617600 - Representantes comerciais e agentes do comércio de produtos alimentícios, bebidas e fumo; 4637199 - Comércio atacadista especializado em outros produtos alimentícios não especificados anteriormente",False,alta,Receita Federal (BrasilAPI),2026-09-28T10:39:27
40914046,40914046000130,FORTEX ENGENHARIA LTDA,,ATIVA,Maceio,AL,"Rua Desportista Humberto Guimaraes, 563, Sala A, Ponta Verde",57035030,(82) 2122-0000,(82) 2122-0115,,,Jefferson De Lima Araujo Filho,Administrador,Fx Participacoes S.A. (Sócio); Jefferson De Lima Araujo Filho (Administrador); Jefferson Jose Lyra De Araujo (Administrador); Magnus Investimentos E Participacoes S.A. (Sócio),4120400 - Construção de edifícios,4299501 - Construção de instalações esportivas e recreativas,False,alta,Receita Federal (BrasilAPI),2026-09-28T10:39:29
40917346,40917346000173,MERCONPLAS INDUSTRIAL DE PLASTICOS COMERCIO LTDA,,ATIVA,Arapiraca,AL,"Rua Francisco Firmino De Oliveira, 60, Nova Esperanca",57316355,(82) 3482-5900,(82) 3482-5900,,,Adelmo De Oliveira Nunes,Sócio-Administrador,Adelmo De Oliveira Nunes (Sócio-Administrador); Vargthon Kepller De Oliveira Nunes (Sócio); Vennberg Kelson De Oliveira Nunes (Sócio),2229301 - Fabricação de artefatos de material plástico para uso pessoal e doméstico,"3321000 - Instalação de máquinas e equipamentos industriais; 4321500 - Instalação e manutenção elétrica; 4930202 - Transporte rodoviário de carga, exceto produtos perigosos e mudanças, intermunicipal, interestadual e internacional",False,alta,Receita Federal (BrasilAPI),2026-09-28T10:39:30
41167347,41167347000100,CONY ENGENHARIA LTDA,CONY ENGENHARIA,ATIVA,Maceio,AL,"Avenida Luiz Ramalho De Castro, 1281, Jatiuca",57036380,(82) 3334-4085,,,,Jean Sandro Santos Da Silva,Sócio-Administrador,Jean Sandro Santos Da Silva (Sócio-Administrador); Lidja Hortencio Da Silva (Sócio-Administrador),4120400 - Construção de edifícios,"3701100 - Gestão de redes de esgoto; 4110700 - Incorporação de empreendimentos imobiliários; 4211101 - Construção de rodovias e ferrovias; 4211102 - Pintura para sinalização em pistas rodoviárias e aeroportos; 4212000 - Construção de obras de arte especiais; 4213800 - Obras de urbanização - ruas, praças e calçadas; 4222701 - Construção de redes de abastecimento de água, coleta de esgoto e construções correlatas, exceto obras de irrigação; 4223500 - Construção de redes de transportes por dutos, exceto para água e esgoto; 4299501 - Construção de instalações esportivas e recreativas; 4299599 - Outras obras de engenharia civil não especificadas anteriormente; 4313400 - Obras de terraplenagem; 4321500 - Instalação e manutenção elétrica; 4322301 - Instalações hidráulicas, sanitárias e de gás; 4330499 - Outras obras de acabamento da construção; 4391600 - Obras de fundações; 4399101 - Administração de obras; 4399103 - Obras de alvenaria; 6810202 - Aluguel de imóveis próprios; 7112000 - Serviços de engenharia",False,alta,Receita Federal (BrasilAPI),2026-09-28T10:39:32
41948207,41948207000170,INDUSTRIA DE LATICINIOS QUEIROZ LTDA,LATICINIO BATALHA,ATIVA,Batalha,AL,"Avenida Josefa Saraiva Dos Santos, S/N, Aguape",57422666,(82) 8145-9015,,,,Maria Aparecida Farias Da Cruz,Sócio-Administrador,Maria Aparecida Farias Da Cruz (Sócio-Administrador),1052000 - Fabricação de laticínios,"4631100 - Comércio atacadista de leite e laticínios; 4639701 - Comércio atacadista de produtos alimentícios em geral; 4712100 - Comércio varejista de mercadorias em geral, com predominância de produtos alimentícios - minimercados, mercearias e armazéns; 4721103 - Comércio varejista de laticínios e frios; 4930201 - Transporte rodoviário de carga, exceto produtos perigosos e mudanças, municipal.; 4930202 - Transporte rodoviário de carga, exceto produtos perigosos e mudanças, intermunicipal, interestadual e internacional",False,alta,Receita Federal (BrasilAPI),2026-09-28T10:39:33
42418771,42418771000143,BOX STUDIO EMPREENDIMENTO IMOBILIARIO SPE LTDA,BOX STUDIO,ATIVA,Maceio,AL,"Rua Jangadeiros Alagoanos, 1188, Edif Emp. Millenium Towerandar 9 Sala 902, Pajucara",57030000,(82) 3336-1991,,,,Alfredo Guttenberg De Mendonca Breda,Administrador,Alfredo Guttenberg De Mendonca Breda (Administrador); Enord Engenharia Ltda (Sócio); Osman Ramires Neto (Administrador),4110700 - Incorporação de empreendimentos imobiliários,,True,baixa,Receita Federal (BrasilAPI),2026-09-28T10:39:35
42620878,42620878000170,AQUACAPRI EMPREENDIMENTO IMOBILIARIO SPE LTDA,AQUACAPRI,ATIVA,Maceio,AL,"Rua Desembargador Alfredo Gaspar De Mendonca, 55, Jatiuca",57036490,(82) 3231-1656,(82) 9981-1919,,,Fabio Nobre Lindoso,Administrador,Base Industria De Construcao Civil Ltda (Sócio); Fabio Nobre Lindoso (Administrador); Marca Construtora Ltda (Sócio); Sizino Dos Passos Moura Junior (Administrador),4120400 - Construção de edifícios,4110700 - Incorporação de empreendimentos imobiliários; 6810201 - Compra e venda de imóveis próprios,False,alta,Receita Federal (BrasilAPI),2026-09-28T10:39:36
42623135,42623135000153,VERTICE SERVICOS DE ENGENHARIA E CONSULTORIA LTDA,VERTICE SERVICOS DE ENGENHARIA E CONSULTORIA,ATIVA,Maceio,AL,"Rua Doutor Antonio Cansancao, 812, Sala 105, Ponta Verde",57035190,(82) 9649-4244,,,,Valdemir Araujo Agra Junior,Sócio-Administrador,Valdemir Araujo Agra Junior (Sócio-Administrador),4120400 - Construção de edifícios,"4211102 - Pintura para sinalização em pistas rodoviárias e aeroportos; 4213800 - Obras de urbanização - ruas, praças e calçadas; 4222701 - Construção de redes de abastecimento de água, coleta de esgoto e construções correlatas, exceto obras de irrigação; 4299501 - Construção de instalações esportivas e recreativas; 4321500 - Instalação e manutenção elétrica; 4322301 - Instalações hidráulicas, sanitárias e de gás; 4322302 - Instalação e manutenção de sistemas centrais de ar condicionado, de ventilação e refrigeração; 4330404 - Serviços de pintura de edifícios em geral; 4330499 - Outras obras de acabamento da construção; 4399101 - Administração de obras; 4399103 - Obras de alvenaria; 7020400 - Atividades de consultoria em gestão empresarial, exceto consultoria técnica específica; 7112000 - Serviços de engenharia; 7119799 - Atividades técnicas relacionadas à engenharia e arquitetura não especificadas anteriormente; 8130300 - Atividades paisagísticas; 8599604 - Treinamento em desenvolvimento profissional e gerencial",False,alta,Receita Federal (BrasilAPI),2026-09-28T10:39:37
42873193,42873193000135,CONSORCIO ARAPIRACA-DELMIRO GOUVEIA LOTE 2,CONSORCIO ARAPIRACA-DELMIRO GOUVEIA LOTE 2,ATIVA,Maceio,AL,"Via Secundaria 2, S/N, Quadra5 Lote 7 -Lot. Dist.Indust., Tabuleiro Do Martins",57081585,(82) 3324-2268,(82) 9666-1716,,,Lucilene Freire Peixoto,Administrador,Conserva De Estradas Ltda (Sociedade Consorciada); Construtora Luiz Costa Ltda (Sociedade Consorciada); F . P . Construtora Ltda (Sociedade Consorciada); Lucilene Freire Peixoto (Administrador),4211101 - Construção de rodovias e ferrovias,,True,alta,Receita Federal (BrasilAPI),2026-09-28T10:39:39
42908486,42908486000100,CONSORCIO CLC/CONSERVA/F.P.,CONSORCIO CLC/CONSERVA/F.P.,ATIVA,Maceio,AL,"Avenida Menino Marcelo, 9350, Sala 103 Edif Empr. Humberto Lobo, Serraria",57046000,(82) 3324-2268,,,,Celiton Luiz Costa De Oliveira,Administrador,Celiton Luiz Costa De Oliveira (Administrador); Conserva De Estradas Ltda (Sociedade Consorciada); Construtora Luiz Costa Ltda (Sociedade Consorciada); F . P . Construtora Ltda (Sociedade Consorciada),4211101 - Construção de rodovias e ferrovias,,True,baixa,Receita Federal (BrasilAPI),2026-09-28T10:39:40
43091153,43091153000102,SPE MACEIO AMBIENTAL S/A,ECOPARQUE MACEIO,ATIVA,Maceio,AL,"Rua Em Projeto 7257, 00, Benedito Bentes",57085029,(11) 5103-5300,,,,Milton Pilao Junior,Presidente,Hamilton Amadeo (Diretor); Leonardo Roberto Pereira Dos Santos (Diretor); Milton Pilao Junior (Presidente),3821100 - Tratamento e disposição de resíduos não-perigosos,"3811400 - Coleta de resíduos não-perigosos; 3812200 - Coleta de resíduos perigosos; 3822000 - Tratamento e disposição de resíduos perigosos; 3900500 - Descontaminação e outros serviços de gestão de resíduos; 4930201 - Transporte rodoviário de carga, exceto produtos perigosos e mudanças, municipal.; 4930202 - Transporte rodoviário de carga, exceto produtos perigosos e mudanças, intermunicipal, interestadual e internacional; 4930203 - Transporte rodoviário de produtos perigosos",False,alta,Receita Federal (BrasilAPI),2026-09-28T10:39:41
43378051,43378051000164,MD AL ROOFTOP CONSTRUCOES LTDA,,ATIVA,Maceio,AL,"Avenida Comendador Gustavo Paiva, 2789, Sala 612, Mangabeiras",57037532,(81) 3087-8030,(81) 3087-8013,,,Diego Freire Wanderley,Administrador,Diego Freire Wanderley (Administrador); Diego Paixao Nossa Villar (Administrador); Eduardo Fernandes De Moura (Administrador); Fernando Henrique Affonso Ferreira De Amorim (Administrador); Homero Leite Maia Moutinho Da Silva (Administrador); Md Service Ltda (Sócio); Moura Dubeux Engenharia S/A (Sócio),4110700 - Incorporação de empreendimentos imobiliários,4120400 - Construção de edifícios; 6810201 - Compra e venda de imóveis próprios,False,alta,Receita Federal (BrasilAPI),2026-09-28T10:39:43
43796146,43796146000106,CITECON MATCH SPE LTDA,CITECON MATCH,ATIVA,Maceio,AL,"Rua Bacharel Floriano Ivo, 105, Farol",57055010,(82) 8727-4544,,,,Charlie De Almeida Brandao,Administrador,Charlie De Almeida Brandao (Administrador); Citecon Ltda (Sócio); Fernando De Lima Guedes (Administrador); Lecon - Construcoes E Empreendimentos Imobiliarios Ltda (Sócio); Rcvc Asset Investimentos E Participacoes Ltda (Sócio); Target Investimentos E Participacoes Ltda (Sócio),4110700 - Incorporação de empreendimentos imobiliários,4120400 - Construção de edifícios; 4391600 - Obras de fundações; 6810201 - Compra e venda de imóveis próprios,False,alta,Receita Federal (BrasilAPI),2026-09-28T10:39:44
44426384,44426384000184,CONSORCIO DUPLICACAO AL-220 LOTE 03 FP-CLC-CONSERVA,CONSORCIO DUPLICACAO AL-220 LOTE 03 FP-CLC-CONSERVA,ATIVA,Maceio,AL,"Via Secundaria 2, S/N, Quadra5 Lote 7 - Dist. Industrial, Tabuleiro Do Martins",57081585,(82) 3324-2268,,,,Lucilene Freire Peixoto,Administrador,Conserva De Estradas Ltda (Sociedade Consorciada); Construtora Luiz Costa Ltda (Sociedade Consorciada); F . P . Construtora Ltda (Sociedade Consorciada); Lucilene Freire Peixoto (Administrador),4211101 - Construção de rodovias e ferrovias,,True,baixa,Receita Federal (BrasilAPI),2026-09-28T10:39:46
45157243,45157243000176,RCL RECICLAGEM LTDA,,ATIVA,Maceio,AL,"Rua Otacilio Holanda, 215, Cidade Universitaria",57073520,(82) 9395-5897,,,,Wainer Teofilo Alves,Sócio-Administrador,Wainer Teofilo Alves (Sócio-Administrador),2229302 - Fabricação de artefatos de material plástico para usos industriais,"2031200 - Fabricação de resinas termoplásticas; 2221800 - Fabricação de laminados planos e tubulares de material plástico; 2222600 - Fabricação de embalagens de material plástico; 2223400 - Fabricação de tubos e acessórios de material plástico para uso na construção; 2229399 - Fabricação de artefatos de material plástico para outros usos não especificados anteriormente; 3831999 - Recuperação de materiais metálicos, exceto alumínio; 3832700 - Recuperação de materiais plásticos; 3839499 - Recuperação de materiais não especificados anteriormente; 4930202 - Transporte rodoviário de carga, exceto produtos perigosos e mudanças, intermunicipal, interestadual e internacional",False,alta,Receita Federal (BrasilAPI),2026-09-28T10:39:47
45359410,45359410000161,CONSORCIO BATALHA-OLIVENCA FP-CLC,CONSORCIO BATALHA-OLIVENCA FP-CLC,ATIVA,Maceio,AL,"Via Secundaria 2, S/N, Quadra5 Lote 7 - Dist. Industrial, Tabuleiro Do Martins",57081585,(82) 3324-2268,,,,Lucilene Freire Peixoto,Administrador,Construtora Luiz Costa Ltda (Sociedade Consorciada); F . P . Construtora Ltda (Sociedade Consorciada); Lucilene Freire Peixoto (Administrador),4211101 - Construção de rodovias e ferrovias,,True,baixa,Receita Federal (BrasilAPI),2026-09-28T10:39:49
45456117,45456117000112,AGUAS DO SERTAO S/A,,ATIVA,Penedo,AL,"Praca Clementino Do Monte, S/N, Centro",57200000,(43) 3025-3636,,,,Mario Vieira Marcondes Neto,Presidente,Akira Kuriyama (Diretor); Ana Carolina De Carvalho Farias (Conselheiro de Administração); Claudio Roberto De Leoni Ramos (Diretor); Darcio Henrique Saucedo Benichio (Diretor); Eduarda De Leoni Ramos Constantino (Conselheiro de Administração); Mario Vieira Marcondes Neto (Presidente); Paulo Andre Gil Boschiero (Conselheiro de Administração),"3600601 - Captação, tratamento e distribuição de água","3701100 - Gestão de redes de esgoto; 4222701 - Construção de redes de abastecimento de água, coleta de esgoto e construções correlatas, exceto obras de irrigação; 8211300 - Serviços combinados de escritório e apoio administrativo",False,alta,Receita Federal (BrasilAPI),2026-09-28T10:39:50
45819383,45819383000162,MD AL PARQUE SHOPPING CONSTRUCOES SPE LTDA,,ATIVA,Maceio,AL,"Avenida Comendador Gustavo Paiva, 2789, Mangabeiras",57037532,(81) 3087-8000,,,,Diego Freire Wanderley,Administrador,Diego Freire Wanderley (Administrador); Diego Paixao Nossa Villar (Administrador); Eduardo Fernandes De Moura (Administrador); Fernando Henrique Affonso Ferreira De Amorim (Administrador); Homero Leite Maia Moutinho Da Silva (Administrador); Md Service Ltda (Sócio); Moura Dubeux Engenharia S/A (Sócio),4110700 - Incorporação de empreendimentos imobiliários,4120400 - Construção de edifícios; 6810201 - Compra e venda de imóveis próprios,False,alta,Receita Federal (BrasilAPI),2026-09-28T10:39:51
45909716,45909716000144,MD AL VIA EXPRESS CONSTRUCOES SPE LTDA,MD,ATIVA,Maceio,AL,"Avenida Comendador Gustavo Paiva, 2789, Mangabeiras",57037532,(81) 3087-8030,,,,Diego Freire Wanderley,Administrador,Diego Freire Wanderley (Administrador); Diego Paixao Nossa Villar (Administrador); Eduardo Fernandes De Moura (Administrador); Fernando Henrique Affonso Ferreira De Amorim (Administrador); Homero Leite Maia Moutinho Da Silva (Administrador); Md Ne Negocios Ltda (Sócio); Moura Dubeux Engenharia S/A (Sócio),4110700 - Incorporação de empreendimentos imobiliários,4120400 - Construção de edifícios; 6810201 - Compra e venda de imóveis próprios,False,alta,Receita Federal (BrasilAPI),2026-09-28T10:39:53
46423021,46423021000110,SPOT PONTA VERDE SPE LTDA,SPOT PONTA VERDE,ATIVA,Maceio,AL,"Avenida Engenheiro Mário De Gusmão, 176, Sala 4D, Ponta Verde",57035000,(82) 8193-6278,,,,Pedro De Albuquerque Fernandes,Administrador,Construtora Placic Ltda (Sócio); Pedro De Albuquerque Fernandes (Administrador); Tiago De Albuquerque Fernandes (Administrador); Tph Engenharia Ltda (Sócio),4110700 - Incorporação de empreendimentos imobiliários,6810201 - Compra e venda de imóveis próprios,False,alta,Receita Federal (BrasilAPI),2026-09-28T10:39:54
47028449,47028449000121,CONSORCIO VIAS DO NORTE 2 ETAPA,,ATIVA,Maceio,AL,"Rua Tereza De Azevedo, 1135, Sala 1, Gruta De Lourdes",57052600,(82) 3241-8430,,,,Christiano Edmundo Cintra Esequiel Filho,Administrador,Ac2 Engenharia Ltda (Sociedade Consorciada); Alianca Construcoes Ltda (Sociedade Consorciada); Christiano Edmundo Cintra Esequiel Filho (Administrador),"4213800 - Obras de urbanização - ruas, praças e calçadas",7112000 - Serviços de engenharia,True,baixa,Receita Federal (BrasilAPI),2026-09-28T10:39:56
47886861,47886861000182,ESTELAR INDUSTRIA DE ACO LTDA,ESTELAR INDUSTRIA DE ACO,ATIVA,Maceio,AL,"Rua Projetada 672, 20, Quadra12 Lote 1, Antares",57083679,(82) 3035-4642,,,,Alicia Manuella De Oliveira Bezerra,Administrador,Alicia Manuella De Oliveira Bezerra (Administrador); Aline Kristine De Oliveira Bezerra Costa (Administrador); Bezerra Industria De Aco E Servicos Ltda (Sócio); Edivaldo Bezerra Da Silva Junior (Administrador),2592601 - Fabricação de produtos de trefilados de metal padronizados,"2539001 - Serviços de usinagem, tornearia e solda; 2599302 - Serviço de corte e dobra de metais",False,alta,Receita Federal (BrasilAPI),2026-09-28T10:39:57
48012237,48012237000119,EDIFICIO GENOVA SPE LTDA,,ATIVA,Maceio,AL,"Avenida Doutor Antonio Gomes De Barros, 625, Cond The Square Park Offisala 318, Jatiuca",57036001,(82) 2122-0493,,,,Rodrigo Gloor Uchoa Lopes,Administrador,Rodrigo Gloor Uchoa Lopes (Administrador); Uchoa Construcoes Ltda (Sócio); Uchoa Empreendimentos Imobiliarios Ltda (Sócio),4110700 - Incorporação de empreendimentos imobiliários,4299599 - Outras obras de engenharia civil não especificadas anteriormente; 6810201 - Compra e venda de imóveis próprios; 6822600 - Gestão e administração da propriedade imobiliária,False,alta,Receita Federal (BrasilAPI),2026-09-28T10:39:59
48082971,48082971000154,CONSORCIO VALE DO PARAIBA LOTE 02 - FP-CLC-CONSERVA,CONSORCIO VALE DO PARAIBA LOTE 02 - FP-CLC-CONSERVA,ATIVA,Maceio,AL,"Via Secundaria 2, S/N, Quadra5 Lote 7 - Dist. Industrial, Tabuleiro Do Martins",57081585,(82) 3324-2268,,,,Lucilene Freire Peixoto,Administrador,Conserva De Estradas Ltda (Sociedade Consorciada); Construtora Luiz Costa Ltda (Sociedade Consorciada); F . P . Construtora Ltda (Sociedade Consorciada); Lucilene Freire Peixoto (Administrador),4211101 - Construção de rodovias e ferrovias,,True,baixa,Receita Federal (BrasilAPI),2026-09-28T10:40:00
48095104,48095104000153,CRUZ DAS ALMAS EMPREENDIMENTO IMOBILIARIO SPE LTDA,,ATIVA,Maceio,AL,"Avenida Menino Marcelo, 9350, Sala 109, Serraria",57046000,(82) 3316-8570,,,,Thomaz Ribeiro Santos,Sócio-Administrador,Aguiar Engenharia Ltda (Sócio); Iris Faria Maciel Da Silva (Sócio); Jubrant Petruceli (Sócio); Leandro Ferracini Campos (Sócio); Luciano De Almeida Santos (Sócio); Maikel Brumatti (Sócio); Mario Jorge Santos (Sócio); Rodrigo Manoel Goncalves Mota (Sócio); Rodrigo Ribeiro Santos (Sócio); Tayguara Cerqueira Cavalcanti (Sócio); Thomaz Ribeiro Santos (Sócio-Administrador); Tiago Aguiar Alves (Administrador),4110700 - Incorporação de empreendimentos imobiliários,4299599 - Outras obras de engenharia civil não especificadas anteriormente; 4399101 - Administração de obras; 6810201 - Compra e venda de imóveis próprios; 6822600 - Gestão e administração da propriedade imobiliária,True,baixa,Receita Federal (BrasilAPI),2026-09-28T10:40:02
48209133,48209133000107,CITECON OCEANA EMPREENDIMENTO SPE LTDA,,ATIVA,Maceio,AL,"Rua Bacharel Floriano Ivo, 105, Farol",57055010,(82) 3223-7116,(82) 9872-7454,,,Bruno Sales Moury Fernandes,Administrador,Bruno Sales Moury Fernandes (Administrador); Charlie De Almeida Brandao (Administrador); Citecon Ltda (Sócio); Diogo Marcel Silva Lopes (Administrador); Eduardo Reynaldo Coutinho (Administrador); Fernando De Lima Guedes (Administrador); Lecon - Construcoes E Empreendimentos Imobiliarios Ltda (Sócio); Natasha Taques Lemes Coutinho (Administrador); Osvaldo Espirito Santo Tanajura Junior (Administrador); Rcmc Investimentos E Participacoes Ltda (Sócio); Ricardo Reynaldo Coutinho (Administrador); Target Investimentos E Participacoes Ltda (Sócio),4110700 - Incorporação de empreendimentos imobiliários,4120400 - Construção de edifícios; 6810201 - Compra e venda de imóveis próprios; 6822600 - Gestão e administração da propriedade imobiliária; 7112000 - Serviços de engenharia,False,alta,Receita Federal (BrasilAPI),2026-09-28T10:40:03
48244421,48244421000194,TATUAMUNHA 01 EMPREENDIMENTO IMOBILIARIO SPE LTDA,,ATIVA,Maceio,AL,"Rua José Soares Sobrinho, 119, Sala 408 Anexo 02, Jatiúca",57036640,(82) 3241-4165,,,,Bergson Lucio Filgueira De Araujo,Administrador,Bergson Lucio Filgueira De Araujo (Administrador); Construtora R Pontes Ltda (Sócio); Joao Marcelo Cansancao Loureiro (Administrador); Jose Roberto Leite De Pontes (Administrador); Msl Gestao Patrimonial Ltda (Sócio); Oasis Investimentos Ltda (Sócio); Roberto Sergio Silva (Administrador); Rs - Empreendimentos E Participacoes Ltda (Sócio),4110700 - Incorporação de empreendimentos imobiliários,,True,baixa,Receita Federal (BrasilAPI),2026-09-28T10:40:04
48878815,48878815000102,ESKRIM INDUSTRIA DE SORVETES LTDA,,ATIVA,Maceio,AL,"Rua Severina Fernandes Dos Santos, 72, Poco",57025360,(82) 3311-7027,,,,Carlos Eduardo Costa Regis E Silva,Sócio-Administrador,Carlos Eduardo Costa Regis E Silva (Sócio-Administrador); Liamar Dos Santos Marques (Sócio-Administrador),1053800 - Fabricação de sorvetes e outros gelados comestíveis,"1031700 - Fabricação de conservas de frutas; 1091102 - Fabricação de produtos de padaria e confeitaria com predominância de produção própria; 4729699 - Comércio varejista de produtos alimentícios em geral ou especializado em produtos alimentícios não especificados anteriormente; 5611203 - Lanchonetes, casas de chá, de sucos e similares",False,alta,Receita Federal (BrasilAPI),2026-09-28T10:40:06
49173847,49173847000167,RIVIERA EMPREENDIMENTOS IMOBILIARIOS SPE LTDA,,ATIVA,Maceio,AL,"Rua Professor Sílvio De Macêdo, 68, Sala 02, Jatiúca",57036740,(82) 9969-0014,,,,Diogo Jose Lima Rocha,Administrador,"Citrine Investimentos E Negocios De Engenharia Ltda (Sócio); Diogo Jose Lima Rocha (Administrador); J3 Incorporacao, Engenharia E Construcao Ltda (Sócio)",4110700 - Incorporação de empreendimentos imobiliários,,False,alta,Receita Federal (BrasilAPI),2026-09-28T10:40:07
49820150,49820150000130,ILLA FELLICIDADE INDUSTRIA DE GELADOS LTDA,,ATIVA,Maceio,AL,"Avenida Menino Marcelo, 9731, Galpaof, Barro Duro",57045660,(82) 8829-7432,,,,Douglas Diniz Sousa Machado,Sócio-Administrador,Douglas Diniz Sousa Machado (Sócio-Administrador); Luciana Bulhoes Rocha (Sócio-Administrador),1053800 - Fabricação de sorvetes e outros gelados comestíveis,"1031700 - Fabricação de conservas de frutas; 7319004 - Consultoria em publicidade; 7410299 - atividades de design não especificadas anteriormente; 8230001 - Serviços de organização de feiras, congressos, exposições e festas",False,alta,Receita Federal (BrasilAPI),2026-09-28T10:40:09
49946261,49946261000198,CONSORCIO PAVIMENTACAO E DRENAGEM RUAS DE MACEIO,,ATIVA,Maceio,AL,"Avenida Hamilton De Barros Soutinho, 797, Jatiuca",57035690,(82) 8709-8817,,,,Virgilio Vilar Brasileiro,Administrador,Amorim Barreto Engenharia Ltda (Sociedade Consorciada); Engenharia De Materiais Ltda (Sociedade Consorciada); L Pereira & Cia Ltda (Sociedade Consorciada); Virgilio Vilar Brasileiro (Administrador),"4213800 - Obras de urbanização - ruas, praças e calçadas",,True,baixa,Receita Federal (BrasilAPI),2026-09-28T10:40:10
50026997,50026997000127,PORTAL DAS ROCAS EMPREENDIENTOS SPE LTDA,,ATIVA,Maceio,AL,"Avenida Fernandes Lima, 08, Sala 117, Farol",57050000,(82) 2121-1000,,,,Jose Luis Coutinho De Freitas,Administrador,Harcos Participacoes Ltda (Sócio); Icon Service Ltda (Sócio); Jose Luis Coutinho De Freitas (Administrador); Paulo Rolemberg Lessa De Albuquerque Neto (Administrador),4110700 - Incorporação de empreendimentos imobiliários,6810201 - Compra e venda de imóveis próprios; 6810203 - Loteamento de imóveis próprios; 6822600 - Gestão e administração da propriedade imobiliária,True,baixa,Receita Federal (BrasilAPI),2026-09-28T10:40:12
50353891,50353891000138,PROJETO IMOBILIARIO ISLA SPE LTDA,PROJETO IMOBILIARIO ISLA,ATIVA,Maceio,AL,"Rua Sampaio Marques, 25, Sala 902 Cond Delman Empresarial, Pajuçara",57030107,(82) 9942-0364,,,,Fernando Lyra De Carvalho Filho,Administrador,Fernando Lyra De Carvalho Filho (Administrador); Jose Leopoldo De Mendonca Fragoso Junior (Sócio); Jose Roberto Martins Barbosa Junior (Administrador); Podium Engenharia Ltda (Sócio),4120400 - Construção de edifícios,4110700 - Incorporação de empreendimentos imobiliários; 4399101 - Administração de obras,False,alta,Receita Federal (BrasilAPI),2026-09-28T10:40:13
50938938,50938938000125,F6 EMPREENDIMENTO IMOBILIARIO SPE LTDA,,ATIVA,Maceio,AL,"Avenida Menino Marcelo, 9350, Sala 109 Edif Emp. Humberto Lobo, Serraria",57046000,(82) 3028-7762,,,,Tiago Aguiar Alves,Administrador,Aguiar Engenharia Ltda (Sócio); Gabriela Magalhaes Canuto (Sócio); Giovanni Montini Monteiro Costa (Sócio); Lco Participacoes Ltda (Sócio); Pablo Faria Maciel (Sócio); Ricardo Sergio Neves Leao Junior (Sócio); Rubens De Mendonca Canuto Neto (Sócio); Tiago Aguiar Alves (Administrador); Tiago Guido Angeli (Sócio),4110700 - Incorporação de empreendimentos imobiliários,4299599 - Outras obras de engenharia civil não especificadas anteriormente; 6810201 - Compra e venda de imóveis próprios; 6822600 - Gestão e administração da propriedade imobiliária,False,alta,Receita Federal (BrasilAPI),2026-09-28T10:40:14
51068576,51068576000121,CONSORCIO PAV VIAS DO SAO FRANCISCO,,ATIVA,Maceio,AL,"Rua Tereza De Azevedo, 1135, Gruta De Lourdes",57052600,(82) 3241-8430,,,,Christiano Edmundo Cintra Esequiel Filho,Administrador,Ac2 Engenharia Ltda (Sociedade Consorciada); Alianca Construcoes Ltda (Sociedade Consorciada); Christiano Edmundo Cintra Esequiel Filho (Administrador); Duppla Construcoes Ltda (Sociedade Consorciada),"4213800 - Obras de urbanização - ruas, praças e calçadas",4319300 - Serviços de preparação do terreno não especificados anteriormente; 7112000 - Serviços de engenharia,True,baixa,Receita Federal (BrasilAPI),2026-09-28T10:40:16
51321533,51321533000106,WATAL PATACHO ECO BOUTIQUE RESIDENCE SPE LTDA,,ATIVA,Maceio,AL,"Avenida Comendador Gustavo Paiva, 2789, Sala 412 Sala 413 Sala 414 Cond Norcon Empresarial, Mangabeiras",57037532,(82) 3317-5951,,,,Christiano Santos Rolim Filho,Administrador,Cavalcante E Rolim Empreendimentos Ltda (Sócio); Christiano Santos Rolim Filho (Administrador); Joao Renato Cavalcante Rolim (Administrador); Pablo Rodrigo Padilha De Melo Novais (Sócio); Paulo Henrique Padilha De Melo Novais (Sócio),4120400 - Construção de edifícios,4110700 - Incorporação de empreendimentos imobiliários; 4399103 - Obras de alvenaria,True,baixa,Receita Federal (BrasilAPI),2026-09-28T10:40:17
52535498,52535498000190,CAPETRO ASFALTOS LTDA,,ATIVA,Pilar,AL,"Rodovia Br 316, S/N, Quadraf, Polo Industrial",57150000,(82) 3142-2081,,,,Daniel Rogerio Rego Pimentel,Administrador,Daniel Rogerio Rego Pimentel (Administrador); Mario Henrique De Alencar Jambo (Administrador); Mj Holding Empreendimentos E Participacoes Ltda (Sócio),2099199 - Fabricação de outros produtos químicos não especificados anteriormente,"2399199 - Fabricação de outros produtos de minerais não-metálicos não especificados anteriormente; 4684299 - Comércio atacadista de outros produtos químicos e petroquímicos não especificados anteriormente; 4687703 - Comércio atacadista de resíduos e sucatas metálicos; 4930202 - Transporte rodoviário de carga, exceto produtos perigosos e mudanças, intermunicipal, interestadual e internacional; 4930203 - Transporte rodoviário de produtos perigosos; 7120100 - Testes e análises técnicas; 7210000 - Pesquisa e desenvolvimento experimental em ciências físicas e naturais",False,alta,Receita Federal (BrasilAPI),2026-09-28T10:40:19
52673825,52673825000170,SUPERPAVER SOLUCOES EM PAVIMENTOS LTDA,SUPERPAVER,ATIVA,Maceio,AL,"Via Secundaria 3, Modulo A, 775, Tabuleiro Do Martins",57081586,(82) 2180-0271,,,,Edgar Barbosa Palmeira,Sócio-Administrador,Edgar Barbosa Palmeira (Sócio-Administrador); Superpaver Asfaltos Ltda (Sócio),2399199 - Fabricação de outros produtos de minerais não-metálicos não especificados anteriormente,"4211101 - Construção de rodovias e ferrovias; 4213800 - Obras de urbanização - ruas, praças e calçadas; 4313400 - Obras de terraplenagem; 4679699 - Comércio atacadista de materiais de construção em geral; 4744099 - Comércio varejista de materiais de construção em geral; 4930201 - Transporte rodoviário de carga, exceto produtos perigosos e mudanças, municipal.; 4930202 - Transporte rodoviário de carga, exceto produtos perigosos e mudanças, intermunicipal, interestadual e internacional; 5229099 - Outras atividades auxiliares dos transportes terrestres não especificadas anteriormente; 5250804 - Organização logística do transporte de carga; 7120100 - Testes e análises técnicas; 7732201 - Aluguel de máquinas e equipamentos para construção sem operador, exceto andaimes",False,alta,Receita Federal (BrasilAPI),2026-09-28T10:40:20
52693780,52693780000104,CONSORCIO INFRAESTRUTURA LITORAL NORTE MACEIO.,,ATIVA,Maceio,AL,"Avenida Hamilton De Barros Soutinho, 797, Andar 1, Jatiuca",57035690,(82) 8709-8817,,,,Virgilio Vilar Brasileiro,Administrador,Amorim Barreto Engenharia Ltda (Sociedade Consorciada); Engematloc - Terraplenagem E Locacoes Ltda (Sociedade Consorciada); Engenharia De Materiais Ltda (Sociedade Consorciada); Enord Engenharia Ltda (Sociedade Consorciada); Virgilio Vilar Brasileiro (Administrador),"4213800 - Obras de urbanização - ruas, praças e calçadas","4222701 - Construção de redes de abastecimento de água, coleta de esgoto e construções correlatas, exceto obras de irrigação",True,baixa,Receita Federal (BrasilAPI),2026-09-28T10:40:22
52750389,52750389000196,COUTINHO SMART INCORPORACOES LTDA,COUTINHO SMART INCORPORACOES,ATIVA,Maceio,AL,"Avenida Comendador Gustavo Paiva, 2789, Sala 1212A Cond Norcon Empresarial, Mangabeiras",57037532,(82) 3436-1525,,,,Ana Luiza Lages De Omena Coutinho,Sócio-Administrador,Ana Luiza Lages De Omena Coutinho (Sócio-Administrador); Daniela De Omena Coutinho Costa (Sócio-Administrador); Flavia Omena Coutinho Albuquerque (Sócio-Administrador); Vania Omena Coutinho Rocha (Sócio-Administrador),4120400 - Construção de edifícios,"4110700 - Incorporação de empreendimentos imobiliários; 6463800 - Outras sociedades de participação, exceto holdings; 7112000 - Serviços de engenharia",False,alta,Receita Federal (BrasilAPI),2026-09-28T10:40:23
52763806,52763806000135,SPOT PONTA VERDE II SPE LTDA,SPOT PONTA VERDE II,ATIVA,Maceio,AL,"Rua Engenheiro Mário De Gusmão, 176, Sala 4E, Ponta Verde",57035000,(82) 8193-6278,,,,Pedro De Albuquerque Fernandes,Administrador,Construtora Placic Ltda (Sócio); Jose Carlos Braide Nogueira Da Gama (Sócio); Pedro De Albuquerque Fernandes (Administrador); Tiago De Albuquerque Fernandes (Administrador); Tph Engenharia Ltda (Sócio),4110700 - Incorporação de empreendimentos imobiliários,6810201 - Compra e venda de imóveis próprios,False,alta,Receita Federal (BrasilAPI),2026-09-28T10:40:25
53241657,53241657000107,VIVER BEM PROJETO 05 EMPREENDIMENTO IMOBILIARIO SPE LTDA,,ATIVA,Marechal Deodoro,AL,"Rodovia Divaldo Suruagy, 11895, Edif Empre. Unique Officesala 302, Praia Do Francês",57160000,(82) 3313-6885,,,,Adoniran Lucio De Souza Guerra,Administrador,Adoniran Lucio De Souza Guerra (Administrador); Arecippo & Madeiro Construcoes Ltda (Sócio); Carlos Eugenio Cicero Silva (Administrador); Fernando Geraldo Madeiro Filho (Administrador); Guerra & Rodrigues Hotel Frances Ltda (Sócio); Two Capital Investimento Ltda (Sócio),4110700 - Incorporação de empreendimentos imobiliários,4120400 - Construção de edifícios; 4399101 - Administração de obras; 6810201 - Compra e venda de imóveis próprios,False,alta,Receita Federal (BrasilAPI),2026-09-28T10:40:26
53689296,53689296000166,MARCINEIRO ECO BOUTIQUE RESIDENCE SPE LTDA,,ATIVA,Maceio,AL,"Avenida Menino Marcelo, 9350, Sala 1010, Cidade Universitaria",57073470,(82) 9836-0262,,,,Barbara Daniella De Barros Monteiro,Administrador,Barbara Daniella De Barros Monteiro (Administrador); Monteiro Torres Empreendimentos E Gestao Imobiliaria Ltda (Sócio); Ricardo Henrique Torres Silva (Administrador),4120400 - Construção de edifícios,4110700 - Incorporação de empreendimentos imobiliários; 4399103 - Obras de alvenaria; 6810201 - Compra e venda de imóveis próprios; 6810202 - Aluguel de imóveis próprios,False,alta,Receita Federal (BrasilAPI),2026-09-28T10:40:27
53996848,53996848000189,NEW HOUSE FRANCES SPE LTDA,NEW VELLA FRANCES,ATIVA,Marechal Deodoro,AL,"Avenida Dorgival Viana, S/N, Lote 12 Quadrad, Barra Nova",57160000,(82) 3216-1708,,,,Luis Abraao Feitosa Czarny,Administrador,Luis Abraao Feitosa Czarny (Administrador); Matheus Feitosa Czarny (Administrador); New House Loteamentos E Incorporacoes Ltda (Sócio); Vella Engenharia Ltda (Sócio),4110700 - Incorporação de empreendimentos imobiliários,4120400 - Construção de edifícios; 6810201 - Compra e venda de imóveis próprios,False,alta,Receita Federal (BrasilAPI),2026-09-28T10:40:29
54360360,54360360000123,CONSORCIO CMEIS 12 UNIDADES,,ATIVA,Maceio,AL,"Rua Jangadeiros Alagoanos, 1188, Edif Millenium Tower Sala 801, Pajucara",57030000,(82) 3336-1991,,,,Alfredo Guttenberg De Mendonca Breda,Administrador,Alfredo Guttenberg De Mendonca Breda (Administrador); Engenharia De Materiais Ltda (Sociedade Consorciada); Enord Engenharia Ltda (Sociedade Consorciada); Seabra Engenharia E Projetos Ltda (Sociedade Consorciada),4120400 - Construção de edifícios,,True,baixa,Receita Federal (BrasilAPI),2026-09-28T10:40:30
54360370,54360370000169,CONSORCIO CMEIS.,,ATIVA,Maceio,AL,"Avenida Hamilton De Barros Soutinho, 797, Jatiuca",57035690,(82) 8709-8817,,,,Virgilio Vilar Brasileiro,Administrador,Engenharia De Materiais Ltda (Sociedade Consorciada); Enord Engenharia Ltda (Sociedade Consorciada); Seabra Engenharia E Projetos Ltda (Sociedade Consorciada); Virgilio Vilar Brasileiro (Administrador),4120400 - Construção de edifícios,7111100 - Serviços de arquitetura; 7112000 - Serviços de engenharia,True,baixa,Receita Federal (BrasilAPI),2026-09-28T10:40:32
54409926,54409926000164,CONSORCIO PMCMV MARECHAL,,ATIVA,Maceio,AL,"Rua Jangadeiros Alagoanos, 1188, Edif Millennium Tower Sala 801, Pajucara",57030000,(82) 3336-1991,,,,Alfredo Guttenberg De Mendonca Breda,Administrador,Alfredo Guttenberg De Mendonca Breda (Administrador); Engenharia De Materiais Ltda (Sociedade Consorciada); Enord Engenharia Ltda (Sociedade Consorciada); Sanco Engenharia Ltda (Sociedade Consorciada); Uchoa Construcoes Ltda (Sociedade Consorciada),4120400 - Construção de edifícios,,True,baixa,Receita Federal (BrasilAPI),2026-09-28T10:40:33
54430907,54430907000110,SITGES EMPREENDIMENTO IMOBILIARIO SPE LTDA,SITGES,ATIVA,Maceio,AL,"Rua Jangadeiros Alagoanos, 1188, Edif Millenium Tower Andar 9 Sala 901, Pajuçara",57030000,(82) 3336-1991,,,,Alfredo Guttenberg De Mendonca Breda,Administrador,Alfredo Guttenberg De Mendonca Breda (Administrador); Enord Engenharia Ltda (Sócio); Gaspar Guttenberg De Mendonca Breda (Administrador); Osman Ramires Neto (Administrador),4110700 - Incorporação de empreendimentos imobiliários,,True,baixa,Receita Federal (BrasilAPI),2026-09-28T10:40:35
54475254,54475254000195,CONSORCIO MERCADOS BENEDITO BENTES E JACINTNHO,,ATIVA,Maceio,AL,"Rua Jangadeiros Alagoanos, 1188, Edif Millennium Tower Sala 801, Pajucara",57030000,(82) 3336-1991,,,,Alfredo Guttenberg De Mendonca Breda,Administrador,Alfredo Guttenberg De Mendonca Breda (Administrador); Enord Engenharia Ltda (Sociedade Consorciada); Uchoa Construcoes Ltda (Sociedade Consorciada),4120400 - Construção de edifícios,,True,baixa,Receita Federal (BrasilAPI),2026-09-28T10:40:36
54531605,54531605000138,CONTEMPORANEA PARQUE SHOPPING EMPREENDIMENTO IMOBILIARIO SPE LTDA,,ATIVA,Maceio,AL,"Rua Prefeito Abdon Arroxelas, 1055, Ponta Verde",57035380,(82) 3311-9830,,,,Cristiana Pontes De Miranda Maranhao,Administrador,Contemporanea Arquitetura E Construcoes Ltda (Sócio); Cristiana Pontes De Miranda Maranhao (Administrador); Gustavo Cabral Maranhao (Administrador),4110700 - Incorporação de empreendimentos imobiliários,6810201 - Compra e venda de imóveis próprios,False,alta,Receita Federal (BrasilAPI),2026-09-28T10:40:38
54841751,54841751000160,RESERVA WARA SPE LTDA,,ATIVA,Maceio,AL,"Rua Estudante Ubiracy Norberto Joazeiro De Farias Costa, 152, Jatiuca",57036780,(82) 9427-9441,,,,Yuri De Queiroz Azevedo Sampaio,Administrador,Queiroz E Azevedo Empreendimentos - Ltda (Sócio); Yuri De Queiroz Azevedo Sampaio (Administrador),4110700 - Incorporação de empreendimentos imobiliários,4120400 - Construção de edifícios; 4399101 - Administração de obras; 4399103 - Obras de alvenaria,True,baixa,Receita Federal (BrasilAPI),2026-09-28T10:40:39
55611386,55611386000160,CONDOMINIO RESERVA DO PRATA EMPREENDIMENTO IMOBILIARIO SPE LTDA,CONDOMINIO RESERVA DO PRATA,ATIVA,Maceio,AL,"Rua Jangadeiros Alagoanos, 1188, Edif Millenium Tower Andar 9 Sala 901, Pajuçara",57030000,(82) 3336-1991,,,,Alfredo Guttenberg De Mendonca Breda,Administrador,Alfredo Guttenberg De Mendonca Breda (Administrador); Enord Engenharia Ltda (Sócio); Gaspar Guttenberg De Mendonca Breda (Administrador); Osman Ramires Neto (Administrador),4110700 - Incorporação de empreendimentos imobiliários,,True,baixa,Receita Federal (BrasilAPI),2026-09-28T10:40:41
56083430,56083430000179,MAHI PATACHO EMPREENDIMENTO IMOBILIARIO SPE LTDA,,ATIVA,Maceio,AL,"Avenida Engenheiro Roberto Duarte Santana, 25, Sala 805, Pajucara",57030107,(82) 9992-6888,,,,Davi Toledo Tenorio De Amorim,Administrador,Ancol Anjos Engenharia Industria E Comercio Ltda (Sócio); Davi Toledo Tenorio De Amorim (Administrador); Lara Pinto Farias (Administrador); Vivant Incorporadora Ltda (Sócio),4110700 - Incorporação de empreendimentos imobiliários,,False,alta,Receita Federal (BrasilAPI),2026-09-28T10:40:42
56263534,56263534000165,CONDOMINIO RESERVA DO BOSQUE EMPREENDIMENTO IMOBILIARIO SPE LTDA,CONDOMINIO RESERVA DO BOSQUE,ATIVA,Maceio,AL,"Rua Jangadeiros Alagoanos, 1188, Edif Millenium Tower Andar 9 Sala 902, Pajuçara",57030000,(82) 3336-1991,,,,Alfredo Guttenberg De Mendonca Breda,Administrador,Alfredo Guttenberg De Mendonca Breda (Administrador); Enord Engenharia Ltda (Sócio); Gaspar Guttenberg De Mendonca Breda (Administrador); Osman Ramires Neto (Administrador),4110700 - Incorporação de empreendimentos imobiliários,,True,baixa,Receita Federal (BrasilAPI),2026-09-28T10:40:44
56443624,56443624000138,CONSORCIO BR-030-BA,,ATIVA,Maceio,AL,"Via Secundaria 2, S/N, Lote 7 Quadra5, Tabuleiro Do Martins",57081585,(82) 9946-1501,,,,Jose Alberto Correa Moreira,Administrador,Conserva De Estradas Ltda (Sociedade Consorciada); F . P . Construtora Ltda (Sociedade Consorciada); Jose Alberto Correa Moreira (Administrador); Vanguarda Construcoes E Servicos De Conservacao Viaria Ltda. (Sociedade Consorciada),4211101 - Construção de rodovias e ferrovias,,False,alta,Receita Federal (BrasilAPI),2026-09-28T10:40:45
57061366,57061366000198,PATIO 3 EMPREENDIMENTO IMOBILIARIO SPE LTDA,,ATIVA,Maceio,AL,"Rua Mário Palmeira Junior, 18 A/B, Sala 07 Quadra12 Lote 03, Jatiúca",57035780,(82) 3023-0503,,,,Fabio Luiz Araujo Lopes De Farias,Administrador,Fabio Luiz Araujo Lopes De Farias (Administrador); Lopes Farias Construcoes Ltda (Sócio),4110700 - Incorporação de empreendimentos imobiliários,6810201 - Compra e venda de imóveis próprios; 6810202 - Aluguel de imóveis próprios,False,alta,Receita Federal (BrasilAPI),2026-09-28T10:40:47
57706135,57706135000194,CONDOMINIO RESERVA ALDEPRIME EMPREENDIMENTO IMOBILIARIO SPE LTDA,CONDOMINIO RESERVA ALDEPRIME,ATIVA,Maceio,AL,"Rua Jangadeiros Alagoanos, 1188, Edif Millenium Tower Andar 8 Sala 804, Pajuçara",57030000,(82) 3336-1991,,,,Alfredo Guttenberg De Mendonca Breda,Administrador,Alfredo Guttenberg De Mendonca Breda (Administrador); Enord Engenharia Ltda (Sócio),4110700 - Incorporação de empreendimentos imobiliários,,True,baixa,Receita Federal (BrasilAPI),2026-09-28T10:40:48
57809328,57809328000170,CONSORCIO ALAGOAS BR-424-AL LOTE 2,,ATIVA,Maceio,AL,"Avenida Hamilton De Barros Soutinho, 797, Jatiuca",57035690,(82) 8709-8817,,,,Virgilio Vilar Brasileiro,Administrador,Amorim Barreto Engenharia Ltda (Sociedade Consorciada); Conserva De Estradas Ltda (Sociedade Consorciada); Engenharia De Materiais Ltda (Sociedade Consorciada); F . P . Construtora Ltda (Sociedade Consorciada); L Pereira & Cia Ltda (Sociedade Consorciada); Svc Construcoes Ltda (Sociedade Consorciada); Virgilio Vilar Brasileiro (Administrador),4211101 - Construção de rodovias e ferrovias,"4213800 - Obras de urbanização - ruas, praças e calçadas",True,baixa,Receita Federal (BrasilAPI),2026-09-28T10:40:50
57991098,57991098000103,CAVALCANTE & ROLIM DESIGN SPE LTDA,,ATIVA,Maceio,AL,"Avenida Comendador Gustavo Paiva, 2789, Sala 412 Sala 413 Sala 414 Cond Norcon Empresarial, Mangabeiras",57037532,(82) 3317-5951,,,,Christiano Santos Rolim Filho,Administrador,Cavalcante E Rolim Empreendimentos Ltda (Sócio); Christiano Santos Rolim Filho (Administrador); Joao Renato Cavalcante Rolim (Administrador),4120400 - Construção de edifícios,4110700 - Incorporação de empreendimentos imobiliários; 4399103 - Obras de alvenaria; 6810201 - Compra e venda de imóveis próprios; 6810202 - Aluguel de imóveis próprios,True,baixa,Receita Federal (BrasilAPI),2026-09-28T10:40:51
58377116,58377116000124,QAAB EMPREENDIMENTO SPE LTDA,,ATIVA,Maceio,AL,"Rua Estudante Ubiracy Norberto Joazeiro De Farias Costa, 152, Jatiuca",57036780,(82) 9427-9441,,,,Andre Baldwin Farias,Sócio-Administrador,Andre Baldwin Farias (Sócio-Administrador); Queiroz E Azevedo Empreendimentos - Ltda (Sócio); Yuri De Queiroz Azevedo Sampaio (Administrador),4110700 - Incorporação de empreendimentos imobiliários,4120400 - Construção de edifícios; 4399103 - Obras de alvenaria,True,baixa,Receita Federal (BrasilAPI),2026-09-28T10:40:52
58406719,58406719000107,BSM CCMP AURUS EMPREENDIMENTO IMOBILIARIO SPE LTDA,,ATIVA,Maceio,AL,"Avenida Hamilton De Barros Soutinho, 797, Andar 1, Jatiúca",57035690,(82) 3313-7983,,,,Artur Mendonca Cavalcante Teixeira,Administrador,Artur Mendonca Cavalcante Teixeira (Administrador); Aurus Engenharia E Incorporacoes Ltda. (Sócio); Carlos Lyra Lopes De Farias (Administrador); Ccmp Investimentos Ltda (Sócio); Lucas Loureiro Brasileiro (Administrador); Maria Cristina Lyra Lopes De Farias Mafra Costa (Administrador),4110700 - Incorporação de empreendimentos imobiliários,4120400 - Construção de edifícios; 6810201 - Compra e venda de imóveis próprios,False,alta,Receita Federal (BrasilAPI),2026-09-28T10:40:54
58528303,58528303000161,RESERVA ARUMA SPE LTDA,,ATIVA,Maceio,AL,"Rua Estudante Ubiracy Norberto Joazeiro De Farias Costa, 152, Jatiuca",57036780,(82) 9427-9441,,,,Yuri De Queiroz Azevedo Sampaio,Administrador,Queiroz E Azevedo Empreendimentos - Ltda (Sócio); Yuri De Queiroz Azevedo Sampaio (Administrador),4110700 - Incorporação de empreendimentos imobiliários,4120400 - Construção de edifícios; 4399101 - Administração de obras; 4399103 - Obras de alvenaria,True,baixa,Receita Federal (BrasilAPI),2026-09-28T10:40:55
63647593,63647593000100,CONSORCIO NOVA SEDE ALE/AL,,ATIVA,Maceio,AL,"Rua Jangadeiros Alagoanos, 1188, Edif Millenium Tower Sala 801, Pajucara",57030000,(82) 3336-1991,,,,Alfredo Guttenberg De Mendonca Breda,Administrador,Alfredo Guttenberg De Mendonca Breda (Administrador); Cia De Engenharia Vac S/A (Sociedade Consorciada); Engenharia De Materiais Ltda (Sociedade Consorciada); Enord Engenharia Ltda (Sociedade Consorciada),4120400 - Construção de edifícios,,True,baixa,Receita Federal (BrasilAPI),2026-09-28T10:40:57
63801373,63801373000181,LEVIPAN IND E COM DE PAES CONGELADOS LTDA,,ATIVA,Arapiraca,AL,"Rua Estudante Givanildo Barbosa Lopes, 225, Verdes Campos",57303050,(82) 8808-2421,,,,Juarez Valeriano Cavalcante,Sócio-Administrador,Juarez Valeriano Cavalcante (Sócio-Administrador); Juliana Camila De Oliveira Cavalcante (Sócio),1091101 - Fabricação de produtos de panificação industrial,1091102 - Fabricação de produtos de padaria e confeitaria com predominância de produção própria; 1092900 - Fabricação de biscoitos e bolachas; 1094500 - Fabricação de massas alimentícias,False,alta,Receita Federal (BrasilAPI),2026-09-28T10:40:58
68409605,68409605000174,PARATY LTDA,,ATIVA,Marechal Deodoro,AL,"Rodovia Br-424, S/N, Km 12 Area B Lado Sul, Polo Mutifabril Jose Aprigio Vilela",57160000,(48) 3279-2587,,,,Cesar Gomes Junior,Administrador,Cesar Gomes Junior (Administrador); Pbg S/A (Sócio); Romael Soso (Administrador); Ronei Gomes (Administrador),2342701 - Fabricação de azulejos e pisos,"899199 - Extração de outros minerais não-metálicos não especificados anteriormente; 2399199 - Fabricação de outros produtos de minerais não-metálicos não especificados anteriormente; 4744005 - Comércio varejista de materiais de construção não especificados anteriormente; 4789099 - Comércio varejista de outros produtos não especificados anteriormente; 7490104 - Atividades de intermediação e agenciamento de serviços e negócios em geral, exceto imobiliários",False,alta,Receita Federal (BrasilAPI),2026-09-28T10:41:00
69983484,69983484000132,GAS DE ALAGOAS S/A ALGAS,ALGAS,ATIVA,Maceio,AL,"Rua Artur Vital Da Silva, 04, Gruta De Lourdes",57052790,(82) 3218-7732,(82) 3218-7700,,,Jose Ediberto De Omena,Presidente,Adely Roberta Meireles De Oliveira (Conselheiro de Administração); Dalmo Martins Peixoto Junior (Conselheiro de Administração); Daniel Coelho Alcoforado Costa (Conselheiro de Administração); Eliana De Menezes Bandeira (Diretor); Fabio Eduardo Morgado (Diretor); Frederico Suano Pacheco De Araujo (Conselheiro de Administração); Gabriel Ciriaco Lira (Conselheiro de Administração); Helder Goncalves Lima (Conselheiro de Administração); Jose Ediberto De Omena (Presidente); Kleilson Martins Da Silva (Conselheiro de Administração); Luiz Dias De Alencar Neto (Conselheiro de Administração); Manoel Felix Dos Santos Neto (Conselheiro de Administração); Rafael Antonio Bettini Gomes (Conselheiro de Administração); Vitor Calazans Baroni (Conselheiro de Administração),3520401 - Produção de gás; processamento de gás natural,,False,alta,Receita Federal (BrasilAPI),2026-09-28T10:41:01
69983856,69983856000120,NORVINCO INDUSTRIA DE EMBALAGEM NORDESTE LTDA,NORVINCO,ATIVA,Maceio,AL,"Via Secundaria 02, 116, D I G L Cavalcante, Tab Dos Martins",57082000,(82) 2121-2300,(82) 2121-2321,,,Jurg Niklaus Hassenstein,Sócio-Administrador,Jurg Niklaus Hassenstein (Sócio-Administrador); Maria Cristina Hassenstein (Sócio-Administrador),1731100 - Fabricação de embalagens de papel,1732000 - Fabricação de embalagens de cartolina e papel-cartão; 1733800 - Fabricação de chapas e de embalagens de papelão ondulado; 2949299 - Fabricação de outras peças e acessórios para veículos automotores não especificadas anteriormente,False,alta,Receita Federal (BrasilAPI),2026-09-28T10:41:02
69989853,69989853000102,BONANCA CONSTRUTORA E INCORPORADORA LTDA,M M E,ATIVA,Maceio,AL,"Avenida Doutor Antonio Gouveia, 845, Sala 02, Pajucara",57030170,(82) 3316-7045,,,,Luiz Andre De Gouveia Vasconcelos,Sócio-Administrador,L.J.M.V. - Gestao E Participacoes Ltda (Sócio); Luiz Andre De Gouveia Vasconcelos (Sócio-Administrador); Luiza De Gouveia Vasconcelos Guastaferro (Sócio-Administrador); Milton Henio Neto De Gouveia Vasconcelos (Administrador),4120400 - Construção de edifícios,4110700 - Incorporação de empreendimentos imobiliários; 4313400 - Obras de terraplenagem; 6462000 - Holdings de instituições não-financeiras; 6810201 - Compra e venda de imóveis próprios,False,alta,Receita Federal (BrasilAPI),2026-09-28T10:41:04
00357535,00357535000114,DL INCORPORADORA LTDA,D L CONSTRUCOES,ATIVA,Arapiraca,AL,"Rua Zeferino Magalhaes, 300, B, Centro",57300410,(82) 3530-2221,(82) 3522-5378,,,Demuriez Leao Barboza,Sócio-Administrador,Demuriez Leao Barboza (Sócio-Administrador); Marcus Fabricio Matos Barboza (Sócio-Administrador),4110700 - Incorporação de empreendimentos imobiliários,6810201 - Compra e venda de imóveis próprios; 6810203 - Loteamento de imóveis próprios; 4120400 - Construção de edifícios,False,alta,Receita Federal (BrasilAPI),2026-09-28T10:41:05
00364397,00364397000109,JOSE ANSELMO MENEZES,,ATIVA,Maceio,AL,Poco,57025260,,,,,,,,1091101 - Fabricação de produtos de panificação industrial,,False,baixa,Receita Federal (BrasilAPI),2026-09-28T10:41:06
00418031,00418031000167,BASE EMPREENDIMENTOS IMOBILIARIOS LTDA,,ATIVA,Maceio,AL,"Avenida Fernandes Lima, 1.384, Farol",57050000,(82) 9976-6434,,,,Oswaldo Augusto Santos Costa,Sócio-Administrador,Oswaldo Augusto Santos Costa (Sócio-Administrador); Rodrigo Inojosa Costa (Sócio-Administrador),4110700 - Incorporação de empreendimentos imobiliários,6810201 - Compra e venda de imóveis próprios; 6821801 - Corretagem na compra e venda e avaliação de imóveis,False,alta,Receita Federal (BrasilAPI),2026-09-28T10:41:08
00469391,00469391000198,PROCAD ENGENHARIA LTDA,PROCAD,ATIVA,Maceio,AL,"Rua Silverio Jorge, 303, Sala 02, Jaragua",57022110,,,,,Manoel Messias Moreira Melo,Sócio-Administrador,Manoel Messias Moreira Melo (Sócio-Administrador); Mario Magano Pereira (Sócio-Administrador),7112000 - Serviços de engenharia,,False,baixa,Receita Federal (BrasilAPI),2026-09-28T10:41:09
00526052,00526052000104,USIMAQ USINAGEM E MAQUINAS LTDA,USIMAQ,ATIVA,Maceio,AL,"Rua Joao Crisostomo Farias, 25, Tab Dos Martins",57036540,(82) 9670-0522,,,,Antonio Simoa Da Silva,Sócio-Administrador,Antonio Simoa Da Silva (Sócio-Administrador); Joaquim Soares Feliciano (Sócio-Administrador),"2811900 - Fabricação de motores e turbinas, peças e acessórios, exceto para aviões e veículos rodoviários","7739099 - Aluguel de outras máquinas e equipamentos comerciais e industriais não especificados anteriormente, sem operador; 2539001 - Serviços de usinagem, tornearia e solda; 3321000 - Instalação de máquinas e equipamentos industriais",False,alta,Receita Federal (BrasilAPI),2026-09-28T10:41:11
00578339,00578339000170,MAC 5 TRADING EXPORTACAO E IMPORTACAO LTDA,MAC 5 TRADING,ATIVA,Maceio,AL,"Avenida Juca Sampaio, 2247, Sala 09 Cond Shopping Miramar, Feitosa",57038005,(82) 9999-5050,,,,Altacir Valente Da Silva,Administrador,Altacir Valente Da Silva (Administrador); Mac 5 Holding S/A (Sócio); Mariney Moura De Albuquerque (Administrador),4649402 - Comércio atacadista de aparelhos eletrônicos de uso pessoal e doméstico,"7490104 - Atividades de intermediação e agenciamento de serviços e negócios em geral, exceto imobiliários",False,alta,Receita Federal (BrasilAPI),2026-09-28T10:41:13
00629992,00629992000110,S N CONSTRUCOES LTDA,,ATIVA,Maceio,AL,"Rua Desembargador Tenorio, 162, Sala 201, Pinheiro",57050050,(82) 3328-1252,,,,Dorgival Pereira De Santana,Sócio-Administrador,Andre Luiz Novaes Oliveira (Sócio); Dorgival Pereira De Santana (Sócio-Administrador),4120400 - Construção de edifícios,4299501 - Construção de instalações esportivas e recreativas,False,alta,Receita Federal (BrasilAPI),2026-09-28T10:41:14
00851343,00851343000160,JEFX WOOD ARTEFATOS DE MADEIRA LTDA,JEFX WOOD ARTEFATOS DE MADEIRA,ATIVA,Arapiraca,AL,"Sitio Bom Nome, 03, Galpao03, Zona Rural",57300970,(82) 9999-9999,,,,Jose Elvis Ferreira Ferro,Sócio-Administrador,Jose Elvis Ferreira Ferro (Sócio-Administrador),1622602 - Fabricação de esquadrias de madeira e de peças de madeira para instalações industriais e comerciais,"4744001 - Comércio varejista de ferragens e ferramentas; 4744002 - Comércio varejista de madeira e artefatos; 4744099 - Comércio varejista de materiais de construção em geral; 7732201 - Aluguel de máquinas e equipamentos para construção sem operador, exceto andaimes",True,baixa,Receita Federal (BrasilAPI),2026-09-28T10:41:16
01047957,01047957000156,LUIZ HENRIQUE APRATTO BERNADO LTDA,H A EMPREENDIMENTOS,ATIVA,Pao De Acucar,AL,"Rua Senhor Do Bonfim, Sn, Centro",57400000,(82) 9906-1496,,,,Luiz Henrique Apratto Bernado,Sócio-Administrador,Luiz Henrique Apratto Bernado (Sócio-Administrador),4120400 - Construção de edifícios,"4399104 - Serviços de operação e fornecimento de equipamentos para transporte e elevação de cargas e pessoas para uso em obras; 4511102 - Comércio a varejo de automóveis, camionetas e utilitários usados; 4639701 - Comércio atacadista de produtos alimentícios em geral; 4649499 - Comércio atacadista de outros equipamentos e artigos de uso pessoal e doméstico não especificados anteriormente; 4692300 - Comércio atacadista de mercadorias em geral, com predominância de insumos agropecuários; 4712100 - Comércio varejista de mercadorias em geral, com predominância de produtos alimentícios - minimercados, mercearias e armazéns; 4721103 - Comércio varejista de laticínios e frios; 4722901 - Comércio varejista de carnes - açougues; 4723700 - Comércio varejista de bebidas; 4744099 - Comércio varejista de materiais de construção em geral; 4751201 - Comércio varejista especializado de equipamentos e suprimentos de informática; 4753900 - Comércio varejista especializado de eletrodomésticos e equipamentos de áudio e vídeo; 4755502 - Comercio varejista de artigos de armarinho; 4755503 - Comercio varejista de artigos de cama, mesa e banho; 4759899 - Comércio varejista de outros artigos de uso pessoal e doméstico não especificados anteriormente; 4761003 - Comércio varejista de artigos de papelaria; 4763601 - Comércio varejista de brinquedos e artigos recreativos; 4763602 - Comércio varejista de artigos esportivos; 4781400 - Comércio varejista de artigos do vestuário e acessórios; 4789005 - Comércio varejista de produtos saneantes domissanitários; 4929902 - Transporte rodoviário coletivo de passageiros, sob regime de fretamento, intermunicipal, interestadual e internacional; 4929904 - Organização de excursões em veículos rodoviários próprios, intermunicipal, interestadual e internacional; 6821801 - Corretagem na compra e venda e avaliação de imóveis; 7711000 - Locação de automóveis sem condutor; 7729202 - Aluguel de móveis, utensílios e aparelhos de uso doméstico e pessoal; instrumentos musicais; 7732201 - Aluguel de máquinas e equipamentos para construção sem operador, exceto andaimes; 7739099 - Aluguel de outras máquinas e equipamentos comerciais e industriais não especificados anteriormente, sem operador; 8230002 - Casas de festas e eventos; 9001906 - Atividades de sonorização e de iluminação",False,alta,Receita Federal (BrasilAPI),2026-09-28T10:41:17
01180024,01180024000132,CONTRATO CONSTRUCOES E AVALIACOES LTDA - EM RECUPERACAO JUDICIAL,CONTRATO ENGENHARIA,ATIVA,Maceio,AL,"Avenida Menino Marcelo, 9601, Serraria",57046000,(82) 3338-3259,,,,Guilherme Machado Melro,Sócio-Administrador,Guilherme Machado Melro (Sócio-Administrador); Joao Teixeira Cavalcante Neto (Sócio-Administrador),4120400 - Construção de edifícios,4110700 - Incorporação de empreendimentos imobiliários; 4399101 - Administração de obras; 4399199 - Serviços especializados para construção não especificados anteriormente; 6810201 - Compra e venda de imóveis próprios; 7119703 - Serviços de desenho técnico relacionados à arquitetura e engenharia,False,alta,Receita Federal (BrasilAPI),2026-09-28T10:41:19
01322709,01322709000176,CONSTRUTORA COUTINHO LTDA,,ATIVA,Maceio,AL,"Avenida Comendador Gustavo Paiva, 2789, Sala 1213, Mangabeiras",57038000,(82) 9121-3494,(82) 9121-3494,,,Vania Lages Coutinho,Sócio-Administrador,Vania Lages Coutinho (Sócio-Administrador),4120400 - Construção de edifícios,4299501 - Construção de instalações esportivas e recreativas; 4110700 - Incorporação de empreendimentos imobiliários,False,alta,Receita Federal (BrasilAPI),2026-09-28T10:41:20
01333734,01333734000155,VITORIA EMPREENDIMENTOS LTDA,,ATIVA,Maceio,AL,"Rua Eng.Mario De Gusmao, 738, Sala 02, Ponta Verde",57035000,,,,,Modesto Cajueiro De Novaes,Sócio-Administrador,Modesto Cajueiro De Novaes (Sócio-Administrador); Rosa Maria Ferro De Novaes (Sócio-Administrador),4120400 - Construção de edifícios,4299501 - Construção de instalações esportivas e recreativas,False,baixa,Receita Federal (BrasilAPI),2026-09-28T10:41:21
01333967,01333967000158,SOTELI - SERVICO E ORIENTACAO TECNICA EM ELETRICIDADE LTDA,SOTELI,ATIVA,Maceio,AL,"Rua Eng Otavio Cabral, 149, Farol",57050430,(82) 3317-5951,,,,Ronaldo Suruagy Amaral Galvao Leal,Sócio-Administrador,Ronaldo Suruagy Amaral Galvao Leal (Sócio-Administrador),4221902 - Construção de estações e redes de distribuição de energia elétrica,"4221903 - Manutenção de redes de distribuição de energia elétrica; 4321500 - Instalação e manutenção elétrica; 4322301 - Instalações hidráulicas, sanitárias e de gás; 4322302 - Instalação e manutenção de sistemas centrais de ar condicionado, de ventilação e refrigeração; 7112000 - Serviços de engenharia; 7732201 - Aluguel de máquinas e equipamentos para construção sem operador, exceto andaimes",True,baixa,Receita Federal (BrasilAPI),2026-09-28T10:41:23
01393072,01393072000109,JB CONSTRUCOES E ENGENHARIA LTDA,JB CONSTRUCOES E ENGENHARIA,ATIVA,Maceio,AL,"Rua Iris Alagoense, 873, Farol",57051370,,,,,Joao Jose De Carvalho Beltrao,Sócio-Administrador,Joao Daniel Tenorio Beltrao (Sócio); Joao Jose De Carvalho Beltrao (Sócio-Administrador); Vanessa Tenorio Beltrao Barbirato (Sócio-Administrador),4120400 - Construção de edifícios,"4110700 - Incorporação de empreendimentos imobiliários; 4292801 - Montagem de estruturas metálicas; 4299501 - Construção de instalações esportivas e recreativas; 4299599 - Outras obras de engenharia civil não especificadas anteriormente; 4313400 - Obras de terraplenagem; 6810201 - Compra e venda de imóveis próprios; 6810203 - Loteamento de imóveis próprios; 7732201 - Aluguel de máquinas e equipamentos para construção sem operador, exceto andaimes",False,baixa,Receita Federal (BrasilAPI),2026-09-28T10:41:24
01393074,01393074000106,SANCO ENGENHARIA LTDA,SANCO ENGENHARIA,ATIVA,Maceio,AL,"Avenida Dr. Antonio Gomes De Barros, 625, Sala 618 Edif The Square Park Office, Jatiuca",57036000,(82) 3327-4641,,,,Marcelo Raposo Ramires Saldanha,Sócio-Administrador,Marcelo Raposo Ramires Saldanha (Sócio-Administrador),4120400 - Construção de edifícios,"4110700 - Incorporação de empreendimentos imobiliários; 4211101 - Construção de rodovias e ferrovias; 4212000 - Construção de obras de arte especiais; 4213800 - Obras de urbanização - ruas, praças e calçadas; 4221901 - Construção de barragens e represas para geração de energia elétrica; 4221902 - Construção de estações e redes de distribuição de energia elétrica; 4222701 - Construção de redes de abastecimento de água, coleta de esgoto e construções correlatas, exceto obras de irrigação; 4222702 - Obras de irrigação; 4299501 - Construção de instalações esportivas e recreativas; 4313400 - Obras de terraplenagem; 4399105 - Perfuração e construção de poços de água; 6810201 - Compra e venda de imóveis próprios; 6810202 - Aluguel de imóveis próprios; 6810203 - Loteamento de imóveis próprios; 7732201 - Aluguel de máquinas e equipamentos para construção sem operador, exceto andaimes",False,alta,Receita Federal (BrasilAPI),2026-09-28T10:41:26
01588911,01588911000144,GRANGELO COMERCIAL LTDA,GRANGELO,ATIVA,Maceio,AL,"Rodovia Al 101 Norte, 9001, Riacho Doce",57036540,,,,,Ronaldo Cesar Lira De Almeida,Sócio-Administrador,Ronaldo Cesar Lira De Almeida (Sócio-Administrador); Tania Lucia Ribeiro Lira (Sócio-Administrador),1099604 - Fabricação de gelo comum,3600602 - Distribuição de água por caminhões,False,baixa,Receita Federal (BrasilAPI),2026-09-28T10:41:27
01628416,01628416000111,CONSTRUTORA NOGRAM LTDA,,ATIVA,Maceio,AL,"Rua Com. Palmeira, 493, Conj. 01/03, Farol",57036540,(08) 2336-1000,,,,Jose Luiz Gama Ramalho,Sócio-Administrador,Jose Luiz Gama Ramalho (Sócio-Administrador); Lavyne Nogueira Teixeira (Sócio-Administrador),4120400 - Construção de edifícios,4299501 - Construção de instalações esportivas e recreativas,False,alta,Receita Federal (BrasilAPI),2026-09-28T10:41:29
01787254,01787254000164,ENCAL & FENICIA CONSTRUCOES E INCORPORACOES LTDA,,ATIVA,Maceio,AL,"Rua Zacarias De Azevedo, 187, Centro",57010190,,,,,Geraldo Cicero Da Silva,Sócio-Administrador,Geraldo Cicero Da Silva (Sócio-Administrador); Marta Lucia Da Silva (Sócio),4120400 - Construção de edifícios,"4299501 - Construção de instalações esportivas e recreativas; 7732201 - Aluguel de máquinas e equipamentos para construção sem operador, exceto andaimes; 3321000 - Instalação de máquinas e equipamentos industriais",False,baixa,Receita Federal (BrasilAPI),2026-09-28T10:41:30
02067012,02067012000169,INCORPORADORA PARQUE DAS AGUAS LTDA,PARQUE DAS AGUAS,ATIVA,Arapiraca,AL,"Rua Manoel Leal, 164, Sala 01, Manuel Teles",57305205,(82) 3522-9211,,,,Jose Alexandre Dos Santos,Administrador,Alberto Jose Dos Santos (Sócio); F10 Participacoes Ltda (Sócio); Jose Alexandre Dos Santos (Administrador); Jose Alexandre Filho (Sócio),4110700 - Incorporação de empreendimentos imobiliários,"4120400 - Construção de edifícios; 4669999 - Comércio atacadista de outras máquinas e equipamentos não especificados anteriormente; partes e peças; 6810201 - Compra e venda de imóveis próprios; 6810202 - Aluguel de imóveis próprios; 7711000 - Locação de automóveis sem condutor; 7719599 - Locação de outros meios de transporte não especificados anteriormente, sem condutor; 7731400 - Aluguel de máquinas e equipamentos agrícolas sem operador; 7732201 - Aluguel de máquinas e equipamentos para construção sem operador, exceto andaimes",False,alta,Receita Federal (BrasilAPI),2026-09-28T10:41:32
02130399,02130399000150,CONCREPEDRA CONSTRUTORA LTDA,CONCREPEDRA,ATIVA,Girau Do Ponciano,AL,"Sitio Boqueirao, S/N, Zona Rural",57360000,(82) 9689-7355,,,,Jose Gomes Barros,Sócio-Administrador,Felipe Natan Alexandre Rocha (Sócio); Jose Gomes Barros (Sócio-Administrador),"810006 - Extração de areia, cascalho ou pedregulho e beneficiamento associado","2391501 - Britamento de pedras, exceto associado à extração; 2391502 - Aparelhamento de pedras para construção, exceto associado à extração; 4120400 - Construção de edifícios; 4213800 - Obras de urbanização - ruas, praças e calçadas; 4222701 - Construção de redes de abastecimento de água, coleta de esgoto e construções correlatas, exceto obras de irrigação; 4311801 - Demolição de edifícios e outras estruturas; 4311802 - Preparação de canteiro e limpeza de terreno; 4313400 - Obras de terraplenagem; 4399105 - Perfuração e construção de poços de água; 4520005 - Serviços de lavagem, lubrificação e polimento de veículos automotores; 4744099 - Comércio varejista de materiais de construção em geral",False,alta,Receita Federal (BrasilAPI),2026-09-28T10:41:33
02141441,02141441000139,LEITE PALMEIRA FILHOS LTDA,BOCA BRASIL GRIL,ATIVA,Maceio,AL,"Avenida Fernandes Lima, 2551, Lj 154 Shopping Farol, Farol",57055000,,,,,Marja Katia Leite Palmeira,Sócio-Administrador,Juliana Leite Palmeira (Sócio); Marja Katia Leite Palmeira (Sócio-Administrador),5620101 - Fornecimento de alimentos preparados preponderantemente para empresas,,False,baixa,Receita Federal (BrasilAPI),2026-09-28T10:41:35
02166669,02166669000183,JOSE MANOEL DA SILVA,MICAL,ATIVA,Teotonio Vilela,AL,Sebastiao Vilela,57265000,,,,,,,,2599399 - Fabricação de outros produtos de metal não especificados anteriormente,"2599301 - Serviços de confecção de armações metálicas para a construção; 3292202 - Fabricação de equipamentos e acessórios para segurança pessoal e profissional; 3299003 - Fabricação de letras, letreiros e placas de qualquer material, exceto luminosos; 3319800 - Manutenção e reparação de equipamentos e produtos não especificados anteriormente",False,baixa,Receita Federal (BrasilAPI),2026-09-28T10:41:36
02281515,02281515000132,"BASICA - CONSULTORIA, PLANEJAMENTO E PROJETOS LTDA",BASICA - ENGENHARIA & DESENVOLVIMENTO,ATIVA,Maceio,AL,"Avenida Dr Antonio Gouveia, 61, Sala 601 Edf Ocean Tower, Pajucara",57030170,(82) 3231-5546,,,,Claudia Maria Pereira De Melo,Sócio-Administrador,Claudia Maria Pereira De Melo (Sócio-Administrador),7112000 - Serviços de engenharia,"7111100 - Serviços de arquitetura; 7119799 - Atividades técnicas relacionadas à engenharia e arquitetura não especificadas anteriormente; 8230001 - Serviços de organização de feiras, congressos, exposições e festas; 4120400 - Construção de edifícios; 4213800 - Obras de urbanização - ruas, praças e calçadas; 6822600 - Gestão e administração da propriedade imobiliária",False,alta,Receita Federal (BrasilAPI),2026-09-28T10:41:37
02308956,02308956000180,"C2E - CLIMATIZACAO, ENGENHARIA E ENERGIA LTDA",,ATIVA,Maceio,AL,"Rua Barao De Atalaia, 615, Centro",57020510,(82) 2122-4466,,,,Hugo Henrique Veras Padilha,Administrador,Alcides Lima Vieira (Sócio); Hugo Henrique Veras Padilha (Administrador); L & L Participacoes S/A (Sócio); Luis Carlos Veras Padilha (Administrador); Marcos Maya De Omena Toledo (Administrador); Mm Participacoes Ltda (Sócio),"4322302 - Instalação e manutenção de sistemas centrais de ar condicionado, de ventilação e refrigeração","3314710 - Manutenção e reparação de máquinas e equipamentos para uso geral não especificados anteriormente; 4614100 - Representantes comerciais e agentes do comércio de máquinas, equipamentos, embarcações e aeronaves; 4753900 - Comércio varejista especializado de eletrodomésticos e equipamentos de áudio e vídeo; 7112000 - Serviços de engenharia",False,alta,Receita Federal (BrasilAPI),2026-09-28T10:41:39
02365095,02365095000172,INDUSTRIAS REUNIDAS BONA SORTE LTDA,PRODUTOS BONA SORTE,ATIVA,Palmeira Dos Indios,AL,"Avenida Rotary, 225, Palmeira De Fora",57608400,(82) 3429-1143,,,,Beatriz De Jesus Toledo,Sócio-Administrador,Beatriz De Jesus Toledo (Sócio-Administrador),1052000 - Fabricação de laticínios,"1033301 - Fabricação de sucos concentrados de frutas, hortaliças e legumes; 1051100 - Preparação do leite; 4631100 - Comércio atacadista de leite e laticínios; 4691500 - Comércio atacadista de mercadorias em geral, com predominância de produtos alimentícios",False,alta,Receita Federal (BrasilAPI),2026-09-28T10:41:40
02450234,02450234000166,"VDIP EMPREENDIMENTOS IMOBILIARIOS, CONSTRUCOES E NEGOCIOS LTDA",FIREMAN & PEIXOTO EMPREENDIMENTOS E NEGOCIOS,ATIVA,Maceio,AL,"Avenida Gov Osman Loureiro, 171, Sala 10, Mangabeiras",57037630,(82) 3357-8100,,,,Dalmo Martins Peixoto Neto,Sócio-Administrador,Dalmo Martins Peixoto Neto (Sócio-Administrador),4120400 - Construção de edifícios,4299501 - Construção de instalações esportivas e recreativas,False,alta,Receita Federal (BrasilAPI),2026-09-28T10:41:42
02460562,02460562000143,MILANO CONSTRUCOES LTDA,MILANO CONSTRUCOES,ATIVA,Maceio,AL,"Rua D, 38, Lote 12 C, Riacho Doce",57039548,(82) 3317-5951,(82) 3317-5952,,,Roberto Rivella,Sócio-Administrador,Alessandro Rivella (Sócio Pessoa Física Residente no Exterior); Roberto Rivella (Sócio-Administrador),4120400 - Construção de edifícios,,True,alta,Receita Federal (BrasilAPI),2026-09-28T10:41:43
02519101,02519101000107,CONSIM-CONSOR. P/DESENV. EXPAN. SHOP.IGUATEMI MACEIO,CONSIM,ATIVA,Maceio,AL,"Avenida Gustavo Paiva, 2990, Shopping Iguatemi, Mangabeiras",57036540,(08) 2357-1025,,,,,,Empi - Empreendimentos Imobiliarios Ltda (Sociedade Consorciada); Fundacao Petrobras De Seguridade Social Petros (Sociedade Consorciada); Irb-Brasil Resseguros S.A. (Sociedade Consorciada); Maceio Shopping Center Comercial Ltda. (Sociedade Consorciada),4120400 - Construção de edifícios,4299501 - Construção de instalações esportivas e recreativas,False,media,Receita Federal (BrasilAPI),2026-09-28T10:41:45
02539839,02539839000128,"MADENOBRE - COMERCIO, IMPORTACAO E EXPORTACAO LTDA",,ATIVA,Maceio,AL,"Avenida Juca Sampaio, 2817, Jacintinho",57040600,(82) 3320-1733,,,,Jose Robson Acioli,Sócio-Administrador,Jose Robson Acioli (Sócio-Administrador); Jose Robson Acioli Filho (Administrador); Maria Rosangela Cordeiro Da Silva (Administrador); Rubianny Julye De Moura Acioli (Administrador),1622602 - Fabricação de esquadrias de madeira e de peças de madeira para instalações industriais e comerciais,"4642702 - Comércio atacadista de roupas e acessórios para uso profissional e de segurança do trabalho; 4671100 - Comércio atacadista de madeira e produtos derivados; 4672900 - Comércio atacadista de ferragens e ferramentas; 4679601 - Comércio atacadista de tintas, vernizes e similares; 4679699 - Comércio atacadista de materiais de construção em geral; 4741500 - Comércio varejista de tintas e materiais para pintura; 4744001 - Comércio varejista de ferragens e ferramentas; 4744002 - Comércio varejista de madeira e artefatos; 4744099 - Comércio varejista de materiais de construção em geral; 4930201 - Transporte rodoviário de carga, exceto produtos perigosos e mudanças, municipal.; 4930202 - Transporte rodoviário de carga, exceto produtos perigosos e mudanças, intermunicipal, interestadual e internacional; 5211799 - Depósitos de mercadorias para terceiros, exceto armazéns gerais e guarda-móveis",False,alta,Receita Federal (BrasilAPI),2026-09-28T10:41:46
02736595,02736595000173,COPRA INDUSTRIA ALIMENTICIA LTDA,COPRA,ATIVA,Messias,AL,"Rodovia Br 101, Km 73, Parque Industrial Jose Aprigio Brandao Vilela, S/N, Lote 30-31A, Centro",57990000,(82) 4009-4000,,,,Helcio De Oliveira Junior,Sócio-Administrador,H D O Participacoes E Consultoria Ltda (Sócio); Helcio De Oliveira Junior (Sócio-Administrador),1069400 - Moagem e fabricação de produtos de origem vegetal não especificados anteriormente,"1066000 - Fabricação de alimentos para animais; 2063100 - Fabricação de cosméticos, produtos de perfumaria e de higiene pessoal; 2122000 - Fabricação de medicamentos para uso veterinário; 4623109 - Comércio atacadista de alimentos para animais; 4635499 - Comércio atacadista de bebidas não especificadas anteriormente; 4639701 - Comércio atacadista de produtos alimentícios em geral; 4644302 - Comércio atacadista de medicamentos e drogas de uso veterinário; 4646001 - Comércio atacadista de cosméticos e produtos de perfumaria; 4646002 - Comércio atacadista de produtos de higiene pessoal; 4729699 - Comércio varejista de produtos alimentícios em geral ou especializado em produtos alimentícios não especificados anteriormente; 4771704 - Comércio varejista de medicamentos veterinários; 4772500 - Comércio varejista de cosméticos, produtos de perfumaria e de higiene pessoal; 4930202 - Transporte rodoviário de carga, exceto produtos perigosos e mudanças, intermunicipal, interestadual e internacional; 5211799 - Depósitos de mercadorias para terceiros, exceto armazéns gerais e guarda-móveis",False,alta,Receita Federal (BrasilAPI),2026-09-28T10:41:47
02812703,02812703000140,ESTRUTURAL - ESTRUTURAS ESQUADRIAS E MONTAGENS LTDA,ESTRUTURAL,ATIVA,Maceio,AL,"Rua Luiz Clemente Vasconcelos, 255, Clima Bom",57080000,(08) 1983-6005,,,,Rogio Jose Oliveira Lima,Sócio-Administrador,Adriana Barbosa Da Paixao (Sócio); Rogio Jose Oliveira Lima (Sócio-Administrador),2511000 - Fabricação de estruturas metálicas,,False,alta,Receita Federal (BrasilAPI),2026-09-28T10:41:49
03041198,03041198000140,BORELLA EMPREENDIMENTOS LTDA,BORELLA EMPREENDIMENTOS,ATIVA,Maceio,AL,"Praca Dos Palmares, 36, E D G 5 A Sala 501, Centro",57020140,(82) 3021-8900,,,,Andre Borella Toledo De Albuquerque,Sócio-Administrador,Andre Borella Toledo De Albuquerque (Sócio-Administrador),4110700 - Incorporação de empreendimentos imobiliários,"6810201 - Compra e venda de imóveis próprios; 6462000 - Holdings de instituições não-financeiras; 7020400 - Atividades de consultoria em gestão empresarial, exceto consultoria técnica específica",False,alta,Receita Federal (BrasilAPI),2026-09-28T10:41:50
03264523,03264523000133,INVESTE PARTICIPACOES LTDA,,ATIVA,Maceio,AL,"Rua Engenheiro Mario De Gusmao, 988, Sala 233, Ponta Verde",57035000,(82) 3313-0135,(82) 3313-0136,,,Luciana Goncalves Tenorio,Sócio-Administrador,Luciana Goncalves Tenorio (Sócio-Administrador); Patricia Goncalves Tenorio (Sócio); Saga Participacoes E Investimentos Ltda (Sócio),4110700 - Incorporação de empreendimentos imobiliários,6462000 - Holdings de instituições não-financeiras; 6810201 - Compra e venda de imóveis próprios; 6810202 - Aluguel de imóveis próprios; 6810203 - Loteamento de imóveis próprios,False,alta,Receita Federal (BrasilAPI),2026-09-28T10:41:52
03340010,03340010000164,CONSTRUTORA B SANTOS LTDA - EM RECUPERACAO JUDICIAL,CONSTRUTORA BORGES & SANTOS,ATIVA,Maceio,AL,"Rua Jose Soares Sobrinho, 119, Sala 1101 Edif Empresarial Le Monde, Jatiuca",57036640,(82) 3325-2536,,,,Celia Maria Laurindo Pereira Santos,Sócio-Administrador,Celia Maria Laurindo Pereira Santos (Sócio-Administrador); Jose Carlos Borges Santos (Sócio-Administrador),4120400 - Construção de edifícios,"4110700 - Incorporação de empreendimentos imobiliários; 4211101 - Construção de rodovias e ferrovias; 4222701 - Construção de redes de abastecimento de água, coleta de esgoto e construções correlatas, exceto obras de irrigação; 4313400 - Obras de terraplenagem; 6810201 - Compra e venda de imóveis próprios; 6810203 - Loteamento de imóveis próprios; 6821801 - Corretagem na compra e venda e avaliação de imóveis; 7111100 - Serviços de arquitetura; 7112000 - Serviços de engenharia",False,alta,Receita Federal (BrasilAPI),2026-09-28T10:41:53
03357271,03357271000197,COOPERATIVA DOS ARTESAOS DA ILHA DO FERRO LIMITADA,ART-ILHA,ATIVA,Pao De Acucar,AL,"Ilha Do Ferro, S/N, Ilha Do Ferro",57400000,,,,,Poliana Lima Gomes,Presidente,Poliana Lima Gomes (Presidente),1351100 - Fabricação de artefatos têxteis para uso doméstico,,False,baixa,Receita Federal (BrasilAPI),2026-09-28T10:41:55
03558629,03558629000140,ALOES NORDESTE INDUSTRIA E COMERCIO DE DESCARTAVEIS LTDA - EM RECUPERACAO JUDICIAL,ALOES E ALOES NORDESTE INDUSTRIA E COMERCIO LTDA,ATIVA,Arapiraca,AL,"Rua Sao Francisco, 985, Centro",57300085,(21) 3219-3637,(21) 9693-9804,,,Altomir Regis Da Cunha,Sócio-Administrador,Aloes Industria E Comercio Ltda - Em Recuperacao Judicial (Sócio); Altomir Regis Da Cunha (Sócio-Administrador); Rozane Rangel Da Cunha (Administrador),"2063100 - Fabricação de cosméticos, produtos de perfumaria e de higiene pessoal",,False,alta,Receita Federal (BrasilAPI),2026-09-28T10:41:56
03619216,03619216000128,DECISAO ENGENHARIA LTDA.,DECISAO ENGENHARIA,ATIVA,Maceio,AL,"Rua Maria Laurinda Gomes, 67, Farol",57051670,(82) 3241-1001,,,,Gustavo Henrique Calheiros Da Silva,Sócio-Administrador,Gustavo Henrique Calheiros Da Silva (Sócio-Administrador); Lidiane Calheiros Da Silva Cavalcante (Sócio),4120400 - Construção de edifícios,4299501 - Construção de instalações esportivas e recreativas,False,alta,Receita Federal (BrasilAPI),2026-09-28T10:41:58
03713265,03713265000125,CONFERRAZ CONSTRUCOES LTDA,CONFERRAZ,ATIVA,Maceio,AL,"Rua Jose Pontes Magalhes, 63, Sala 01, Jatiuca",57036250,(08) 2326-1552,,,,Francisco De Sousa Ferraz,Sócio-Administrador,Francisco De Sousa Ferraz (Sócio-Administrador); Maria De Fatima Lisboa Ferraz (Sócio),4120400 - Construção de edifícios,4299501 - Construção de instalações esportivas e recreativas,False,alta,Receita Federal (BrasilAPI),2026-09-28T10:41:59
03714978,03714978000103,COMPANHIA DE AGUA E ESGOTO SANITARIO DE PILAR,CAEPIL,ATIVA,Pilar,AL,"Praca Marechal Floriano Peixoto, S/N, S/N, Centro",57150000,,,,,,,,"3600601 - Captação, tratamento e distribuição de água",,False,baixa,Receita Federal (BrasilAPI),2026-09-28T10:42:00
03773441,03773441000114,CAMBRA ENGENHARIA LTDA,,ATIVA,Maceio,AL,"Rua Dr Sebastiao Da Hora, 16, 1 Andar, Gruta De Lourdes",57036540,(82) 3338-3701,(82) 3221-1400,,,Felipe Basto Regis,Sócio-Administrador,Felipe Basto Regis (Sócio-Administrador),4120400 - Construção de edifícios,4299501 - Construção de instalações esportivas e recreativas,False,alta,Receita Federal (BrasilAPI),2026-09-28T10:42:02
03951809,03951809000197,PETROSYNERGY LTDA,,ATIVA,Maceio,AL,"Alameda Guiomar Omena, Sn, Anexo A, Petropolis",57062570,(82) 3332-2051,(82) 3332-2115,,,Sergio Jose Domingo Paez,Administrador,Petrogas Services Group Corp (Sócio Pessoa Jurídica Domiciliado no Exterior); Sergio Jose Domingo Paez (Administrador); Simone Michelle Paes Brandao Pinto (Administrador),600001 - Extração de petróleo e gás natural,4312600 - Perfurações e sondagens; 4930203 - Transporte rodoviário de produtos perigosos,False,alta,Receita Federal (BrasilAPI),2026-09-28T10:42:03
04090896,04090896000106,INCOFUJAL IND. E COM. DE FUMOS JANGADA LTDA,INCOFUJAL,ATIVA,Arapiraca,AL,"Rua Nossa Senhora Da Salete, 200, Povoado Pau Ferro",57319200,(82) 9970-7970,,,,Wirley Carvalho De Melo,Sócio-Administrador,Wirley Carvalho De Melo (Sócio-Administrador),"1220499 - Fabricação de outros produtos do fumo, exceto cigarros, cigarrilhas e charutos","4729601 - Tabacaria; 4930201 - Transporte rodoviário de carga, exceto produtos perigosos e mudanças, municipal.; 4930202 - Transporte rodoviário de carga, exceto produtos perigosos e mudanças, intermunicipal, interestadual e internacional",False,alta,Receita Federal (BrasilAPI),2026-09-28T10:42:05
04153675,04153675000121,HORIZON CONSTRUCOES E SERVICOS LTDA,HORIZON ENGENHARIA,ATIVA,Maceio,AL,"Rua Bernardo Lopes, 37, Quadraf, Pinheiro",57057030,(82) 9123-3375,,,,Fabio Araujo Monteiro Filho,Sócio-Administrador,Fabio Araujo Monteiro Filho (Sócio-Administrador),4120400 - Construção de edifícios,4299501 - Construção de instalações esportivas e recreativas,False,alta,Receita Federal (BrasilAPI),2026-09-28T10:42:06
04214831,04214831000117,TECNOSENGE TECNOLOGIA E SERVICOS DE ENGENHARIA LTDA,,ATIVA,Maceio,AL,"Rua Doutor Abelardo Pontes Lima, 499, Casa, Gruta De Lourdes",57052695,,,,,Andre Da Costa Colatino,Sócio-Administrador,Andre Da Costa Colatino (Sócio-Administrador); Antonio Colatino Ferreira (Sócio); Josefa Vania Da Costa Colatino (Sócio-Administrador); Mariana Da Costa Colatino (Sócio),7112000 - Serviços de engenharia,,False,baixa,Receita Federal (BrasilAPI),2026-09-28T10:42:08
04239330,04239330000195,BRAVA SERVICOS LTDA,BRAVA ASFALTOS,ATIVA,Pilar,AL,"Rodovia Br-101/Al Km 101,4, S/N, Mangabeira",57150000,(82) 9155-4718,,,,Carlos Fortes Melro Neto,Sócio-Administrador,Carlos Fortes Melro Neto (Sócio-Administrador),2399199 - Fabricação de outros produtos de minerais não-metálicos não especificados anteriormente,"4211101 - Construção de rodovias e ferrovias; 4213800 - Obras de urbanização - ruas, praças e calçadas; 4399105 - Perfuração e construção de poços de água; 4679699 - Comércio atacadista de materiais de construção em geral; 4684299 - Comércio atacadista de outros produtos químicos e petroquímicos não especificados anteriormente; 4687703 - Comércio atacadista de resíduos e sucatas metálicos; 4744099 - Comércio varejista de materiais de construção em geral; 4930202 - Transporte rodoviário de carga, exceto produtos perigosos e mudanças, intermunicipal, interestadual e internacional; 4930203 - Transporte rodoviário de produtos perigosos",False,alta,Receita Federal (BrasilAPI),2026-09-28T10:42:09
04246003,04246003000160,CERUTTI ENGENHARIA - EM RECUPERACAO JUDICIAL LTDA,,ATIVA,Maceio,AL,"Avenida Governador Osman Loureiro, 49, Sala 701, Mangabeiras",57036000,,,,,Gelson Luiz Cerutti,Sócio-Administrador,Gelson Luiz Cerutti (Sócio-Administrador),4120400 - Construção de edifícios,4299501 - Construção de instalações esportivas e recreativas,False,baixa,Receita Federal (BrasilAPI),2026-09-28T10:42:10
04248044,04248044000196,ONDA VERDE AGROCOMERCIAL S/A,,ATIVA,Maceio,AL,"Rua Comendador Palmeira, 484, Farol",57051150,(17) 9138-0005,,,,Paulo Roberto Martinez,Diretor,Paulo Roberto Martinez (Diretor); Sebastiao Claudio Andrade Dos Santos (Diretor),1071600 - Fabricação de açúcar em bruto,,False,alta,Receita Federal (BrasilAPI),2026-09-28T10:42:12
04254345,04254345000122,INDUSTRIA DE LATICINIOS MURICI LTDA,,ATIVA,Murici,AL,"Br 104, S/N, Lote 17, Zona Rural",57820000,(82) 8235-2308,,,,Aloisio Ernani Torres De Oliveira,Sócio-Administrador,Aloisio Ernani Torres De Oliveira (Sócio-Administrador),1052000 - Fabricação de laticínios,"1033301 - Fabricação de sucos concentrados de frutas, hortaliças e legumes; 1051100 - Preparação do leite; 4631100 - Comércio atacadista de leite e laticínios; 8292000 - Envasamento e empacotamento sob contrato",False,alta,Receita Federal (BrasilAPI),2026-09-28T10:42:13
04263057,04263057000134,MARROQUIM ENGENHARIA LTDA - EM RECUPERACAO JUDICIAL,MARROQUIM ENGENHARIA,ATIVA,Maceio,AL,"Avenida Governador Osman Loureiro, 49, Sala 901, Mangabeiras",57037630,(82) 3346-0330,,,,Mario Marroquim Do Nascimento Neto,Sócio-Administrador,Mario Marroquim Do Nascimento Neto (Sócio-Administrador),4120400 - Construção de edifícios,3811400 - Coleta de resíduos não-perigosos; 4110700 - Incorporação de empreendimentos imobiliários; 4399101 - Administração de obras; 6810201 - Compra e venda de imóveis próprios; 6810202 - Aluguel de imóveis próprios; 7112000 - Serviços de engenharia; 7732202 - Aluguel de andaimes; 8121400 - Limpeza em prédios e em domicílios,False,alta,Receita Federal (BrasilAPI),2026-09-28T10:42:15
04274992,04274992000104,LOCADORA GARANTIA LTDA,GARANTIA,ATIVA,Maceio,AL,"Avenida Belmiro Amorim, 107, Tabuleiro Do Martins",57071280,,,,,Jose Aureliano Da Silva,Sócio-Administrador,Jose Aureliano Da Silva (Sócio-Administrador); Jose Maria Claudio Dos Santos (Sócio-Administrador),4313400 - Obras de terraplenagem,4311801 - Demolição de edifícios e outras estruturas; 4330404 - Serviços de pintura de edifícios em geral; 4330405 - Aplicação de revestimentos e de resinas em interiores e exteriores; 4391600 - Obras de fundações; 4399104 - Serviços de operação e fornecimento de equipamentos para transporte e elevação de cargas e pessoas para uso em obras; 4399199 - Serviços especializados para construção não especificados anteriormente,False,baixa,Receita Federal (BrasilAPI),2026-09-28T10:42:16
04301914,04301914000143,SERVICO AUTONOMO DE AGUA E ESGOTO - SAAE,SAAE,ATIVA,Porto Real Do Colegio,AL,"Rua Da Aurora, 795, Centro",57290000,(08) 2553-1227,,,,,,,"3600601 - Captação, tratamento e distribuição de água",,False,media,Receita Federal (BrasilAPI),2026-09-28T10:42:18
04308836,04308836000109,"COMPANHIA DE EDICAO, IMPRESSAO E PUBLICACAO DE ALAGOAS - CEPAL",IMPRENSA OFICIAL GRACILIANO RAMOS,ATIVA,Maceio,AL,"Avenida Fernandes Lima, S/N, Gruta De Lourdes",57052403,(82) 3315-8341,(82) 3315-8300,,,Mauricio Cavalcante Bugarim,Presidente,Jose Otilio Damas Dos Santos (Diretor); Mauricio Cavalcante Bugarim (Presidente); Sidney Bueno Dos Santos (Diretor),1811301 - Impressão de jornais,"1811302 - Impressão de livros, revistas e outras publicações periódicas; 1813001 - Impressão de material para uso publicitário; 1813099 - Impressão de material para outros usos; 1822901 - Serviços de encadernação e plastificação; 5211702 - Guarda-móveis; 5211799 - Depósitos de mercadorias para terceiros, exceto armazéns gerais e guarda-móveis; 5811500 - Edição de livros; 5812301 - Edição de jornais diários; 5821200 - Edição integrada à impressão de livros; 5822101 - Edição integrada à impressão de jornais diários; 5823900 - Edição integrada à impressão de revistas; 6311900 - Tratamento de dados, provedores de serviços de aplicação e serviços de hospedagem na internet; 6319400 - Portais, provedores de conteúdo e outros serviços de informação na internet; 7420005 - Serviços de microfilmagem",False,alta,Receita Federal (BrasilAPI),2026-09-28T10:42:19
04311970,04311970000169,G CONSTRUCOES LTDA,G CONSTRUCOES,ATIVA,Maceio,AL,"Rua Helena Costa Tenorio, 12, Santa Lucia",57082208,(82) 9622-5767,,,,Atonis Da Costa Azevedo,Sócio-Administrador,Atonis Da Costa Azevedo (Sócio-Administrador),4221902 - Construção de estações e redes de distribuição de energia elétrica,"4120400 - Construção de edifícios; 4213800 - Obras de urbanização - ruas, praças e calçadas; 4222701 - Construção de redes de abastecimento de água, coleta de esgoto e construções correlatas, exceto obras de irrigação; 4313400 - Obras de terraplenagem; 4321500 - Instalação e manutenção elétrica; 4399104 - Serviços de operação e fornecimento de equipamentos para transporte e elevação de cargas e pessoas para uso em obras; 7112000 - Serviços de engenharia; 7119701 - Serviços de cartografia, topografia e geodésia; 7119703 - Serviços de desenho técnico relacionados à arquitetura e engenharia",False,alta,Receita Federal (BrasilAPI),2026-09-28T10:42:21
